variant,profile,view,list_type,top,holding,period,days,mean_slot_pct,t_slot,mean_unfilled_pct,hit_rate,median_listed,days_short,turnover
d12m1,aggressive,long,mixed,10,5,ALL,148,0.03,0.1,0.027,0.463,10.0,0,0.613
d12m1,aggressive,long,mixed,10,5,P1,63,-0.032,-0.09,-0.032,0.433,10,0,0.608
d12m1,aggressive,long,mixed,10,5,P2,85,0.075,0.16,0.071,0.486,10,0,0.615
d12m1,aggressive,long,mixed,10,5,2023,12,-0.284,-0.44,-0.284,0.425,10.0,0,0.609
d12m1,aggressive,long,mixed,10,5,2024,51,0.028,0.07,0.028,0.435,10,0,0.602
d12m1,aggressive,long,mixed,10,5,2025,50,0.113,0.25,0.116,0.483,10.0,0,0.606
d12m1,aggressive,long,mixed,10,5,2026,35,0.021,0.02,0.006,0.489,10,0,0.629
d12m1,aggressive,long,mixed,10,20,ALL,145,-0.084,-0.12,-0.087,0.423,10,0,0.61
d12m1,aggressive,long,mixed,10,20,P1,63,0.304,0.29,0.304,0.413,10,0,0.608
d12m1,aggressive,long,mixed,10,20,P2,82,-0.382,-0.41,-0.388,0.43,10.0,0,0.611
d12m1,aggressive,long,mixed,10,20,2023,12,-2.051,-2.44,-2.051,0.35,10.0,0,0.609
d12m1,aggressive,long,mixed,10,20,2024,51,0.859,0.7,0.859,0.427,10,0,0.602
d12m1,aggressive,long,mixed,10,20,2025,50,-0.532,-0.49,-0.544,0.403,10.0,0,0.606
d12m1,aggressive,long,mixed,10,20,2026,32,-0.149,-0.09,-0.145,0.473,10.0,0,0.619
d12m1,aggressive,long,mixed,10,63,ALL,137,0.094,0.06,0.094,0.396,10,0,0.605
d12m1,aggressive,long,mixed,10,63,P1,63,0.861,0.7,0.861,0.379,10,0,0.608
d12m1,aggressive,long,mixed,10,63,P2,74,-0.559,-0.2,-0.558,0.41,10.0,0,0.601
d12m1,aggressive,long,mixed,10,63,2023,12,1.558,1.56,1.558,0.408,10.0,0,0.609
d12m1,aggressive,long,mixed,10,63,2024,51,0.696,0.48,0.696,0.373,10,0,0.602
d12m1,aggressive,long,mixed,10,63,2025,50,1.244,0.35,1.22,0.438,10.0,0,0.606
d12m1,aggressive,long,mixed,10,63,2026,24,-4.314,-1.04,-4.264,0.352,10.0,0,0.591
d12m1,aggressive,long,mixed,20,5,ALL,148,0.111,0.45,0.11,0.477,20.0,0,0.582
d12m1,aggressive,long,mixed,20,5,P1,63,0.118,0.38,0.118,0.442,20,0,0.573
d12m1,aggressive,long,mixed,20,5,P2,85,0.105,0.29,0.104,0.502,20,0,0.588
d12m1,aggressive,long,mixed,20,5,2023,12,-0.138,-0.29,-0.138,0.438,20.0,0,0.577
d12m1,aggressive,long,mixed,20,5,2024,51,0.178,0.48,0.179,0.444,20,0,0.573
d12m1,aggressive,long,mixed,20,5,2025,50,0.198,0.54,0.202,0.502,20.0,0,0.582
d12m1,aggressive,long,mixed,20,5,2026,35,-0.028,-0.04,-0.038,0.503,20,0,0.603
d12m1,aggressive,long,mixed,20,20,ALL,145,0.083,0.13,0.083,0.431,20,0,0.58
d12m1,aggressive,long,mixed,20,20,P1,63,0.258,0.31,0.261,0.408,20,0,0.573
d12m1,aggressive,long,mixed,20,20,P2,82,-0.051,-0.05,-0.053,0.448,20.0,0,0.585
d12m1,aggressive,long,mixed,20,20,2023,12,-0.99,-1.42,-0.99,0.4,20.0,0,0.577
d12m1,aggressive,long,mixed,20,20,2024,51,0.551,0.54,0.556,0.41,20,0,0.573
d12m1,aggressive,long,mixed,20,20,2025,50,0.237,0.2,0.237,0.447,20.0,0,0.582
d12m1,aggressive,long,mixed,20,20,2026,32,-0.501,-0.33,-0.508,0.448,20.0,0,0.597
d12m1,aggressive,long,mixed,20,63,ALL,137,0.51,0.29,0.521,0.409,20,0,0.575
d12m1,aggressive,long,mixed,20,63,P1,63,0.619,0.56,0.626,0.385,20,0,0.573
d12m1,aggressive,long,mixed,20,63,P2,74,0.417,0.13,0.432,0.429,20.0,0,0.576
d12m1,aggressive,long,mixed,20,63,2023,12,1.461,2.28,1.461,0.413,20.0,0,0.577
d12m1,aggressive,long,mixed,20,63,2024,51,0.42,0.32,0.43,0.379,20,0,0.573
d12m1,aggressive,long,mixed,20,63,2025,50,2.643,0.69,2.665,0.466,20.0,0,0.582
d12m1,aggressive,long,mixed,20,63,2026,24,-4.22,-0.89,-4.219,0.352,20.0,0,0.572
d12m1,aggressive,long,stock,10,5,ALL,148,-0.0,-0.0,-0.003,0.476,10.0,0,0.607
d12m1,aggressive,long,stock,10,5,P1,63,0.033,0.09,0.033,0.462,10,0,0.613
d12m1,aggressive,long,stock,10,5,P2,85,-0.025,-0.05,-0.029,0.487,10,0,0.602
d12m1,aggressive,long,stock,10,5,2023,12,-0.334,-0.46,-0.334,0.45,10.0,0,0.6
d12m1,aggressive,long,stock,10,5,2024,51,0.119,0.28,0.119,0.465,10,0,0.614
d12m1,aggressive,long,stock,10,5,2025,50,-0.074,-0.16,-0.071,0.493,10.0,0,0.6
d12m1,aggressive,long,stock,10,5,2026,35,0.046,0.05,0.031,0.478,10,0,0.606
d12m1,aggressive,long,stock,10,20,ALL,145,-0.022,-0.03,-0.025,0.457,10,0,0.607
d12m1,aggressive,long,stock,10,20,P1,63,0.964,0.91,0.964,0.505,10,0,0.613
d12m1,aggressive,long,stock,10,20,P2,82,-0.78,-0.8,-0.785,0.42,10.0,0,0.601
d12m1,aggressive,long,stock,10,20,2023,12,-2.142,-2.25,-2.142,0.367,10.0,0,0.6
d12m1,aggressive,long,stock,10,20,2024,51,1.695,1.38,1.695,0.537,10,0,0.614
d12m1,aggressive,long,stock,10,20,2025,50,-0.99,-0.9,-1.002,0.405,10.0,0,0.6
d12m1,aggressive,long,stock,10,20,2026,32,-0.451,-0.25,-0.447,0.445,10.0,0,0.603
d12m1,aggressive,long,stock,10,63,ALL,137,1.078,0.64,1.078,0.441,10,0,0.606
d12m1,aggressive,long,stock,10,63,P1,63,2.83,2.65,2.83,0.475,10,0,0.613
d12m1,aggressive,long,stock,10,63,P2,74,-0.414,-0.14,-0.414,0.412,10.0,0,0.599
d12m1,aggressive,long,stock,10,63,2023,12,3.189,2.64,3.189,0.467,10.0,0,0.6
d12m1,aggressive,long,stock,10,63,2024,51,2.745,2.24,2.745,0.476,10,0,0.614
d12m1,aggressive,long,stock,10,63,2025,50,1.274,0.36,1.251,0.436,10.0,0,0.6
d12m1,aggressive,long,stock,10,63,2026,24,-3.931,-0.88,-3.881,0.36,10.0,0,0.596
d12m1,aggressive,long,stock,20,5,ALL,148,0.174,0.69,0.173,0.491,20.0,1,0.574
d12m1,aggressive,long,stock,20,5,P1,63,0.229,0.72,0.23,0.482,20,0,0.575
d12m1,aggressive,long,stock,20,5,P2,85,0.133,0.36,0.132,0.497,20,1,0.574
d12m1,aggressive,long,stock,20,5,2023,12,-0.133,-0.26,-0.133,0.471,20.0,0,0.545
d12m1,aggressive,long,stock,20,5,2024,51,0.314,0.85,0.315,0.485,20,0,0.583
d12m1,aggressive,long,stock,20,5,2025,50,0.236,0.65,0.239,0.498,20.0,1,0.573
d12m1,aggressive,long,stock,20,5,2026,35,-0.013,-0.02,-0.023,0.496,20,0,0.578
d12m1,aggressive,long,stock,20,20,ALL,145,0.386,0.61,0.381,0.468,20,1,0.574
d12m1,aggressive,long,stock,20,20,P1,63,0.808,0.95,0.811,0.493,20,0,0.575
d12m1,aggressive,long,stock,20,20,P2,82,0.062,0.07,0.049,0.448,20.0,1,0.573
d12m1,aggressive,long,stock,20,20,2023,12,-0.98,-1.05,-0.98,0.421,20.0,0,0.545
d12m1,aggressive,long,stock,20,20,2024,51,1.229,1.23,1.233,0.509,20,0,0.583
d12m1,aggressive,long,stock,20,20,2025,50,0.469,0.43,0.452,0.456,20.0,1,0.573
d12m1,aggressive,long,stock,20,20,2026,32,-0.573,-0.36,-0.579,0.437,20.0,0,0.577
d12m1,aggressive,long,stock,20,63,ALL,137,1.72,0.99,1.698,0.454,20,1,0.572
d12m1,aggressive,long,stock,20,63,P1,63,2.675,2.43,2.683,0.477,20,0,0.575
d12m1,aggressive,long,stock,20,63,P2,74,0.906,0.3,0.859,0.434,20.0,1,0.569
d12m1,aggressive,long,stock,20,63,2023,12,4.577,2.71,4.577,0.471,20.0,0,0.545
d12m1,aggressive,long,stock,20,63,2024,51,2.228,2.0,2.237,0.478,20,0,0.583
d12m1,aggressive,long,stock,20,63,2025,50,3.467,0.98,3.397,0.475,20.0,1,0.573
d12m1,aggressive,long,stock,20,63,2026,24,-4.429,-0.92,-4.428,0.35,20.0,0,0.565
d12m1,aggressive,mid,mixed,10,5,ALL,148,0.207,0.71,0.21,0.469,10.0,0,0.639
d12m1,aggressive,mid,mixed,10,5,P1,63,-0.025,-0.07,-0.023,0.426,10,0,0.619
d12m1,aggressive,mid,mixed,10,5,P2,85,0.378,0.88,0.383,0.5,10,0,0.654
d12m1,aggressive,mid,mixed,10,5,2023,12,-0.214,-0.33,-0.214,0.408,10.0,0,0.609
d12m1,aggressive,mid,mixed,10,5,2024,51,0.02,0.05,0.022,0.431,10,0,0.618
d12m1,aggressive,mid,mixed,10,5,2025,50,0.481,1.09,0.498,0.499,10.0,0,0.633
d12m1,aggressive,mid,mixed,10,5,2026,35,0.231,0.28,0.22,0.501,10,0,0.682
d12m1,aggressive,mid,mixed,10,20,ALL,145,-0.163,-0.24,-0.168,0.415,10,0,0.637
d12m1,aggressive,mid,mixed,10,20,P1,63,0.231,0.22,0.234,0.393,10,0,0.619
d12m1,aggressive,mid,mixed,10,20,P2,82,-0.466,-0.53,-0.478,0.433,10.0,0,0.651
d12m1,aggressive,mid,mixed,10,20,2023,12,-1.78,-2.92,-1.78,0.342,10.0,0,0.609
d12m1,aggressive,mid,mixed,10,20,2024,51,0.704,0.56,0.708,0.405,10,0,0.618
d12m1,aggressive,mid,mixed,10,20,2025,50,-0.543,-0.48,-0.564,0.409,10.0,0,0.633
d12m1,aggressive,mid,mixed,10,20,2026,32,-0.347,-0.24,-0.343,0.47,10.0,0,0.677
d12m1,aggressive,mid,mixed,10,63,ALL,137,0.007,0.0,0.008,0.384,10,0,0.63
d12m1,aggressive,mid,mixed,10,63,P1,63,1.227,0.92,1.24,0.371,10,0,0.619
d12m1,aggressive,mid,mixed,10,63,P2,74,-1.031,-0.37,-1.041,0.395,10.0,0,0.638
d12m1,aggressive,mid,mixed,10,63,2023,12,1.14,0.86,1.14,0.375,10.0,0,0.609
d12m1,aggressive,mid,mixed,10,63,2024,51,1.247,0.78,1.264,0.37,10,0,0.618
d12m1,aggressive,mid,mixed,10,63,2025,50,0.771,0.22,0.728,0.424,10.0,0,0.633
d12m1,aggressive,mid,mixed,10,63,2026,24,-4.785,-1.21,-4.727,0.335,10.0,0,0.648
d12m1,aggressive,mid,mixed,20,5,ALL,148,0.002,0.01,0.001,0.477,20.0,0,0.612
d12m1,aggressive,mid,mixed,20,5,P1,63,0.103,0.35,0.104,0.442,20,0,0.606
d12m1,aggressive,mid,mixed,20,5,P2,85,-0.072,-0.2,-0.075,0.503,20,0,0.617
d12m1,aggressive,mid,mixed,20,5,2023,12,-0.128,-0.29,-0.128,0.4,20.0,0,0.614
d12m1,aggressive,mid,mixed,20,5,2024,51,0.157,0.46,0.158,0.452,20,0,0.604
d12m1,aggressive,mid,mixed,20,5,2025,50,-0.002,-0.01,0.003,0.504,20.0,0,0.604
d12m1,aggressive,mid,mixed,20,5,2026,35,-0.174,-0.25,-0.186,0.501,20,0,0.641
d12m1,aggressive,mid,mixed,20,20,ALL,145,-0.233,-0.38,-0.231,0.423,20,0,0.61
d12m1,aggressive,mid,mixed,20,20,P1,63,-0.02,-0.03,-0.016,0.397,20,0,0.606
d12m1,aggressive,mid,mixed,20,20,P2,82,-0.397,-0.44,-0.397,0.443,20.0,0,0.613
d12m1,aggressive,mid,mixed,20,20,2023,12,-1.302,-3.48,-1.302,0.367,20.0,0,0.614
d12m1,aggressive,mid,mixed,20,20,2024,51,0.282,0.3,0.287,0.405,20,0,0.604
d12m1,aggressive,mid,mixed,20,20,2025,50,-0.192,-0.17,-0.185,0.448,20.0,0,0.604
d12m1,aggressive,mid,mixed,20,20,2026,32,-0.718,-0.48,-0.729,0.436,20.0,0,0.632
d12m1,aggressive,mid,mixed,20,63,ALL,137,-0.388,-0.22,-0.376,0.392,20,0,0.605
d12m1,aggressive,mid,mixed,20,63,P1,63,-0.288,-0.3,-0.28,0.362,20,0,0.606
d12m1,aggressive,mid,mixed,20,63,P2,74,-0.474,-0.15,-0.457,0.418,20.0,0,0.604
d12m1,aggressive,mid,mixed,20,63,2023,12,0.079,0.12,0.079,0.375,20.0,0,0.614
d12m1,aggressive,mid,mixed,20,63,2024,51,-0.375,-0.33,-0.365,0.359,20,0,0.604
d12m1,aggressive,mid,mixed,20,63,2025,50,1.906,0.49,1.931,0.457,20.0,0,0.604
d12m1,aggressive,mid,mixed,20,63,2026,24,-5.43,-1.3,-5.432,0.338,20.0,0,0.611
d12m1,aggressive,mid,stock,10,5,ALL,148,0.163,0.54,0.165,0.482,10.0,0,0.642
d12m1,aggressive,mid,stock,10,5,P1,63,0.029,0.08,0.03,0.461,10,0,0.639
d12m1,aggressive,mid,stock,10,5,P2,85,0.263,0.58,0.265,0.497,10,0,0.644
d12m1,aggressive,mid,stock,10,5,2023,12,0.041,0.06,0.041,0.467,10.0,0,0.6
d12m1,aggressive,mid,stock,10,5,2024,51,0.026,0.06,0.028,0.46,10,0,0.646
d12m1,aggressive,mid,stock,10,5,2025,50,0.384,0.82,0.4,0.513,10.0,0,0.629
d12m1,aggressive,mid,stock,10,5,2026,35,0.09,0.1,0.073,0.474,10,0,0.665
d12m1,aggressive,mid,stock,10,20,ALL,145,-0.126,-0.18,-0.134,0.451,10,0,0.641
d12m1,aggressive,mid,stock,10,20,P1,63,0.797,0.76,0.801,0.493,10,0,0.639
d12m1,aggressive,mid,stock,10,20,P2,82,-0.835,-0.88,-0.852,0.42,10.0,0,0.642
d12m1,aggressive,mid,stock,10,20,2023,12,-1.726,-2.13,-1.726,0.358,10.0,0,0.6
d12m1,aggressive,mid,stock,10,20,2024,51,1.391,1.12,1.396,0.525,10,0,0.646
d12m1,aggressive,mid,stock,10,20,2025,50,-0.938,-0.83,-0.959,0.405,10.0,0,0.629
d12m1,aggressive,mid,stock,10,20,2026,32,-0.676,-0.4,-0.685,0.443,10.0,0,0.661
d12m1,aggressive,mid,stock,10,63,ALL,137,0.762,0.46,0.759,0.434,10,0,0.638
d12m1,aggressive,mid,stock,10,63,P1,63,2.76,2.31,2.773,0.472,10,0,0.639
d12m1,aggressive,mid,stock,10,63,P2,74,-0.939,-0.34,-0.955,0.401,10.0,0,0.636
d12m1,aggressive,mid,stock,10,63,2023,12,1.841,1.24,1.841,0.433,10.0,0,0.6
d12m1,aggressive,mid,stock,10,63,2024,51,2.976,2.14,2.992,0.481,10,0,0.646
d12m1,aggressive,mid,stock,10,63,2025,50,0.932,0.27,0.89,0.434,10.0,0,0.629
d12m1,aggressive,mid,stock,10,63,2026,24,-4.838,-1.13,-4.798,0.333,10.0,0,0.648
d12m1,aggressive,mid,stock,20,5,ALL,148,0.043,0.17,0.039,0.49,20.0,1,0.61
d12m1,aggressive,mid,stock,20,5,P1,63,0.148,0.48,0.149,0.479,20,0,0.617
d12m1,aggressive,mid,stock,20,5,P2,85,-0.036,-0.1,-0.043,0.499,20,1,0.605
d12m1,aggressive,mid,stock,20,5,2023,12,-0.223,-0.42,-0.223,0.458,20.0,0,0.586
d12m1,aggressive,mid,stock,20,5,2024,51,0.236,0.66,0.236,0.484,20,0,0.626
d12m1,aggressive,mid,stock,20,5,2025,50,0.057,0.15,0.053,0.501,20.0,1,0.603
d12m1,aggressive,mid,stock,20,5,2026,35,-0.168,-0.23,-0.179,0.495,20,0,0.612
d12m1,aggressive,mid,stock,20,20,ALL,145,0.167,0.27,0.158,0.467,20,1,0.61
d12m1,aggressive,mid,stock,20,20,P1,63,0.688,0.84,0.692,0.494,20,0,0.617
d12m1,aggressive,mid,stock,20,20,P2,82,-0.232,-0.26,-0.252,0.447,20.0,1,0.605
d12m1,aggressive,mid,stock,20,20,2023,12,-0.662,-0.88,-0.662,0.417,20.0,0,0.586
d12m1,aggressive,mid,stock,20,20,2024,51,1.005,1.02,1.01,0.512,20,0,0.626
d12m1,aggressive,mid,stock,20,20,2025,50,-0.017,-0.02,-0.042,0.455,20.0,1,0.603
d12m1,aggressive,mid,stock,20,20,2026,32,-0.569,-0.36,-0.579,0.434,20.0,0,0.613
d12m1,aggressive,mid,stock,20,63,ALL,137,1.082,0.63,1.056,0.444,20,1,0.607
d12m1,aggressive,mid,stock,20,63,P1,63,2.006,2.12,2.014,0.462,20,0,0.617
d12m1,aggressive,mid,stock,20,63,P2,74,0.294,0.1,0.239,0.428,20.0,1,0.6
d12m1,aggressive,mid,stock,20,63,2023,12,3.239,3.72,3.239,0.454,20.0,0,0.586
d12m1,aggressive,mid,stock,20,63,2024,51,1.716,1.63,1.726,0.464,20,0,0.626
d12m1,aggressive,mid,stock,20,63,2025,50,2.822,0.79,2.743,0.471,20.0,1,0.603
d12m1,aggressive,mid,stock,20,63,2026,24,-4.973,-1.06,-4.976,0.338,20.0,0,0.6
d12m1,aggressive,short,mixed,10,5,ALL,148,-0.115,-0.45,-0.109,0.464,10.0,0,0.726
d12m1,aggressive,short,mixed,10,5,P1,63,-0.059,-0.16,-0.059,0.413,10,0,0.706
d12m1,aggressive,short,mixed,10,5,P2,85,-0.157,-0.45,-0.145,0.502,10,0,0.738
d12m1,aggressive,short,mixed,10,5,2023,12,-0.362,-0.58,-0.362,0.383,10.0,0,0.673
d12m1,aggressive,short,mixed,10,5,2024,51,0.012,0.03,0.012,0.42,10,0,0.714
d12m1,aggressive,short,mixed,10,5,2025,50,0.131,0.33,0.151,0.519,10.0,0,0.714
d12m1,aggressive,short,mixed,10,5,2026,35,-0.568,-0.92,-0.568,0.477,10,0,0.771
d12m1,aggressive,short,mixed,10,20,ALL,145,-0.513,-0.79,-0.515,0.414,10,0,0.725
d12m1,aggressive,short,mixed,10,20,P1,63,0.013,0.01,0.013,0.398,10,0,0.706
d12m1,aggressive,short,mixed,10,20,P2,82,-0.917,-1.03,-0.921,0.426,10.0,0,0.737
d12m1,aggressive,short,mixed,10,20,2023,12,-1.866,-3.6,-1.866,0.342,10.0,0,0.673
d12m1,aggressive,short,mixed,10,20,2024,51,0.455,0.4,0.455,0.412,10,0,0.714
d12m1,aggressive,short,mixed,10,20,2025,50,-0.505,-0.43,-0.511,0.428,10.0,0,0.714
d12m1,aggressive,short,mixed,10,20,2026,32,-1.561,-1.19,-1.561,0.422,10.0,0,0.771
d12m1,aggressive,short,mixed,10,63,ALL,137,-1.243,-0.79,-1.231,0.374,10,0,0.718
d12m1,aggressive,short,mixed,10,63,P1,63,-0.561,-0.46,-0.561,0.349,10,0,0.706
d12m1,aggressive,short,mixed,10,63,P2,74,-1.823,-0.68,-1.8,0.396,10.0,0,0.726
d12m1,aggressive,short,mixed,10,63,2023,12,-1.168,-1.23,-1.168,0.292,10.0,0,0.673
d12m1,aggressive,short,mixed,10,63,2024,51,-0.418,-0.28,-0.418,0.363,10,0,0.714
d12m1,aggressive,short,mixed,10,63,2025,50,0.144,0.04,0.176,0.428,10.0,0,0.714
d12m1,aggressive,short,mixed,10,63,2026,24,-5.919,-2.63,-5.919,0.329,10.0,0,0.748
d12m1,aggressive,short,mixed,20,5,ALL,148,0.081,0.39,0.083,0.476,20.0,0,0.664
d12m1,aggressive,short,mixed,20,5,P1,63,0.123,0.42,0.123,0.442,20,0,0.652
d12m1,aggressive,short,mixed,20,5,P2,85,0.05,0.17,0.054,0.501,20,0,0.672
d12m1,aggressive,short,mixed,20,5,2023,12,-0.152,-0.31,-0.152,0.425,20.0,0,0.618
d12m1,aggressive,short,mixed,20,5,2024,51,0.187,0.54,0.188,0.447,20,0,0.659
d12m1,aggressive,short,mixed,20,5,2025,50,0.26,0.79,0.267,0.508,20.0,0,0.658
d12m1,aggressive,short,mixed,20,5,2026,35,-0.25,-0.47,-0.25,0.491,20,0,0.691
d12m1,aggressive,short,mixed,20,20,ALL,145,-0.572,-1.08,-0.57,0.416,20,0,0.662
d12m1,aggressive,short,mixed,20,20,P1,63,-0.266,-0.35,-0.265,0.387,20,0,0.652
d12m1,aggressive,short,mixed,20,20,P2,82,-0.807,-1.11,-0.804,0.438,20.0,0,0.67
d12m1,aggressive,short,mixed,20,20,2023,12,-1.418,-2.14,-1.418,0.346,20.0,0,0.618
d12m1,aggressive,short,mixed,20,20,2024,51,0.005,0.01,0.006,0.397,20,0,0.659
d12m1,aggressive,short,mixed,20,20,2025,50,-0.137,-0.14,-0.133,0.446,20.0,0,0.658
d12m1,aggressive,short,mixed,20,20,2026,32,-1.854,-1.97,-1.854,0.425,20.0,0,0.687
d12m1,aggressive,short,mixed,20,63,ALL,137,-1.485,-0.93,-1.472,0.377,20,0,0.66
d12m1,aggressive,short,mixed,20,63,P1,63,-1.235,-1.31,-1.234,0.347,20,0,0.652
d12m1,aggressive,short,mixed,20,63,P2,74,-1.698,-0.6,-1.675,0.403,20.0,0,0.667
d12m1,aggressive,short,mixed,20,63,2023,12,-1.302,-1.94,-1.302,0.337,20.0,0,0.618
d12m1,aggressive,short,mixed,20,63,2024,51,-1.219,-1.05,-1.218,0.349,20,0,0.659
d12m1,aggressive,short,mixed,20,63,2025,50,1.116,0.32,1.15,0.451,20.0,0,0.658
d12m1,aggressive,short,mixed,20,63,2026,24,-7.561,-3.37,-7.561,0.304,20.0,0,0.685
d12m1,aggressive,short,stock,10,5,ALL,148,-0.143,-0.54,-0.137,0.481,10.0,0,0.746
d12m1,aggressive,short,stock,10,5,P1,63,0.022,0.06,0.022,0.463,10,0,0.74
d12m1,aggressive,short,stock,10,5,P2,85,-0.266,-0.71,-0.254,0.495,10,0,0.749
d12m1,aggressive,short,stock,10,5,2023,12,-0.013,-0.02,-0.013,0.458,10.0,0,0.664
d12m1,aggressive,short,stock,10,5,2024,51,0.03,0.07,0.03,0.465,10,0,0.754
d12m1,aggressive,short,stock,10,5,2025,50,-0.017,-0.04,0.002,0.523,10.0,0,0.737
d12m1,aggressive,short,stock,10,5,2026,35,-0.62,-0.99,-0.62,0.454,10,0,0.762
d12m1,aggressive,short,stock,10,20,ALL,145,-0.622,-0.97,-0.624,0.444,10,0,0.745
d12m1,aggressive,short,stock,10,20,P1,63,0.283,0.31,0.283,0.483,10,0,0.74
d12m1,aggressive,short,stock,10,20,P2,82,-1.318,-1.51,-1.321,0.415,10.0,0,0.747
d12m1,aggressive,short,stock,10,20,2023,12,-1.563,-2.31,-1.563,0.375,10.0,0,0.664
d12m1,aggressive,short,stock,10,20,2024,51,0.718,0.66,0.718,0.508,10,0,0.754
d12m1,aggressive,short,stock,10,20,2025,50,-0.906,-0.77,-0.912,0.422,10.0,0,0.737
d12m1,aggressive,short,stock,10,20,2026,32,-1.962,-1.54,-1.962,0.403,10.0,0,0.758
d12m1,aggressive,short,stock,10,63,ALL,137,-0.603,-0.37,-0.591,0.416,10,0,0.743
d12m1,aggressive,short,stock,10,63,P1,63,1.044,0.94,1.044,0.44,10,0,0.74
d12m1,aggressive,short,stock,10,63,P2,74,-2.005,-0.73,-1.982,0.396,10.0,0,0.742
d12m1,aggressive,short,stock,10,63,2023,12,1.088,1.01,1.088,0.383,10.0,0,0.664
d12m1,aggressive,short,stock,10,63,2024,51,1.034,0.78,1.034,0.453,10,0,0.754
d12m1,aggressive,short,stock,10,63,2025,50,0.148,0.04,0.181,0.43,10.0,0,0.737
d12m1,aggressive,short,stock,10,63,2026,24,-6.489,-2.57,-6.489,0.325,10.0,0,0.748
d12m1,aggressive,short,stock,20,5,ALL,148,0.041,0.19,0.043,0.486,20.0,1,0.67
d12m1,aggressive,short,stock,20,5,P1,63,0.082,0.27,0.083,0.473,20,0,0.673
d12m1,aggressive,short,stock,20,5,P2,85,0.01,0.03,0.014,0.495,20,1,0.668
d12m1,aggressive,short,stock,20,5,2023,12,-0.234,-0.37,-0.234,0.471,20.0,0,0.632
d12m1,aggressive,short,stock,20,5,2024,51,0.157,0.46,0.158,0.474,20,0,0.683
d12m1,aggressive,short,stock,20,5,2025,50,0.187,0.54,0.194,0.505,20.0,1,0.656
d12m1,aggressive,short,stock,20,5,2026,35,-0.243,-0.44,-0.243,0.481,20,0,0.684
d12m1,aggressive,short,stock,20,20,ALL,145,-0.512,-0.95,-0.511,0.447,20,1,0.669
d12m1,aggressive,short,stock,20,20,P1,63,0.033,0.04,0.035,0.46,20,0,0.673
d12m1,aggressive,short,stock,20,20,P2,82,-0.931,-1.25,-0.93,0.437,20.0,1,0.667
d12m1,aggressive,short,stock,20,20,2023,12,-1.439,-1.4,-1.439,0.375,20.0,0,0.632
d12m1,aggressive,short,stock,20,20,2024,51,0.38,0.43,0.382,0.48,20,0,0.683
d12m1,aggressive,short,stock,20,20,2025,50,-0.403,-0.39,-0.402,0.447,20.0,1,0.656
d12m1,aggressive,short,stock,20,20,2026,32,-1.756,-1.8,-1.756,0.42,20.0,0,0.682
d12m1,aggressive,short,stock,20,63,ALL,137,-0.705,-0.44,-0.695,0.416,20,1,0.669
d12m1,aggressive,short,stock,20,63,P1,63,0.235,0.31,0.239,0.425,20,0,0.673
d12m1,aggressive,short,stock,20,63,P2,74,-1.505,-0.53,-1.489,0.408,20.0,1,0.665
d12m1,aggressive,short,stock,20,63,2023,12,0.953,1.76,0.953,0.413,20.0,0,0.632
d12m1,aggressive,short,stock,20,63,2024,51,0.066,0.07,0.07,0.428,20,0,0.683
d12m1,aggressive,short,stock,20,63,2025,50,1.355,0.4,1.378,0.457,20.0,1,0.656
d12m1,aggressive,short,stock,20,63,2026,24,-7.462,-3.01,-7.462,0.306,20.0,0,0.683
d12m1,balanced,long,mixed,10,5,ALL,148,0.101,0.35,0.104,0.472,10.0,0,0.62
d12m1,balanced,long,mixed,10,5,P1,63,0.086,0.24,0.086,0.443,10,0,0.606
d12m1,balanced,long,mixed,10,5,P2,85,0.113,0.27,0.118,0.493,10,0,0.631
d12m1,balanced,long,mixed,10,5,2023,12,-0.256,-0.37,-0.256,0.392,10.0,0,0.6
d12m1,balanced,long,mixed,10,5,2024,51,0.166,0.4,0.166,0.455,10,0,0.602
d12m1,balanced,long,mixed,10,5,2025,50,0.036,0.09,0.045,0.485,10.0,0,0.618
d12m1,balanced,long,mixed,10,5,2026,35,0.222,0.27,0.222,0.506,10,0,0.65
d12m1,balanced,long,mixed,10,20,ALL,145,-0.079,-0.11,-0.077,0.412,10,0,0.618
d12m1,balanced,long,mixed,10,20,P1,63,0.458,0.42,0.458,0.394,10,0,0.606
d12m1,balanced,long,mixed,10,20,P2,82,-0.492,-0.5,-0.488,0.427,10.0,0,0.627
d12m1,balanced,long,mixed,10,20,2023,12,-2.129,-3.59,-2.129,0.292,10.0,0,0.6
d12m1,balanced,long,mixed,10,20,2024,51,1.067,0.84,1.067,0.418,10,0,0.602
d12m1,balanced,long,mixed,10,20,2025,50,-0.416,-0.31,-0.409,0.412,10.0,0,0.618
d12m1,balanced,long,mixed,10,20,2026,32,-0.611,-0.44,-0.611,0.45,10.0,0,0.642
d12m1,balanced,long,mixed,10,63,ALL,137,0.335,0.21,0.344,0.388,10,0,0.615
d12m1,balanced,long,mixed,10,63,P1,63,1.437,0.97,1.437,0.373,10,0,0.606
d12m1,balanced,long,mixed,10,63,P2,74,-0.603,-0.22,-0.586,0.402,10.0,0,0.622
d12m1,balanced,long,mixed,10,63,2023,12,0.779,0.81,0.779,0.358,10.0,0,0.6
d12m1,balanced,long,mixed,10,63,2024,51,1.592,0.89,1.592,0.376,10,0,0.602
d12m1,balanced,long,mixed,10,63,2025,50,1.596,0.47,1.62,0.432,10.0,0,0.618
d12m1,balanced,long,mixed,10,63,2026,24,-5.183,-1.61,-5.183,0.337,10.0,0,0.63
d12m1,balanced,long,mixed,20,5,ALL,148,0.096,0.42,0.097,0.48,20.0,1,0.598
d12m1,balanced,long,mixed,20,5,P1,63,0.051,0.18,0.058,0.446,20,1,0.602
d12m1,balanced,long,mixed,20,5,P2,85,0.13,0.38,0.126,0.506,20,0,0.595
d12m1,balanced,long,mixed,20,5,2023,12,-0.242,-0.51,-0.206,0.397,20.0,1,0.609
d12m1,balanced,long,mixed,20,5,2024,51,0.12,0.37,0.121,0.457,20,0,0.601
d12m1,balanced,long,mixed,20,5,2025,50,0.083,0.24,0.085,0.499,20.0,0,0.584
d12m1,balanced,long,mixed,20,5,2026,35,0.197,0.3,0.185,0.516,20,0,0.618
d12m1,balanced,long,mixed,20,20,ALL,145,0.218,0.36,0.218,0.431,20,1,0.596
d12m1,balanced,long,mixed,20,20,P1,63,0.235,0.28,0.239,0.4,20,1,0.602
d12m1,balanced,long,mixed,20,20,P2,82,0.204,0.24,0.202,0.456,20.0,0,0.592
d12m1,balanced,long,mixed,20,20,2023,12,-1.194,-2.01,-1.196,0.359,20.0,1,0.609
d12m1,balanced,long,mixed,20,20,2024,51,0.571,0.56,0.577,0.409,20,0,0.601
d12m1,balanced,long,mixed,20,20,2025,50,0.315,0.27,0.32,0.46,20.0,0,0.584
d12m1,balanced,long,mixed,20,20,2026,32,0.031,0.02,0.019,0.45,20.0,0,0.611
d12m1,balanced,long,mixed,20,63,ALL,137,0.651,0.38,0.666,0.404,20,1,0.592
d12m1,balanced,long,mixed,20,63,P1,63,0.373,0.36,0.38,0.367,20,1,0.602
d12m1,balanced,long,mixed,20,63,P2,74,0.888,0.29,0.909,0.436,20.0,0,0.584
d12m1,balanced,long,mixed,20,63,2023,12,0.759,0.99,0.757,0.376,20.0,1,0.609
d12m1,balanced,long,mixed,20,63,2024,51,0.282,0.23,0.291,0.365,20,0,0.601
d12m1,balanced,long,mixed,20,63,2025,50,3.516,0.92,3.553,0.477,20.0,0,0.584
d12m1,balanced,long,mixed,20,63,2026,24,-4.586,-1.37,-4.599,0.35,20.0,0,0.593
d12m1,balanced,long,stock,10,5,ALL,148,0.15,0.51,0.153,0.488,10.0,1,0.619
d12m1,balanced,long,stock,10,5,P1,63,0.26,0.72,0.26,0.486,10,0,0.605
d12m1,balanced,long,stock,10,5,P2,85,0.069,0.16,0.075,0.49,10,1,0.63
d12m1,balanced,long,stock,10,5,2023,12,0.086,0.11,0.086,0.483,10.0,0,0.582
d12m1,balanced,long,stock,10,5,2024,51,0.3,0.74,0.3,0.486,10,0,0.608
d12m1,balanced,long,stock,10,5,2025,50,-0.035,-0.08,-0.025,0.489,10.0,1,0.618
d12m1,balanced,long,stock,10,5,2026,35,0.217,0.25,0.217,0.491,10,0,0.647
d12m1,balanced,long,stock,10,20,ALL,145,0.058,0.08,0.058,0.461,10,1,0.617
d12m1,balanced,long,stock,10,20,P1,63,0.968,0.9,0.968,0.503,10,0,0.605
d12m1,balanced,long,stock,10,20,P2,82,-0.64,-0.64,-0.642,0.428,10.0,1,0.627
d12m1,balanced,long,stock,10,20,2023,12,-1.629,-1.85,-1.629,0.375,10.0,0,0.582
d12m1,balanced,long,stock,10,20,2024,51,1.579,1.25,1.579,0.533,10,0,0.608
d12m1,balanced,long,stock,10,20,2025,50,-0.619,-0.46,-0.621,0.422,10.0,1,0.618
d12m1,balanced,long,stock,10,20,2026,32,-0.674,-0.45,-0.674,0.438,10.0,0,0.642
d12m1,balanced,long,stock,10,63,ALL,137,1.55,0.94,1.55,0.445,10,1,0.615
d12m1,balanced,long,stock,10,63,P1,63,3.574,2.4,3.574,0.478,10,0,0.605
d12m1,balanced,long,stock,10,63,P2,74,-0.172,-0.06,-0.173,0.418,10.0,1,0.625
d12m1,balanced,long,stock,10,63,2023,12,2.883,2.43,2.883,0.45,10.0,0,0.582
d12m1,balanced,long,stock,10,63,2024,51,3.736,2.1,3.736,0.484,10,0,0.608
d12m1,balanced,long,stock,10,63,2025,50,2.168,0.68,2.166,0.454,10.0,1,0.618
d12m1,balanced,long,stock,10,63,2026,24,-5.048,-1.44,-5.048,0.342,10.0,0,0.639
d12m1,balanced,long,stock,20,5,ALL,148,0.105,0.45,0.109,0.489,20.0,2,0.591
d12m1,balanced,long,stock,20,5,P1,63,0.146,0.52,0.156,0.479,20,1,0.603
d12m1,balanced,long,stock,20,5,P2,85,0.074,0.21,0.074,0.497,20,1,0.584
d12m1,balanced,long,stock,20,5,2023,12,-0.201,-0.37,-0.152,0.454,20.0,1,0.595
d12m1,balanced,long,stock,20,5,2024,51,0.227,0.7,0.228,0.485,20,0,0.607
d12m1,balanced,long,stock,20,5,2025,50,0.033,0.09,0.041,0.491,20.0,1,0.576
d12m1,balanced,long,stock,20,5,2026,35,0.133,0.2,0.122,0.504,20,0,0.601
d12m1,balanced,long,stock,20,20,ALL,145,0.379,0.61,0.362,0.469,20,2,0.591
d12m1,balanced,long,stock,20,20,P1,63,0.817,0.96,0.823,0.493,20,1,0.603
d12m1,balanced,long,stock,20,20,P2,82,0.042,0.05,0.008,0.451,20.0,1,0.583
d12m1,balanced,long,stock,20,20,2023,12,-0.804,-0.96,-0.799,0.415,20.0,1,0.595
d12m1,balanced,long,stock,20,20,2024,51,1.199,1.19,1.204,0.511,20,0,0.607
d12m1,balanced,long,stock,20,20,2025,50,0.213,0.18,0.165,0.462,20.0,1,0.576
d12m1,balanced,long,stock,20,20,2026,32,-0.226,-0.17,-0.239,0.434,20.0,0,0.6
d12m1,balanced,long,stock,20,63,ALL,137,1.81,1.05,1.772,0.456,20,2,0.588
d12m1,balanced,long,stock,20,63,P1,63,2.488,2.47,2.499,0.473,20,1,0.603
d12m1,balanced,long,stock,20,63,P2,74,1.232,0.41,1.153,0.441,20.0,1,0.577
d12m1,balanced,long,stock,20,63,2023,12,3.22,2.68,3.234,0.466,20.0,1,0.595
d12m1,balanced,long,stock,20,63,2024,51,2.316,2.03,2.326,0.474,20,0,0.607
d12m1,balanced,long,stock,20,63,2025,50,4.076,1.11,3.966,0.486,20.0,1,0.576
d12m1,balanced,long,stock,20,63,2026,24,-4.694,-1.35,-4.706,0.348,20.0,0,0.587
d12m1,balanced,mid,mixed,10,5,ALL,148,0.158,0.55,0.158,0.477,10.0,0,0.668
d12m1,balanced,mid,mixed,10,5,P1,63,-0.008,-0.02,-0.007,0.433,10,0,0.648
d12m1,balanced,mid,mixed,10,5,P2,85,0.281,0.67,0.28,0.51,10,0,0.682
d12m1,balanced,mid,mixed,10,5,2023,12,-0.09,-0.14,-0.09,0.392,10.0,0,0.636
d12m1,balanced,mid,mixed,10,5,2024,51,0.011,0.03,0.013,0.442,10,0,0.65
d12m1,balanced,mid,mixed,10,5,2025,50,0.244,0.52,0.249,0.505,10.0,0,0.669
d12m1,balanced,mid,mixed,10,5,2026,35,0.334,0.43,0.324,0.518,10,0,0.7
d12m1,balanced,mid,mixed,10,20,ALL,145,-0.213,-0.32,-0.22,0.405,10,0,0.667
d12m1,balanced,mid,mixed,10,20,P1,63,-0.133,-0.13,-0.133,0.364,10,0,0.648
d12m1,balanced,mid,mixed,10,20,P2,82,-0.273,-0.3,-0.287,0.437,10.0,0,0.68
d12m1,balanced,mid,mixed,10,20,2023,12,-2.012,-4.3,-2.012,0.267,10.0,0,0.636
d12m1,balanced,mid,mixed,10,20,2024,51,0.309,0.26,0.309,0.387,10,0,0.65
d12m1,balanced,mid,mixed,10,20,2025,50,-0.184,-0.15,-0.202,0.428,10.0,0,0.669
d12m1,balanced,mid,mixed,10,20,2026,32,-0.413,-0.33,-0.42,0.451,10.0,0,0.697
d12m1,balanced,mid,mixed,10,63,ALL,137,0.386,0.23,0.407,0.386,10,0,0.661
d12m1,balanced,mid,mixed,10,63,P1,63,0.971,0.67,0.989,0.358,10,0,0.648
d12m1,balanced,mid,mixed,10,63,P2,74,-0.112,-0.04,-0.088,0.409,10.0,0,0.671
d12m1,balanced,mid,mixed,10,63,2023,12,-0.552,-0.64,-0.552,0.3,10.0,0,0.636
d12m1,balanced,mid,mixed,10,63,2024,51,1.329,0.77,1.351,0.372,10,0,0.65
d12m1,balanced,mid,mixed,10,63,2025,50,2.688,0.78,2.728,0.446,10.0,0,0.669
d12m1,balanced,mid,mixed,10,63,2026,24,-5.945,-2.18,-5.955,0.331,10.0,0,0.674
d12m1,balanced,mid,mixed,20,5,ALL,148,0.03,0.13,0.037,0.475,20.0,5,0.633
d12m1,balanced,mid,mixed,20,5,P1,63,-0.034,-0.12,-0.013,0.44,20,3,0.641
d12m1,balanced,mid,mixed,20,5,P2,85,0.077,0.22,0.074,0.501,20,2,0.627
d12m1,balanced,mid,mixed,20,5,2023,12,-0.25,-0.54,-0.143,0.41,20.0,3,0.646
d12m1,balanced,mid,mixed,20,5,2024,51,0.016,0.05,0.017,0.447,20,0,0.639
d12m1,balanced,mid,mixed,20,5,2025,50,0.138,0.39,0.138,0.499,20.0,2,0.616
d12m1,balanced,mid,mixed,20,5,2026,35,-0.009,-0.01,-0.018,0.503,20,0,0.646
d12m1,balanced,mid,mixed,20,20,ALL,145,-0.193,-0.34,-0.2,0.421,20,5,0.631
d12m1,balanced,mid,mixed,20,20,P1,63,-0.278,-0.36,-0.288,0.376,20,3,0.641
d12m1,balanced,mid,mixed,20,20,P2,82,-0.127,-0.16,-0.132,0.455,20.0,2,0.624
d12m1,balanced,mid,mixed,20,20,2023,12,-1.254,-1.8,-1.323,0.338,20.0,3,0.646
d12m1,balanced,mid,mixed,20,20,2024,51,-0.048,-0.05,-0.045,0.385,20,0,0.639
d12m1,balanced,mid,mixed,20,20,2025,50,-0.037,-0.03,-0.037,0.459,20.0,2,0.616
d12m1,balanced,mid,mixed,20,20,2026,32,-0.267,-0.24,-0.282,0.449,20.0,0,0.639
d12m1,balanced,mid,mixed,20,63,ALL,137,-0.07,-0.04,-0.074,0.388,20,5,0.628
d12m1,balanced,mid,mixed,20,63,P1,63,-0.463,-0.5,-0.463,0.351,20,3,0.641
d12m1,balanced,mid,mixed,20,63,P2,74,0.264,0.09,0.257,0.42,20.0,2,0.618
d12m1,balanced,mid,mixed,20,63,2023,12,0.622,0.94,0.581,0.36,20.0,3,0.646
d12m1,balanced,mid,mixed,20,63,2024,51,-0.718,-0.66,-0.709,0.349,20,0,0.639
d12m1,balanced,mid,mixed,20,63,2025,50,3.042,0.79,3.048,0.465,20.0,2,0.616
d12m1,balanced,mid,mixed,20,63,2026,24,-5.523,-2.26,-5.557,0.326,20.0,0,0.624
d12m1,balanced,mid,stock,10,5,ALL,148,0.163,0.55,0.165,0.493,10.0,1,0.665
d12m1,balanced,mid,stock,10,5,P1,63,0.158,0.43,0.16,0.476,10,0,0.66
d12m1,balanced,mid,stock,10,5,P2,85,0.166,0.38,0.169,0.506,10,1,0.669
d12m1,balanced,mid,stock,10,5,2023,12,0.199,0.28,0.199,0.475,10.0,0,0.6
d12m1,balanced,mid,stock,10,5,2024,51,0.149,0.36,0.151,0.476,10,0,0.672
d12m1,balanced,mid,stock,10,5,2025,50,0.064,0.13,0.076,0.51,10.0,1,0.667
d12m1,balanced,mid,stock,10,5,2026,35,0.312,0.39,0.302,0.501,10,0,0.671
d12m1,balanced,mid,stock,10,20,ALL,145,-0.053,-0.07,-0.067,0.459,10,1,0.665
d12m1,balanced,mid,stock,10,20,P1,63,0.567,0.55,0.567,0.488,10,0,0.66
d12m1,balanced,mid,stock,10,20,P2,82,-0.53,-0.55,-0.555,0.437,10.0,1,0.668
d12m1,balanced,mid,stock,10,20,2023,12,-1.287,-1.57,-1.287,0.375,10.0,0,0.6
d12m1,balanced,mid,stock,10,20,2024,51,1.003,0.82,1.004,0.515,10,0,0.672
d12m1,balanced,mid,stock,10,20,2025,50,-0.409,-0.32,-0.446,0.434,10.0,1,0.667
d12m1,balanced,mid,stock,10,20,2026,32,-0.718,-0.48,-0.725,0.442,10.0,0,0.668
d12m1,balanced,mid,stock,10,63,ALL,137,1.478,0.87,1.477,0.439,10,1,0.665
d12m1,balanced,mid,stock,10,63,P1,63,3.145,2.23,3.162,0.466,10,0,0.66
d12m1,balanced,mid,stock,10,63,P2,74,0.059,0.02,0.041,0.416,10.0,1,0.67
d12m1,balanced,mid,stock,10,63,2023,12,2.321,2.19,2.321,0.433,10.0,0,0.6
d12m1,balanced,mid,stock,10,63,2024,51,3.338,1.97,3.36,0.474,10,0,0.672
d12m1,balanced,mid,stock,10,63,2025,50,2.98,0.9,2.959,0.459,10.0,1,0.667
d12m1,balanced,mid,stock,10,63,2026,24,-6.027,-2.08,-6.037,0.327,10.0,0,0.674
d12m1,balanced,mid,stock,20,5,ALL,148,0.038,0.16,0.05,0.491,20.0,6,0.639
d12m1,balanced,mid,stock,20,5,P1,63,0.021,0.07,0.045,0.477,20,3,0.659
d12m1,balanced,mid,stock,20,5,P2,85,0.05,0.14,0.054,0.502,20,3,0.626
d12m1,balanced,mid,stock,20,5,2023,12,-0.131,-0.23,-0.008,0.471,20.0,3,0.662
d12m1,balanced,mid,stock,20,5,2024,51,0.056,0.18,0.057,0.478,20,0,0.659
d12m1,balanced,mid,stock,20,5,2025,50,0.06,0.16,0.07,0.501,20.0,3,0.62
d12m1,balanced,mid,stock,20,5,2026,35,0.037,0.05,0.03,0.503,20,0,0.638
d12m1,balanced,mid,stock,20,20,ALL,145,0.044,0.08,0.015,0.463,20,6,0.639
d12m1,balanced,mid,stock,20,20,P1,63,0.355,0.45,0.345,0.48,20,3,0.659
d12m1,balanced,mid,stock,20,20,P2,82,-0.195,-0.23,-0.238,0.449,20.0,3,0.625
d12m1,balanced,mid,stock,20,20,2023,12,-0.808,-0.93,-0.881,0.397,20.0,3,0.662
d12m1,balanced,mid,stock,20,20,2024,51,0.629,0.66,0.633,0.5,20,0,0.659
d12m1,balanced,mid,stock,20,20,2025,50,-0.048,-0.04,-0.109,0.459,20.0,3,0.62
d12m1,balanced,mid,stock,20,20,2026,32,-0.424,-0.35,-0.438,0.435,20.0,0,0.637
d12m1,balanced,mid,stock,20,63,ALL,137,1.215,0.72,1.141,0.441,20,6,0.637
d12m1,balanced,mid,stock,20,63,P1,63,1.587,1.62,1.598,0.45,20,3,0.659
d12m1,balanced,mid,stock,20,63,P2,74,0.897,0.3,0.751,0.434,20.0,3,0.62
d12m1,balanced,mid,stock,20,63,2023,12,3.392,3.34,3.413,0.45,20.0,3,0.662
d12m1,balanced,mid,stock,20,63,2024,51,1.163,1.09,1.171,0.45,20,0,0.659
d12m1,balanced,mid,stock,20,63,2025,50,3.819,1.06,3.618,0.48,20.0,3,0.62
d12m1,balanced,mid,stock,20,63,2026,24,-5.19,-1.87,-5.221,0.338,20.0,0,0.626
d12m1,balanced,short,mixed,10,5,ALL,148,0.039,0.15,0.048,0.473,10.0,1,0.73
d12m1,balanced,short,mixed,10,5,P1,63,-0.044,-0.13,-0.04,0.423,10,1,0.711
d12m1,balanced,short,mixed,10,5,P2,85,0.1,0.28,0.113,0.51,10,0,0.742
d12m1,balanced,short,mixed,10,5,2023,12,-0.329,-0.6,-0.305,0.364,10.0,1,0.709
d12m1,balanced,short,mixed,10,5,2024,51,0.023,0.06,0.023,0.437,10,0,0.714
d12m1,balanced,short,mixed,10,5,2025,50,0.234,0.56,0.255,0.525,10.0,0,0.72
d12m1,balanced,short,mixed,10,5,2026,35,-0.091,-0.15,-0.091,0.489,10,0,0.771
d12m1,balanced,short,mixed,10,20,ALL,145,-0.595,-0.97,-0.6,0.398,10,1,0.728
d12m1,balanced,short,mixed,10,20,P1,63,-0.236,-0.27,-0.241,0.372,10,1,0.711
d12m1,balanced,short,mixed,10,20,P2,82,-0.872,-1.02,-0.876,0.419,10.0,0,0.738
d12m1,balanced,short,mixed,10,20,2023,12,-1.58,-4.07,-1.608,0.31,10.0,1,0.709
d12m1,balanced,short,mixed,10,20,2024,51,0.08,0.08,0.08,0.386,10,0,0.714
d12m1,balanced,short,mixed,10,20,2025,50,-0.687,-0.6,-0.693,0.416,10.0,0,0.72
d12m1,balanced,short,mixed,10,20,2026,32,-1.161,-0.94,-1.161,0.422,10.0,0,0.765
d12m1,balanced,short,mixed,10,63,ALL,137,-1.097,-0.65,-1.069,0.368,10,1,0.722
d12m1,balanced,short,mixed,10,63,P1,63,-0.964,-0.69,-0.961,0.334,10,1,0.711
d12m1,balanced,short,mixed,10,63,P2,74,-1.209,-0.42,-1.161,0.396,10.0,0,0.729
d12m1,balanced,short,mixed,10,63,2023,12,-3.236,-3.94,-3.223,0.253,10.0,1,0.709
d12m1,balanced,short,mixed,10,63,2024,51,-0.429,-0.27,-0.429,0.353,10,0,0.714
d12m1,balanced,short,mixed,10,63,2025,50,1.318,0.36,1.39,0.431,10.0,0,0.72
d12m1,balanced,short,mixed,10,63,2026,24,-6.475,-5.93,-6.475,0.325,10.0,0,0.743
d12m1,balanced,short,mixed,20,5,ALL,148,-0.065,-0.31,-0.058,0.468,20.0,6,0.689
d12m1,balanced,short,mixed,20,5,P1,63,-0.094,-0.35,-0.075,0.442,20,3,0.695
d12m1,balanced,short,mixed,20,5,P2,85,-0.044,-0.14,-0.045,0.487,20,3,0.683
d12m1,balanced,short,mixed,20,5,2023,12,-0.28,-0.59,-0.171,0.417,20.0,2,0.681
d12m1,balanced,short,mixed,20,5,2024,51,-0.05,-0.16,-0.053,0.448,20,1,0.696
d12m1,balanced,short,mixed,20,5,2025,50,0.015,0.04,0.009,0.486,20.0,3,0.668
d12m1,balanced,short,mixed,20,5,2026,35,-0.127,-0.23,-0.122,0.489,20,0,0.704
d12m1,balanced,short,mixed,20,20,ALL,145,-0.528,-1.08,-0.554,0.411,20,6,0.687
d12m1,balanced,short,mixed,20,20,P1,63,-0.572,-0.81,-0.598,0.365,20,3,0.695
d12m1,balanced,short,mixed,20,20,P2,82,-0.494,-0.73,-0.52,0.447,20.0,3,0.681
d12m1,balanced,short,mixed,20,20,2023,12,-1.175,-1.98,-1.359,0.326,20.0,2,0.681
d12m1,balanced,short,mixed,20,20,2024,51,-0.431,-0.5,-0.419,0.374,20,1,0.696
d12m1,balanced,short,mixed,20,20,2025,50,-0.383,-0.42,-0.429,0.449,20.0,3,0.668
d12m1,balanced,short,mixed,20,20,2026,32,-0.667,-0.67,-0.662,0.443,20.0,0,0.7
d12m1,balanced,short,mixed,20,63,ALL,137,-1.062,-0.68,-1.1,0.377,20,6,0.684
d12m1,balanced,short,mixed,20,63,P1,63,-1.297,-1.59,-1.311,0.337,20,3,0.695
d12m1,balanced,short,mixed,20,63,P2,74,-0.862,-0.31,-0.921,0.411,20.0,3,0.675
d12m1,balanced,short,mixed,20,63,2023,12,-0.697,-1.12,-0.644,0.334,20.0,2,0.681
d12m1,balanced,short,mixed,20,63,2024,51,-1.438,-1.44,-1.468,0.337,20,1,0.696
d12m1,balanced,short,mixed,20,63,2025,50,1.921,0.57,1.84,0.457,20.0,3,0.668
d12m1,balanced,short,mixed,20,63,2026,24,-6.659,-4.31,-6.671,0.317,20.0,0,0.687
d12m1,balanced,short,stock,10,5,ALL,148,0.12,0.47,0.129,0.491,10.0,3,0.745
d12m1,balanced,short,stock,10,5,P1,63,0.106,0.3,0.116,0.467,10,1,0.745
d12m1,balanced,short,stock,10,5,P2,85,0.13,0.36,0.138,0.509,10,2,0.743
d12m1,balanced,short,stock,10,5,2023,12,0.013,0.02,0.063,0.452,10.0,1,0.718
d12m1,balanced,short,stock,10,5,2024,51,0.128,0.31,0.128,0.471,10,0,0.748
d12m1,balanced,short,stock,10,5,2025,50,0.192,0.46,0.205,0.527,10.0,2,0.733
d12m1,balanced,short,stock,10,5,2026,35,0.042,0.06,0.042,0.483,10,0,0.756
d12m1,balanced,short,stock,10,20,ALL,145,-0.289,-0.47,-0.319,0.451,10,3,0.744
d12m1,balanced,short,stock,10,20,P1,63,0.361,0.41,0.352,0.485,10,1,0.745
d12m1,balanced,short,stock,10,20,P2,82,-0.789,-0.93,-0.834,0.426,10.0,2,0.742
d12m1,balanced,short,stock,10,20,2023,12,-0.798,-1.04,-0.846,0.413,10.0,1,0.718
d12m1,balanced,short,stock,10,20,2024,51,0.634,0.59,0.634,0.502,10,0,0.748
d12m1,balanced,short,stock,10,20,2025,50,-0.669,-0.59,-0.743,0.426,10.0,2,0.733
d12m1,balanced,short,stock,10,20,2026,32,-0.977,-0.78,-0.977,0.425,10.0,0,0.755
d12m1,balanced,short,stock,10,63,ALL,137,0.234,0.14,0.202,0.429,10,3,0.74
d12m1,balanced,short,stock,10,63,P1,63,1.67,1.27,1.682,0.45,10,1,0.745
d12m1,balanced,short,stock,10,63,P2,74,-0.99,-0.34,-1.058,0.41,10.0,2,0.733
d12m1,balanced,short,stock,10,63,2023,12,1.283,0.95,1.344,0.39,10.0,1,0.718
d12m1,balanced,short,stock,10,63,2024,51,1.761,1.11,1.761,0.465,10,0,0.748
d12m1,balanced,short,stock,10,63,2025,50,1.749,0.48,1.647,0.452,10.0,2,0.733
d12m1,balanced,short,stock,10,63,2026,24,-6.695,-5.24,-6.695,0.325,10.0,0,0.73
d12m1,balanced,short,stock,20,5,ALL,148,-0.018,-0.09,-0.014,0.482,20.0,8,0.694
d12m1,balanced,short,stock,20,5,P1,63,-0.009,-0.03,0.012,0.477,20,3,0.705
d12m1,balanced,short,stock,20,5,P2,85,-0.025,-0.08,-0.034,0.487,20,5,0.685
d12m1,balanced,short,stock,20,5,2023,12,-0.338,-0.58,-0.213,0.468,20.0,2,0.681
d12m1,balanced,short,stock,20,5,2024,51,0.068,0.22,0.066,0.479,20,1,0.71
d12m1,balanced,short,stock,20,5,2025,50,-0.006,-0.02,-0.025,0.485,20.0,5,0.679
d12m1,balanced,short,stock,20,5,2026,35,-0.052,-0.09,-0.047,0.489,20,0,0.696
d12m1,balanced,short,stock,20,20,ALL,145,-0.243,-0.49,-0.34,0.453,20,8,0.693
d12m1,balanced,short,stock,20,20,P1,63,-0.077,-0.1,-0.1,0.46,20,3,0.705
d12m1,balanced,short,stock,20,20,P2,82,-0.37,-0.55,-0.524,0.447,20.0,5,0.684
d12m1,balanced,short,stock,20,20,2023,12,-1.05,-1.28,-1.223,0.382,20.0,2,0.681
d12m1,balanced,short,stock,20,20,2024,51,0.152,0.17,0.164,0.478,20,1,0.71
d12m1,balanced,short,stock,20,20,2025,50,-0.29,-0.32,-0.546,0.449,20.0,5,0.679
d12m1,balanced,short,stock,20,20,2026,32,-0.495,-0.5,-0.49,0.445,20.0,0,0.694
d12m1,balanced,short,stock,20,63,ALL,137,-0.123,-0.08,-0.315,0.42,20,8,0.693
d12m1,balanced,short,stock,20,63,P1,63,0.388,0.5,0.398,0.427,20,3,0.705
d12m1,balanced,short,stock,20,63,P2,74,-0.558,-0.2,-0.921,0.413,20.0,5,0.682
d12m1,balanced,short,stock,20,63,2023,12,1.737,3.0,1.902,0.425,20.0,2,0.681
d12m1,balanced,short,stock,20,63,2024,51,0.071,0.08,0.044,0.428,20,1,0.71
d12m1,balanced,short,stock,20,63,2025,50,2.508,0.77,1.976,0.463,20.0,5,0.679
d12m1,balanced,short,stock,20,63,2026,24,-6.946,-4.05,-6.959,0.309,20.0,0,0.691
v15,aggressive,long,mixed,10,5,ALL,148,-0.026,-0.09,-0.025,0.457,10.0,0,0.627
v15,aggressive,long,mixed,10,5,P1,63,-0.11,-0.31,-0.11,0.421,10,0,0.598
v15,aggressive,long,mixed,10,5,P2,85,0.037,0.09,0.038,0.483,10,0,0.649
v15,aggressive,long,mixed,10,5,2023,12,-0.327,-0.49,-0.327,0.425,10.0,0,0.618
v15,aggressive,long,mixed,10,5,2024,51,-0.059,-0.14,-0.059,0.42,10,0,0.592
v15,aggressive,long,mixed,10,5,2025,50,0.185,0.43,0.187,0.489,10.0,0,0.637
v15,aggressive,long,mixed,10,5,2026,35,-0.175,-0.21,-0.175,0.474,10,0,0.665
v15,aggressive,long,mixed,10,20,ALL,145,-0.463,-0.7,-0.466,0.387,10,0,0.624
v15,aggressive,long,mixed,10,20,P1,63,-0.117,-0.12,-0.117,0.362,10,0,0.598
v15,aggressive,long,mixed,10,20,P2,82,-0.729,-0.8,-0.734,0.406,10.0,0,0.644
v15,aggressive,long,mixed,10,20,2023,12,-2.094,-2.48,-2.094,0.308,10.0,0,0.618
v15,aggressive,long,mixed,10,20,2024,51,0.349,0.31,0.349,0.375,10,0,0.592
v15,aggressive,long,mixed,10,20,2025,50,-0.705,-0.66,-0.713,0.39,10.0,0,0.637
v15,aggressive,long,mixed,10,20,2026,32,-0.766,-0.46,-0.766,0.431,10.0,0,0.655
v15,aggressive,long,mixed,10,63,ALL,137,-0.994,-0.7,-1.002,0.353,10,0,0.618
v15,aggressive,long,mixed,10,63,P1,63,-0.108,-0.1,-0.108,0.333,10,0,0.598
v15,aggressive,long,mixed,10,63,P2,74,-1.748,-0.72,-1.762,0.369,10.0,0,0.634
v15,aggressive,long,mixed,10,63,2023,12,0.572,0.7,0.572,0.367,10.0,0,0.618
v15,aggressive,long,mixed,10,63,2024,51,-0.268,-0.2,-0.268,0.325,10,0,0.592
v15,aggressive,long,mixed,10,63,2025,50,-0.137,-0.05,-0.159,0.4,10.0,0,0.637
v15,aggressive,long,mixed,10,63,2026,24,-5.102,-1.3,-5.102,0.304,10.0,0,0.626
v15,aggressive,long,mixed,20,5,ALL,148,0.002,0.01,0.002,0.466,20.0,0,0.587
v15,aggressive,long,mixed,20,5,P1,63,-0.031,-0.11,-0.03,0.43,20,0,0.566
v15,aggressive,long,mixed,20,5,P2,85,0.027,0.08,0.026,0.493,20,0,0.602
v15,aggressive,long,mixed,20,5,2023,12,-0.249,-0.52,-0.249,0.421,20.0,0,0.577
v15,aggressive,long,mixed,20,5,2024,51,0.02,0.06,0.021,0.432,20,0,0.563
v15,aggressive,long,mixed,20,5,2025,50,0.141,0.4,0.145,0.492,20.0,0,0.588
v15,aggressive,long,mixed,20,5,2026,35,-0.137,-0.2,-0.144,0.495,20,0,0.625
v15,aggressive,long,mixed,20,20,ALL,145,-0.269,-0.43,-0.272,0.402,20,0,0.584
v15,aggressive,long,mixed,20,20,P1,63,0.049,0.06,0.053,0.37,20,0,0.566
v15,aggressive,long,mixed,20,20,P2,82,-0.514,-0.57,-0.521,0.426,20.0,0,0.598
v15,aggressive,long,mixed,20,20,2023,12,-1.094,-1.39,-1.094,0.358,20.0,0,0.577
v15,aggressive,long,mixed,20,20,2024,51,0.318,0.32,0.322,0.373,20,0,0.563
v15,aggressive,long,mixed,20,20,2025,50,-0.223,-0.19,-0.233,0.423,20.0,0,0.588
v15,aggressive,long,mixed,20,20,2026,32,-0.968,-0.67,-0.971,0.43,20.0,0,0.616
v15,aggressive,long,mixed,20,63,ALL,137,-0.561,-0.34,-0.561,0.37,20,0,0.579
v15,aggressive,long,mixed,20,63,P1,63,-0.001,-0.0,0.007,0.347,20,0,0.566
v15,aggressive,long,mixed,20,63,P2,74,-1.037,-0.36,-1.045,0.389,20.0,0,0.59
v15,aggressive,long,mixed,20,63,2023,12,0.751,1.23,0.751,0.379,20.0,0,0.577
v15,aggressive,long,mixed,20,63,2024,51,-0.178,-0.14,-0.169,0.34,20,0,0.563
v15,aggressive,long,mixed,20,63,2025,50,1.263,0.36,1.252,0.43,20.0,0,0.588
v15,aggressive,long,mixed,20,63,2026,24,-5.828,-1.46,-5.829,0.304,20.0,0,0.596
v15,aggressive,long,stock,10,5,ALL,148,0.003,0.01,0.001,0.477,10.0,0,0.607
v15,aggressive,long,stock,10,5,P1,63,0.042,0.11,0.042,0.463,10,0,0.611
v15,aggressive,long,stock,10,5,P2,85,-0.025,-0.05,-0.029,0.487,10,0,0.604
v15,aggressive,long,stock,10,5,2023,12,-0.309,-0.43,-0.309,0.458,10.0,0,0.591
v15,aggressive,long,stock,10,5,2024,51,0.124,0.29,0.124,0.465,10,0,0.614
v15,aggressive,long,stock,10,5,2025,50,-0.105,-0.22,-0.101,0.489,10.0,0,0.598
v15,aggressive,long,stock,10,5,2026,35,0.089,0.1,0.074,0.483,10,0,0.612
v15,aggressive,long,stock,10,20,ALL,145,0.038,0.05,0.035,0.456,10,0,0.606
v15,aggressive,long,stock,10,20,P1,63,0.993,0.94,0.993,0.503,10,0,0.611
v15,aggressive,long,stock,10,20,P2,82,-0.696,-0.72,-0.701,0.42,10.0,0,0.602
v15,aggressive,long,stock,10,20,2023,12,-2.094,-2.23,-2.094,0.367,10.0,0,0.591
v15,aggressive,long,stock,10,20,2024,51,1.719,1.4,1.719,0.535,10,0,0.614
v15,aggressive,long,stock,10,20,2025,50,-1.02,-0.93,-1.032,0.403,10.0,0,0.598
v15,aggressive,long,stock,10,20,2026,32,-0.189,-0.11,-0.185,0.448,10.0,0,0.61
v15,aggressive,long,stock,10,63,ALL,137,0.991,0.59,0.991,0.442,10,0,0.604
v15,aggressive,long,stock,10,63,P1,63,2.925,2.76,2.925,0.479,10,0,0.611
v15,aggressive,long,stock,10,63,P2,74,-0.656,-0.23,-0.655,0.41,10.0,0,0.597
v15,aggressive,long,stock,10,63,2023,12,3.267,2.77,3.267,0.467,10.0,0,0.591
v15,aggressive,long,stock,10,63,2024,51,2.844,2.33,2.844,0.482,10,0,0.614
v15,aggressive,long,stock,10,63,2025,50,1.167,0.33,1.144,0.436,10.0,0,0.598
v15,aggressive,long,stock,10,63,2026,24,-4.454,-1.05,-4.403,0.356,10.0,0,0.596
v15,aggressive,long,stock,20,5,ALL,148,0.112,0.44,0.111,0.487,20.0,1,0.577
v15,aggressive,long,stock,20,5,P1,63,0.203,0.64,0.204,0.478,20,0,0.583
v15,aggressive,long,stock,20,5,P2,85,0.044,0.12,0.042,0.494,20,1,0.573
v15,aggressive,long,stock,20,5,2023,12,-0.219,-0.42,-0.219,0.467,20.0,0,0.564
v15,aggressive,long,stock,20,5,2024,51,0.303,0.82,0.303,0.481,20,0,0.589
v15,aggressive,long,stock,20,5,2025,50,0.115,0.32,0.119,0.494,20.0,1,0.574
v15,aggressive,long,stock,20,5,2026,35,-0.058,-0.08,-0.067,0.494,20,0,0.575
v15,aggressive,long,stock,20,20,ALL,145,0.309,0.48,0.304,0.467,20,1,0.577
v15,aggressive,long,stock,20,20,P1,63,0.814,0.96,0.818,0.493,20,0,0.583
v15,aggressive,long,stock,20,20,P2,82,-0.078,-0.08,-0.091,0.447,20.0,1,0.573
v15,aggressive,long,stock,20,20,2023,12,-0.79,-0.81,-0.79,0.421,20.0,0,0.564
v15,aggressive,long,stock,20,20,2024,51,1.192,1.19,1.196,0.51,20,0,0.589
v15,aggressive,long,stock,20,20,2025,50,0.211,0.19,0.193,0.455,20.0,1,0.574
v15,aggressive,long,stock,20,20,2026,32,-0.53,-0.33,-0.536,0.436,20.0,0,0.574
v15,aggressive,long,stock,20,63,ALL,137,1.625,0.92,1.603,0.454,20,1,0.575
v15,aggressive,long,stock,20,63,P1,63,2.749,2.46,2.756,0.479,20,0,0.583
v15,aggressive,long,stock,20,63,P2,74,0.668,0.22,0.621,0.432,20.0,1,0.569
v15,aggressive,long,stock,20,63,2023,12,4.905,3.15,4.905,0.483,20.0,0,0.564
v15,aggressive,long,stock,20,63,2024,51,2.241,1.98,2.25,0.478,20,0,0.589
v15,aggressive,long,stock,20,63,2025,50,3.199,0.89,3.129,0.472,20.0,1,0.574
v15,aggressive,long,stock,20,63,2026,24,-4.605,-0.98,-4.604,0.35,20.0,0,0.563
v15,aggressive,mid,mixed,10,5,ALL,148,0.013,0.05,0.019,0.451,10.0,0,0.656
v15,aggressive,mid,mixed,10,5,P1,63,-0.166,-0.49,-0.166,0.41,10,0,0.627
v15,aggressive,mid,mixed,10,5,P2,85,0.145,0.35,0.156,0.482,10,0,0.676
v15,aggressive,mid,mixed,10,5,2023,12,-0.138,-0.21,-0.138,0.425,10.0,0,0.655
v15,aggressive,mid,mixed,10,5,2024,51,-0.173,-0.44,-0.173,0.406,10,0,0.622
v15,aggressive,mid,mixed,10,5,2025,50,0.348,0.79,0.366,0.49,10.0,0,0.661
v15,aggressive,mid,mixed,10,5,2026,35,-0.144,-0.18,-0.144,0.471,10,0,0.694
v15,aggressive,mid,mixed,10,20,ALL,145,-0.633,-1.02,-0.64,0.373,10,0,0.653
v15,aggressive,mid,mixed,10,20,P1,63,-0.412,-0.46,-0.412,0.327,10,0,0.627
v15,aggressive,mid,mixed,10,20,P2,82,-0.803,-0.94,-0.816,0.408,10.0,0,0.672
v15,aggressive,mid,mixed,10,20,2023,12,-1.992,-2.84,-1.992,0.275,10.0,0,0.655
v15,aggressive,mid,mixed,10,20,2024,51,-0.04,-0.04,-0.04,0.339,10,0,0.622
v15,aggressive,mid,mixed,10,20,2025,50,-0.662,-0.62,-0.683,0.392,10.0,0,0.661
v15,aggressive,mid,mixed,10,20,2026,32,-1.025,-0.72,-1.025,0.431,10.0,0,0.684
v15,aggressive,mid,mixed,10,63,ALL,137,-1.354,-0.93,-1.366,0.334,10,0,0.647
v15,aggressive,mid,mixed,10,63,P1,63,-0.462,-0.38,-0.462,0.314,10,0,0.627
v15,aggressive,mid,mixed,10,63,P2,74,-2.112,-0.85,-2.135,0.352,10.0,0,0.663
v15,aggressive,mid,mixed,10,63,2023,12,-0.895,-0.98,-0.895,0.3,10.0,0,0.655
v15,aggressive,mid,mixed,10,63,2024,51,-0.361,-0.24,-0.361,0.318,10,0,0.622
v15,aggressive,mid,mixed,10,63,2025,50,-0.162,-0.05,-0.196,0.39,10.0,0,0.661
v15,aggressive,mid,mixed,10,63,2026,24,-6.176,-1.82,-6.176,0.271,10.0,0,0.661
v15,aggressive,mid,mixed,20,5,ALL,148,-0.036,-0.15,-0.036,0.462,20.0,0,0.617
v15,aggressive,mid,mixed,20,5,P1,63,0.016,0.05,0.016,0.423,20,0,0.607
v15,aggressive,mid,mixed,20,5,P2,85,-0.075,-0.22,-0.075,0.491,20,0,0.624
v15,aggressive,mid,mixed,20,5,2023,12,-0.241,-0.53,-0.241,0.417,20.0,0,0.609
v15,aggressive,mid,mixed,20,5,2024,51,0.076,0.21,0.077,0.424,20,0,0.604
v15,aggressive,mid,mixed,20,5,2025,50,0.031,0.09,0.036,0.489,20.0,0,0.616
v15,aggressive,mid,mixed,20,5,2026,35,-0.225,-0.34,-0.234,0.495,20,0,0.64
v15,aggressive,mid,mixed,20,20,ALL,145,-0.463,-0.78,-0.465,0.4,20,0,0.615
v15,aggressive,mid,mixed,20,20,P1,63,-0.3,-0.39,-0.297,0.364,20,0,0.607
v15,aggressive,mid,mixed,20,20,P2,82,-0.588,-0.68,-0.594,0.427,20.0,0,0.621
v15,aggressive,mid,mixed,20,20,2023,12,-1.136,-1.69,-1.136,0.358,20.0,0,0.609
v15,aggressive,mid,mixed,20,20,2024,51,-0.104,-0.11,-0.1,0.365,20,0,0.604
v15,aggressive,mid,mixed,20,20,2025,50,-0.458,-0.44,-0.464,0.423,20.0,0,0.616
v15,aggressive,mid,mixed,20,20,2026,32,-0.792,-0.53,-0.797,0.433,20.0,0,0.632
v15,aggressive,mid,mixed,20,63,ALL,137,-1.185,-0.76,-1.186,0.358,20,0,0.61
v15,aggressive,mid,mixed,20,63,P1,63,-0.776,-0.79,-0.769,0.33,20,0,0.607
v15,aggressive,mid,mixed,20,63,P2,74,-1.534,-0.56,-1.541,0.381,20.0,0,0.612
v15,aggressive,mid,mixed,20,63,2023,12,0.237,0.43,0.237,0.362,20.0,0,0.609
v15,aggressive,mid,mixed,20,63,2024,51,-1.014,-0.85,-1.006,0.322,20,0,0.604
v15,aggressive,mid,mixed,20,63,2025,50,0.671,0.2,0.665,0.421,20.0,0,0.616
v15,aggressive,mid,mixed,20,63,2026,24,-6.128,-1.57,-6.136,0.298,20.0,0,0.609
v15,aggressive,mid,stock,10,5,ALL,148,0.17,0.57,0.174,0.483,10.0,0,0.641
v15,aggressive,mid,stock,10,5,P1,63,0.051,0.14,0.053,0.465,10,0,0.639
v15,aggressive,mid,stock,10,5,P2,85,0.259,0.57,0.263,0.496,10,0,0.642
v15,aggressive,mid,stock,10,5,2023,12,0.144,0.2,0.144,0.475,10.0,0,0.591
v15,aggressive,mid,stock,10,5,2024,51,0.03,0.07,0.032,0.462,10,0,0.648
v15,aggressive,mid,stock,10,5,2025,50,0.346,0.74,0.362,0.511,10.0,0,0.627
v15,aggressive,mid,stock,10,5,2026,35,0.134,0.15,0.122,0.475,10,0,0.662
v15,aggressive,mid,stock,10,20,ALL,145,-0.145,-0.2,-0.15,0.45,10,0,0.64
v15,aggressive,mid,stock,10,20,P1,63,0.76,0.73,0.764,0.49,10,0,0.639
v15,aggressive,mid,stock,10,20,P2,82,-0.84,-0.89,-0.852,0.42,10.0,0,0.64
v15,aggressive,mid,stock,10,20,2023,12,-1.599,-2.0,-1.599,0.358,10.0,0,0.591
v15,aggressive,mid,stock,10,20,2024,51,1.315,1.07,1.32,0.521,10,0,0.648
v15,aggressive,mid,stock,10,20,2025,50,-0.958,-0.85,-0.98,0.407,10.0,0,0.627
v15,aggressive,mid,stock,10,20,2026,32,-0.655,-0.39,-0.652,0.442,10.0,0,0.658
v15,aggressive,mid,stock,10,63,ALL,137,0.542,0.33,0.543,0.431,10,0,0.638
v15,aggressive,mid,stock,10,63,P1,63,2.587,2.13,2.6,0.468,10,0,0.639
v15,aggressive,mid,stock,10,63,P2,74,-1.199,-0.43,-1.209,0.401,10.0,0,0.636
v15,aggressive,mid,stock,10,63,2023,12,1.65,1.47,1.65,0.425,10.0,0,0.591
v15,aggressive,mid,stock,10,63,2024,51,2.808,1.94,2.824,0.478,10,0,0.648
v15,aggressive,mid,stock,10,63,2025,50,0.861,0.25,0.819,0.436,10.0,0,0.627
v15,aggressive,mid,stock,10,63,2026,24,-5.491,-1.36,-5.433,0.327,10.0,0,0.652
v15,aggressive,mid,stock,20,5,ALL,148,-0.052,-0.21,-0.056,0.487,20.0,2,0.614
v15,aggressive,mid,stock,20,5,P1,63,0.117,0.37,0.118,0.475,20,1,0.622
v15,aggressive,mid,stock,20,5,P2,85,-0.178,-0.48,-0.184,0.496,20,1,0.61
v15,aggressive,mid,stock,20,5,2023,12,-0.245,-0.46,-0.245,0.458,20.0,0,0.6
v15,aggressive,mid,stock,20,5,2024,51,0.202,0.55,0.203,0.479,20,1,0.629
v15,aggressive,mid,stock,20,5,2025,50,-0.126,-0.33,-0.129,0.496,20.0,1,0.609
v15,aggressive,mid,stock,20,5,2026,35,-0.252,-0.35,-0.263,0.497,20,0,0.613
v15,aggressive,mid,stock,20,20,ALL,145,0.01,0.02,0.001,0.465,20,2,0.615
v15,aggressive,mid,stock,20,20,P1,63,0.671,0.79,0.674,0.492,20,1,0.622
v15,aggressive,mid,stock,20,20,P2,82,-0.497,-0.55,-0.517,0.443,20.0,1,0.61
v15,aggressive,mid,stock,20,20,2023,12,-0.641,-0.82,-0.641,0.417,20.0,0,0.6
v15,aggressive,mid,stock,20,20,2024,51,0.979,0.96,0.983,0.51,20,1,0.629
v15,aggressive,mid,stock,20,20,2025,50,-0.348,-0.31,-0.373,0.452,20.0,1,0.609
v15,aggressive,mid,stock,20,20,2026,32,-0.731,-0.48,-0.741,0.429,20.0,0,0.616
v15,aggressive,mid,stock,20,63,ALL,137,0.735,0.4,0.712,0.441,20,2,0.612
v15,aggressive,mid,stock,20,63,P1,63,1.947,2.04,1.961,0.463,20,1,0.622
v15,aggressive,mid,stock,20,63,P2,74,-0.297,-0.09,-0.351,0.422,20.0,1,0.605
v15,aggressive,mid,stock,20,63,2023,12,2.847,4.4,2.847,0.45,20.0,0,0.6
v15,aggressive,mid,stock,20,63,2024,51,1.735,1.57,1.753,0.466,20,1,0.629
v15,aggressive,mid,stock,20,63,2025,50,2.286,0.59,2.206,0.465,20.0,1,0.609
v15,aggressive,mid,stock,20,63,2026,24,-5.677,-1.31,-5.68,0.331,20.0,0,0.602
v15,aggressive,short,mixed,10,5,ALL,148,-0.175,-0.73,-0.172,0.454,10.0,0,0.721
v15,aggressive,short,mixed,10,5,P1,63,-0.135,-0.37,-0.135,0.406,10,0,0.685
v15,aggressive,short,mixed,10,5,P2,85,-0.206,-0.64,-0.199,0.489,10,0,0.745
v15,aggressive,short,mixed,10,5,2023,12,-0.363,-0.61,-0.363,0.392,10.0,0,0.682
v15,aggressive,short,mixed,10,5,2024,51,-0.081,-0.19,-0.081,0.41,10,0,0.688
v15,aggressive,short,mixed,10,5,2025,50,0.037,0.1,0.048,0.507,10.0,0,0.724
v15,aggressive,short,mixed,10,5,2026,35,-0.552,-0.97,-0.552,0.463,10,0,0.771
v15,aggressive,short,mixed,10,20,ALL,145,-0.676,-1.11,-0.681,0.382,10,0,0.719
v15,aggressive,short,mixed,10,20,P1,63,-0.23,-0.25,-0.23,0.351,10,0,0.685
v15,aggressive,short,mixed,10,20,P2,82,-1.019,-1.25,-1.027,0.405,10.0,0,0.742
v15,aggressive,short,mixed,10,20,2023,12,-2.039,-3.31,-2.039,0.3,10.0,0,0.682
v15,aggressive,short,mixed,10,20,2024,51,0.195,0.18,0.195,0.363,10,0,0.688
v15,aggressive,short,mixed,10,20,2025,50,-0.762,-0.73,-0.776,0.405,10.0,0,0.724
v15,aggressive,short,mixed,10,20,2026,32,-1.42,-1.08,-1.42,0.406,10.0,0,0.765
v15,aggressive,short,mixed,10,63,ALL,137,-1.793,-1.19,-1.796,0.339,10,0,0.712
v15,aggressive,short,mixed,10,63,P1,63,-1.209,-0.99,-1.209,0.311,10,0,0.685
v15,aggressive,short,mixed,10,63,P2,74,-2.291,-0.9,-2.296,0.363,10.0,0,0.732
v15,aggressive,short,mixed,10,63,2023,12,-1.719,-2.03,-1.719,0.275,10.0,0,0.682
v15,aggressive,short,mixed,10,63,2024,51,-1.088,-0.74,-1.088,0.32,10,0,0.688
v15,aggressive,short,mixed,10,63,2025,50,-0.38,-0.11,-0.387,0.397,10.0,0,0.724
v15,aggressive,short,mixed,10,63,2026,24,-6.272,-3.54,-6.272,0.292,10.0,0,0.739
v15,aggressive,short,mixed,20,5,ALL,148,0.003,0.01,0.004,0.467,20.0,0,0.666
v15,aggressive,short,mixed,20,5,P1,63,0.021,0.07,0.022,0.425,20,0,0.651
v15,aggressive,short,mixed,20,5,P2,85,-0.011,-0.04,-0.008,0.497,20,0,0.678
v15,aggressive,short,mixed,20,5,2023,12,-0.164,-0.32,-0.164,0.433,20.0,0,0.627
v15,aggressive,short,mixed,20,5,2024,51,0.065,0.19,0.065,0.423,20,0,0.654
v15,aggressive,short,mixed,20,5,2025,50,0.216,0.65,0.22,0.505,20.0,0,0.668
v15,aggressive,short,mixed,20,5,2026,35,-0.334,-0.68,-0.334,0.487,20,0,0.688
v15,aggressive,short,mixed,20,20,ALL,145,-0.67,-1.3,-0.67,0.396,20,0,0.665
v15,aggressive,short,mixed,20,20,P1,63,-0.498,-0.69,-0.498,0.354,20,0,0.651
v15,aggressive,short,mixed,20,20,P2,82,-0.803,-1.11,-0.803,0.428,20.0,0,0.675
v15,aggressive,short,mixed,20,20,2023,12,-1.442,-2.05,-1.442,0.346,20.0,0,0.627
v15,aggressive,short,mixed,20,20,2024,51,-0.276,-0.32,-0.276,0.355,20,0,0.654
v15,aggressive,short,mixed,20,20,2025,50,-0.15,-0.16,-0.149,0.436,20.0,0,0.668
v15,aggressive,short,mixed,20,20,2026,32,-1.824,-1.82,-1.824,0.416,20.0,0,0.682
v15,aggressive,short,mixed,20,63,ALL,137,-1.987,-1.35,-1.977,0.352,20,0,0.662
v15,aggressive,short,mixed,20,63,P1,63,-1.678,-1.88,-1.678,0.326,20,0,0.651
v15,aggressive,short,mixed,20,63,P2,74,-2.25,-0.87,-2.232,0.374,20.0,0,0.671
v15,aggressive,short,mixed,20,63,2023,12,-1.586,-2.37,-1.586,0.325,20.0,0,0.627
v15,aggressive,short,mixed,20,63,2024,51,-1.7,-1.55,-1.699,0.326,20,0,0.654
v15,aggressive,short,mixed,20,63,2025,50,0.493,0.16,0.52,0.422,20.0,0,0.668
v15,aggressive,short,mixed,20,63,2026,24,-7.965,-3.62,-7.965,0.273,20.0,0,0.672
v15,aggressive,short,stock,10,5,ALL,148,-0.147,-0.55,-0.141,0.481,10.0,0,0.744
v15,aggressive,short,stock,10,5,P1,63,0.027,0.07,0.027,0.463,10,0,0.74
v15,aggressive,short,stock,10,5,P2,85,-0.276,-0.75,-0.265,0.493,10,0,0.745
v15,aggressive,short,stock,10,5,2023,12,0.014,0.02,0.014,0.458,10.0,0,0.664
v15,aggressive,short,stock,10,5,2024,51,0.03,0.07,0.03,0.465,10,0,0.754
v15,aggressive,short,stock,10,5,2025,50,-0.035,-0.08,-0.016,0.521,10.0,0,0.731
v15,aggressive,short,stock,10,5,2026,35,-0.62,-0.99,-0.62,0.454,10,0,0.762
v15,aggressive,short,stock,10,20,ALL,145,-0.618,-0.96,-0.62,0.445,10,0,0.743
v15,aggressive,short,stock,10,20,P1,63,0.308,0.34,0.308,0.484,10,0,0.74
v15,aggressive,short,stock,10,20,P2,82,-1.33,-1.53,-1.334,0.415,10.0,0,0.743
v15,aggressive,short,stock,10,20,2023,12,-1.431,-2.26,-1.431,0.383,10.0,0,0.664
v15,aggressive,short,stock,10,20,2024,51,0.718,0.66,0.718,0.508,10,0,0.754
v15,aggressive,short,stock,10,20,2025,50,-0.926,-0.79,-0.932,0.422,10.0,0,0.731
v15,aggressive,short,stock,10,20,2026,32,-1.962,-1.54,-1.962,0.403,10.0,0,0.758
v15,aggressive,short,stock,10,63,ALL,137,-0.578,-0.35,-0.566,0.417,10,0,0.74
v15,aggressive,short,stock,10,63,P1,63,1.103,0.99,1.103,0.441,10,0,0.74
v15,aggressive,short,stock,10,63,P2,74,-2.01,-0.73,-1.988,0.396,10.0,0,0.738
v15,aggressive,short,stock,10,63,2023,12,1.397,1.41,1.397,0.392,10.0,0,0.664
v15,aggressive,short,stock,10,63,2024,51,1.034,0.78,1.034,0.453,10,0,0.754
v15,aggressive,short,stock,10,63,2025,50,0.139,0.04,0.172,0.43,10.0,0,0.731
v15,aggressive,short,stock,10,63,2026,24,-6.489,-2.57,-6.489,0.325,10.0,0,0.748
v15,aggressive,short,stock,20,5,ALL,148,0.052,0.24,0.054,0.487,20.0,1,0.668
v15,aggressive,short,stock,20,5,P1,63,0.086,0.29,0.087,0.472,20,0,0.673
v15,aggressive,short,stock,20,5,P2,85,0.026,0.09,0.03,0.498,20,1,0.665
v15,aggressive,short,stock,20,5,2023,12,-0.275,-0.44,-0.275,0.467,20.0,0,0.636
v15,aggressive,short,stock,20,5,2024,51,0.171,0.51,0.172,0.474,20,0,0.682
v15,aggressive,short,stock,20,5,2025,50,0.19,0.55,0.196,0.506,20.0,1,0.652
v15,aggressive,short,stock,20,5,2026,35,-0.208,-0.38,-0.208,0.486,20,0,0.682
v15,aggressive,short,stock,20,20,ALL,145,-0.482,-0.9,-0.481,0.448,20,1,0.667
v15,aggressive,short,stock,20,20,P1,63,0.005,0.01,0.007,0.46,20,0,0.673
v15,aggressive,short,stock,20,20,P2,82,-0.857,-1.16,-0.856,0.438,20.0,1,0.664
v15,aggressive,short,stock,20,20,2023,12,-1.471,-1.41,-1.471,0.375,20.0,0,0.636
v15,aggressive,short,stock,20,20,2024,51,0.352,0.4,0.354,0.481,20,0,0.682
v15,aggressive,short,stock,20,20,2025,50,-0.371,-0.36,-0.369,0.448,20.0,1,0.652
v15,aggressive,short,stock,20,20,2026,32,-1.616,-1.69,-1.616,0.423,20.0,0,0.681
v15,aggressive,short,stock,20,63,ALL,137,-0.754,-0.46,-0.744,0.414,20,1,0.667
v15,aggressive,short,stock,20,63,P1,63,0.176,0.23,0.179,0.423,20,0,0.673
v15,aggressive,short,stock,20,63,P2,74,-1.546,-0.54,-1.53,0.406,20.0,1,0.662
v15,aggressive,short,stock,20,63,2023,12,0.949,1.74,0.949,0.413,20.0,0,0.636
v15,aggressive,short,stock,20,63,2024,51,-0.006,-0.01,-0.002,0.425,20,0,0.682
v15,aggressive,short,stock,20,63,2025,50,1.367,0.4,1.39,0.457,20.0,1,0.652
v15,aggressive,short,stock,20,63,2026,24,-7.613,-2.95,-7.613,0.3,20.0,0,0.68
v15,balanced,long,mixed,10,5,ALL,148,0.06,0.21,0.064,0.457,10.0,0,0.628
v15,balanced,long,mixed,10,5,P1,63,0.023,0.06,0.023,0.427,10,0,0.595
v15,balanced,long,mixed,10,5,P2,85,0.087,0.21,0.094,0.479,10,0,0.651
v15,balanced,long,mixed,10,5,2023,12,-0.105,-0.16,-0.105,0.417,10.0,0,0.591
v15,balanced,long,mixed,10,5,2024,51,0.053,0.13,0.053,0.429,10,0,0.592
v15,balanced,long,mixed,10,5,2025,50,0.057,0.13,0.068,0.478,10.0,0,0.649
v15,balanced,long,mixed,10,5,2026,35,0.131,0.16,0.131,0.48,10,0,0.653
v15,balanced,long,mixed,10,20,ALL,145,-0.348,-0.51,-0.355,0.386,10,0,0.624
v15,balanced,long,mixed,10,20,P1,63,0.159,0.16,0.159,0.349,10,0,0.595
v15,balanced,long,mixed,10,20,P2,82,-0.738,-0.8,-0.75,0.414,10.0,0,0.646
v15,balanced,long,mixed,10,20,2023,12,-1.842,-2.77,-1.842,0.292,10.0,0,0.591
v15,balanced,long,mixed,10,20,2024,51,0.63,0.53,0.63,0.363,10,0,0.592
v15,balanced,long,mixed,10,20,2025,50,-0.707,-0.59,-0.728,0.398,10.0,0,0.649
v15,balanced,long,mixed,10,20,2026,32,-0.785,-0.54,-0.785,0.438,10.0,0,0.639
v15,balanced,long,mixed,10,63,ALL,137,-0.63,-0.45,-0.636,0.354,10,0,0.621
v15,balanced,long,mixed,10,63,P1,63,0.422,0.31,0.422,0.335,10,0,0.595
v15,balanced,long,mixed,10,63,P2,74,-1.526,-0.65,-1.536,0.371,10.0,0,0.642
v15,balanced,long,mixed,10,63,2023,12,0.152,0.19,0.152,0.333,10.0,0,0.591
v15,balanced,long,mixed,10,63,2024,51,0.486,0.3,0.486,0.335,10,0,0.592
v15,balanced,long,mixed,10,63,2025,50,0.598,0.21,0.583,0.4,10.0,0,0.649
v15,balanced,long,mixed,10,63,2026,24,-5.951,-2.16,-5.951,0.308,10.0,0,0.626
v15,balanced,long,mixed,20,5,ALL,148,0.054,0.24,0.057,0.469,20.0,1,0.611
v15,balanced,long,mixed,20,5,P1,63,-0.034,-0.12,-0.023,0.432,20,1,0.61
v15,balanced,long,mixed,20,5,P2,85,0.119,0.36,0.116,0.497,20,0,0.613
v15,balanced,long,mixed,20,5,2023,12,-0.193,-0.39,-0.139,0.426,20.0,1,0.6
v15,balanced,long,mixed,20,5,2024,51,0.004,0.01,0.004,0.433,20,0,0.609
v15,balanced,long,mixed,20,5,2025,50,0.087,0.26,0.088,0.484,20.0,0,0.606
v15,balanced,long,mixed,20,5,2026,35,0.166,0.26,0.156,0.515,20,0,0.626
v15,balanced,long,mixed,20,20,ALL,145,0.003,0.01,0.004,0.413,20,1,0.61
v15,balanced,long,mixed,20,20,P1,63,-0.086,-0.11,-0.084,0.368,20,1,0.61
v15,balanced,long,mixed,20,20,P2,82,0.072,0.09,0.071,0.448,20.0,0,0.61
v15,balanced,long,mixed,20,20,2023,12,-1.069,-1.53,-1.076,0.364,20.0,1,0.6
v15,balanced,long,mixed,20,20,2024,51,0.145,0.16,0.149,0.369,20,0,0.609
v15,balanced,long,mixed,20,20,2025,50,0.174,0.16,0.177,0.448,20.0,0,0.606
v15,balanced,long,mixed,20,20,2026,32,-0.087,-0.07,-0.095,0.448,20.0,0,0.623
v15,balanced,long,mixed,20,63,ALL,137,0.055,0.03,0.067,0.38,20,1,0.606
v15,balanced,long,mixed,20,63,P1,63,-0.1,-0.1,-0.092,0.351,20,1,0.61
v15,balanced,long,mixed,20,63,P2,74,0.187,0.06,0.201,0.405,20.0,0,0.603
v15,balanced,long,mixed,20,63,2023,12,1.582,2.25,1.584,0.399,20.0,1,0.6
v15,balanced,long,mixed,20,63,2024,51,-0.496,-0.42,-0.486,0.34,20,0,0.609
v15,balanced,long,mixed,20,63,2025,50,2.852,0.78,2.88,0.448,20.0,0,0.606
v15,balanced,long,mixed,20,63,2026,24,-5.366,-1.85,-5.38,0.314,20.0,0,0.604
v15,balanced,long,stock,10,5,ALL,148,0.15,0.51,0.153,0.488,10.0,1,0.619
v15,balanced,long,stock,10,5,P1,63,0.26,0.72,0.26,0.486,10,0,0.605
v15,balanced,long,stock,10,5,P2,85,0.069,0.16,0.075,0.49,10,1,0.63
v15,balanced,long,stock,10,5,2023,12,0.086,0.11,0.086,0.483,10.0,0,0.582
v15,balanced,long,stock,10,5,2024,51,0.3,0.74,0.3,0.486,10,0,0.608
v15,balanced,long,stock,10,5,2025,50,-0.035,-0.08,-0.025,0.489,10.0,1,0.618
v15,balanced,long,stock,10,5,2026,35,0.217,0.25,0.217,0.491,10,0,0.647
v15,balanced,long,stock,10,20,ALL,145,0.058,0.08,0.058,0.461,10,1,0.617
v15,balanced,long,stock,10,20,P1,63,0.968,0.9,0.968,0.503,10,0,0.605
v15,balanced,long,stock,10,20,P2,82,-0.64,-0.64,-0.642,0.428,10.0,1,0.627
v15,balanced,long,stock,10,20,2023,12,-1.629,-1.85,-1.629,0.375,10.0,0,0.582
v15,balanced,long,stock,10,20,2024,51,1.579,1.25,1.579,0.533,10,0,0.608
v15,balanced,long,stock,10,20,2025,50,-0.619,-0.46,-0.621,0.422,10.0,1,0.618
v15,balanced,long,stock,10,20,2026,32,-0.674,-0.45,-0.674,0.438,10.0,0,0.642
v15,balanced,long,stock,10,63,ALL,137,1.55,0.94,1.55,0.445,10,1,0.615
v15,balanced,long,stock,10,63,P1,63,3.574,2.4,3.574,0.478,10,0,0.605
v15,balanced,long,stock,10,63,P2,74,-0.172,-0.06,-0.173,0.418,10.0,1,0.625
v15,balanced,long,stock,10,63,2023,12,2.883,2.43,2.883,0.45,10.0,0,0.582
v15,balanced,long,stock,10,63,2024,51,3.736,2.1,3.736,0.484,10,0,0.608
v15,balanced,long,stock,10,63,2025,50,2.168,0.68,2.166,0.454,10.0,1,0.618
v15,balanced,long,stock,10,63,2026,24,-5.048,-1.44,-5.048,0.342,10.0,0,0.639
v15,balanced,long,stock,20,5,ALL,148,0.107,0.46,0.113,0.489,20.0,2,0.591
v15,balanced,long,stock,20,5,P1,63,0.12,0.43,0.134,0.477,20,1,0.605
v15,balanced,long,stock,20,5,P2,85,0.097,0.28,0.097,0.498,20,1,0.582
v15,balanced,long,stock,20,5,2023,12,-0.178,-0.32,-0.109,0.462,20.0,1,0.6
v15,balanced,long,stock,20,5,2024,51,0.19,0.59,0.191,0.481,20,0,0.607
v15,balanced,long,stock,20,5,2025,50,0.064,0.18,0.072,0.493,20.0,1,0.572
v15,balanced,long,stock,20,5,2026,35,0.144,0.21,0.133,0.506,20,0,0.603
v15,balanced,long,stock,20,20,ALL,145,0.406,0.66,0.388,0.47,20,2,0.591
v15,balanced,long,stock,20,20,P1,63,0.802,0.95,0.806,0.492,20,1,0.605
v15,balanced,long,stock,20,20,P2,82,0.101,0.12,0.068,0.452,20.0,1,0.581
v15,balanced,long,stock,20,20,2023,12,-0.805,-0.94,-0.804,0.411,20.0,1,0.6
v15,balanced,long,stock,20,20,2024,51,1.179,1.17,1.185,0.511,20,0,0.607
v15,balanced,long,stock,20,20,2025,50,0.323,0.29,0.275,0.465,20.0,1,0.572
v15,balanced,long,stock,20,20,2026,32,-0.244,-0.18,-0.257,0.432,20.0,0,0.602
v15,balanced,long,stock,20,63,ALL,137,1.701,0.99,1.664,0.454,20,2,0.588
v15,balanced,long,stock,20,63,P1,63,2.435,2.3,2.447,0.471,20,1,0.605
v15,balanced,long,stock,20,63,P2,74,1.076,0.36,0.998,0.439,20.0,1,0.575
v15,balanced,long,stock,20,63,2023,12,3.361,2.82,3.385,0.472,20.0,1,0.6
v15,balanced,long,stock,20,63,2024,51,2.217,1.84,2.226,0.471,20,0,0.607
v15,balanced,long,stock,20,63,2025,50,3.971,1.11,3.861,0.485,20.0,1,0.572
v15,balanced,long,stock,20,63,2026,24,-4.953,-1.47,-4.966,0.344,20.0,0,0.589
v15,balanced,mid,mixed,10,5,ALL,148,0.093,0.34,0.097,0.46,10.0,0,0.675
v15,balanced,mid,mixed,10,5,P1,63,-0.073,-0.2,-0.072,0.42,10,0,0.642
v15,balanced,mid,mixed,10,5,P2,85,0.215,0.55,0.222,0.489,10,0,0.699
v15,balanced,mid,mixed,10,5,2023,12,-0.009,-0.01,-0.009,0.425,10.0,0,0.609
v15,balanced,mid,mixed,10,5,2024,51,-0.088,-0.21,-0.086,0.419,10,0,0.646
v15,balanced,mid,mixed,10,5,2025,50,0.358,0.86,0.371,0.496,10.0,0,0.692
v15,balanced,mid,mixed,10,5,2026,35,0.01,0.01,0.01,0.48,10,0,0.706
v15,balanced,mid,mixed,10,20,ALL,145,-0.38,-0.62,-0.385,0.38,10,0,0.672
v15,balanced,mid,mixed,10,20,P1,63,-0.307,-0.35,-0.307,0.334,10,0,0.642
v15,balanced,mid,mixed,10,20,P2,82,-0.436,-0.51,-0.445,0.415,10.0,0,0.695
v15,balanced,mid,mixed,10,20,2023,12,-1.559,-2.65,-1.559,0.292,10.0,0,0.609
v15,balanced,mid,mixed,10,20,2024,51,-0.012,-0.01,-0.012,0.344,10,0,0.646
v15,balanced,mid,mixed,10,20,2025,50,-0.142,-0.13,-0.156,0.413,10.0,0,0.692
v15,balanced,mid,mixed,10,20,2026,32,-0.896,-0.7,-0.896,0.419,10.0,0,0.697
v15,balanced,mid,mixed,10,63,ALL,137,-0.171,-0.11,-0.167,0.356,10,0,0.666
v15,balanced,mid,mixed,10,63,P1,63,0.182,0.14,0.194,0.329,10,0,0.642
v15,balanced,mid,mixed,10,63,P2,74,-0.471,-0.17,-0.474,0.379,10.0,0,0.686
v15,balanced,mid,mixed,10,63,2023,12,0.145,0.17,0.145,0.333,10.0,0,0.609
v15,balanced,mid,mixed,10,63,2024,51,0.191,0.12,0.205,0.328,10,0,0.646
v15,balanced,mid,mixed,10,63,2025,50,2.238,0.68,2.234,0.418,10.0,0,0.692
v15,balanced,mid,mixed,10,63,2026,24,-6.115,-2.42,-6.115,0.296,10.0,0,0.67
v15,balanced,mid,mixed,20,5,ALL,148,-0.033,-0.15,-0.025,0.46,20.0,3,0.643
v15,balanced,mid,mixed,20,5,P1,63,-0.092,-0.34,-0.072,0.429,20,3,0.64
v15,balanced,mid,mixed,20,5,P2,85,0.011,0.03,0.01,0.482,20,0,0.646
v15,balanced,mid,mixed,20,5,2023,12,-0.006,-0.01,0.1,0.444,20.0,3,0.646
v15,balanced,mid,mixed,20,5,2024,51,-0.113,-0.35,-0.112,0.426,20,0,0.634
v15,balanced,mid,mixed,20,5,2025,50,0.027,0.08,0.03,0.473,20.0,0,0.642
v15,balanced,mid,mixed,20,5,2026,35,-0.012,-0.02,-0.018,0.496,20,0,0.654
v15,balanced,mid,mixed,20,20,ALL,145,-0.388,-0.74,-0.394,0.401,20,3,0.642
v15,balanced,mid,mixed,20,20,P1,63,-0.454,-0.63,-0.464,0.351,20,3,0.64
v15,balanced,mid,mixed,20,20,P2,82,-0.336,-0.45,-0.34,0.44,20.0,0,0.644
v15,balanced,mid,mixed,20,20,2023,12,-0.827,-1.08,-0.896,0.359,20.0,3,0.646
v15,balanced,mid,mixed,20,20,2024,51,-0.366,-0.43,-0.363,0.35,20,0,0.634
v15,balanced,mid,mixed,20,20,2025,50,-0.28,-0.29,-0.28,0.44,20.0,0,0.642
v15,balanced,mid,mixed,20,20,2026,32,-0.425,-0.36,-0.435,0.44,20.0,0,0.652
v15,balanced,mid,mixed,20,63,ALL,137,-0.904,-0.6,-0.904,0.359,20,3,0.638
v15,balanced,mid,mixed,20,63,P1,63,-0.956,-1.02,-0.956,0.328,20,3,0.64
v15,balanced,mid,mixed,20,63,P2,74,-0.859,-0.32,-0.86,0.386,20.0,0,0.637
v15,balanced,mid,mixed,20,63,2023,12,1.201,2.0,1.163,0.385,20.0,3,0.646
v15,balanced,mid,mixed,20,63,2024,51,-1.463,-1.36,-1.454,0.314,20,0,0.634
v15,balanced,mid,mixed,20,63,2025,50,1.712,0.51,1.733,0.432,20.0,0,0.642
v15,balanced,mid,mixed,20,63,2026,24,-6.216,-2.87,-6.262,0.29,20.0,0,0.63
v15,balanced,mid,stock,10,5,ALL,148,0.164,0.56,0.166,0.493,10.0,1,0.664
v15,balanced,mid,stock,10,5,P1,63,0.152,0.42,0.153,0.476,10,0,0.658
v15,balanced,mid,stock,10,5,P2,85,0.172,0.4,0.175,0.506,10,1,0.668
v15,balanced,mid,stock,10,5,2023,12,0.199,0.28,0.199,0.475,10.0,0,0.6
v15,balanced,mid,stock,10,5,2024,51,0.141,0.34,0.143,0.476,10,0,0.67
v15,balanced,mid,stock,10,5,2025,50,0.075,0.16,0.087,0.51,10.0,1,0.665
v15,balanced,mid,stock,10,5,2026,35,0.312,0.39,0.302,0.501,10,0,0.671
v15,balanced,mid,stock,10,20,ALL,145,-0.046,-0.07,-0.061,0.459,10,1,0.663
v15,balanced,mid,stock,10,20,P1,63,0.573,0.56,0.574,0.488,10,0,0.658
v15,balanced,mid,stock,10,20,P2,82,-0.523,-0.54,-0.548,0.437,10.0,1,0.667
v15,balanced,mid,stock,10,20,2023,12,-1.287,-1.57,-1.287,0.375,10.0,0,0.6
v15,balanced,mid,stock,10,20,2024,51,1.011,0.83,1.012,0.515,10,0,0.67
v15,balanced,mid,stock,10,20,2025,50,-0.397,-0.31,-0.435,0.434,10.0,1,0.665
v15,balanced,mid,stock,10,20,2026,32,-0.718,-0.48,-0.725,0.442,10.0,0,0.668
v15,balanced,mid,stock,10,63,ALL,137,1.444,0.84,1.443,0.439,10,1,0.664
v15,balanced,mid,stock,10,63,P1,63,3.149,2.23,3.167,0.466,10,0,0.658
v15,balanced,mid,stock,10,63,P2,74,-0.007,-0.0,-0.025,0.415,10.0,1,0.668
v15,balanced,mid,stock,10,63,2023,12,2.321,2.19,2.321,0.433,10.0,0,0.6
v15,balanced,mid,stock,10,63,2024,51,3.344,1.97,3.366,0.474,10,0,0.67
v15,balanced,mid,stock,10,63,2025,50,2.883,0.85,2.861,0.457,10.0,1,0.665
v15,balanced,mid,stock,10,63,2026,24,-6.027,-2.08,-6.037,0.327,10.0,0,0.674
v15,balanced,mid,stock,20,5,ALL,148,0.012,0.05,0.026,0.489,20.0,7,0.637
v15,balanced,mid,stock,20,5,P1,63,-0.003,-0.01,0.022,0.476,20,4,0.658
v15,balanced,mid,stock,20,5,P2,85,0.024,0.07,0.028,0.499,20,3,0.621
v15,balanced,mid,stock,20,5,2023,12,-0.131,-0.23,-0.008,0.471,20.0,3,0.662
v15,balanced,mid,stock,20,5,2024,51,0.027,0.08,0.029,0.478,20,1,0.657
v15,balanced,mid,stock,20,5,2025,50,0.024,0.07,0.037,0.498,20.0,3,0.612
v15,balanced,mid,stock,20,5,2026,35,0.023,0.03,0.016,0.501,20,0,0.64
v15,balanced,mid,stock,20,20,ALL,145,0.033,0.06,0.009,0.463,20,7,0.636
v15,balanced,mid,stock,20,20,P1,63,0.331,0.42,0.32,0.481,20,4,0.658
v15,balanced,mid,stock,20,20,P2,82,-0.197,-0.23,-0.231,0.45,20.0,3,0.619
v15,balanced,mid,stock,20,20,2023,12,-0.808,-0.93,-0.881,0.397,20.0,3,0.662
v15,balanced,mid,stock,20,20,2024,51,0.599,0.63,0.603,0.5,20,1,0.657
v15,balanced,mid,stock,20,20,2025,50,-0.088,-0.08,-0.134,0.46,20.0,3,0.612
v15,balanced,mid,stock,20,20,2026,32,-0.367,-0.3,-0.381,0.435,20.0,0,0.635
v15,balanced,mid,stock,20,63,ALL,137,1.128,0.68,1.066,0.439,20,7,0.634
v15,balanced,mid,stock,20,63,P1,63,1.538,1.49,1.551,0.449,20,4,0.658
v15,balanced,mid,stock,20,63,P2,74,0.779,0.27,0.653,0.431,20.0,3,0.614
v15,balanced,mid,stock,20,63,2023,12,3.392,3.34,3.413,0.45,20.0,3,0.662
v15,balanced,mid,stock,20,63,2024,51,1.101,0.99,1.113,0.448,20,1,0.657
v15,balanced,mid,stock,20,63,2025,50,3.599,1.02,3.427,0.479,20.0,3,0.612
v15,balanced,mid,stock,20,63,2026,24,-5.096,-1.81,-5.127,0.332,20.0,0,0.624
v15,balanced,short,mixed,10,5,ALL,148,-0.074,-0.3,-0.07,0.455,10.0,0,0.74
v15,balanced,short,mixed,10,5,P1,63,-0.083,-0.24,-0.083,0.414,10,0,0.713
v15,balanced,short,mixed,10,5,P2,85,-0.067,-0.2,-0.06,0.486,10,0,0.758
v15,balanced,short,mixed,10,5,2023,12,-0.28,-0.51,-0.28,0.383,10.0,0,0.673
v15,balanced,short,mixed,10,5,2024,51,-0.037,-0.09,-0.037,0.422,10,0,0.72
v15,balanced,short,mixed,10,5,2025,50,0.13,0.33,0.143,0.5,10.0,0,0.741
v15,balanced,short,mixed,10,5,2026,35,-0.349,-0.58,-0.349,0.466,10,0,0.782
v15,balanced,short,mixed,10,20,ALL,145,-0.671,-1.15,-0.679,0.379,10,0,0.738
v15,balanced,short,mixed,10,20,P1,63,-0.414,-0.47,-0.414,0.341,10,0,0.713
v15,balanced,short,mixed,10,20,P2,82,-0.869,-1.12,-0.883,0.408,10.0,0,0.756
v15,balanced,short,mixed,10,20,2023,12,-1.821,-4.29,-1.821,0.308,10.0,0,0.673
v15,balanced,short,mixed,10,20,2024,51,-0.083,-0.08,-0.083,0.349,10,0,0.72
v15,balanced,short,mixed,10,20,2025,50,-0.547,-0.54,-0.569,0.408,10.0,0,0.741
v15,balanced,short,mixed,10,20,2026,32,-1.372,-1.19,-1.372,0.406,10.0,0,0.777
v15,balanced,short,mixed,10,63,ALL,137,-1.432,-0.96,-1.43,0.34,10,0,0.732
v15,balanced,short,mixed,10,63,P1,63,-1.318,-1.0,-1.318,0.31,10,0,0.713
v15,balanced,short,mixed,10,63,P2,74,-1.53,-0.61,-1.526,0.367,10.0,0,0.745
v15,balanced,short,mixed,10,63,2023,12,-1.989,-1.81,-1.989,0.258,10.0,0,0.673
v15,balanced,short,mixed,10,63,2024,51,-1.16,-0.74,-1.16,0.322,10,0,0.72
v15,balanced,short,mixed,10,63,2025,50,1.014,0.32,1.019,0.407,10.0,0,0.741
v15,balanced,short,mixed,10,63,2026,24,-6.829,-7.28,-6.829,0.283,10.0,0,0.752
v15,balanced,short,mixed,20,5,ALL,148,-0.058,-0.28,-0.052,0.459,20.0,5,0.688
v15,balanced,short,mixed,20,5,P1,63,-0.112,-0.42,-0.096,0.432,20,3,0.68
v15,balanced,short,mixed,20,5,P2,85,-0.018,-0.06,-0.02,0.48,20,2,0.694
v15,balanced,short,mixed,20,5,2023,12,-0.191,-0.41,-0.097,0.437,20.0,2,0.672
v15,balanced,short,mixed,20,5,2024,51,-0.093,-0.3,-0.095,0.431,20,1,0.679
v15,balanced,short,mixed,20,5,2025,50,0.064,0.2,0.058,0.476,20.0,2,0.679
v15,balanced,short,mixed,20,5,2026,35,-0.135,-0.24,-0.131,0.485,20,0,0.716
v15,balanced,short,mixed,20,20,ALL,145,-0.491,-1.03,-0.518,0.401,20,5,0.688
v15,balanced,short,mixed,20,20,P1,63,-0.623,-0.9,-0.654,0.346,20,3,0.68
v15,balanced,short,mixed,20,20,P2,82,-0.391,-0.59,-0.414,0.444,20.0,2,0.693
v15,balanced,short,mixed,20,20,2023,12,-1.094,-1.82,-1.281,0.337,20.0,2,0.672
v15,balanced,short,mixed,20,20,2024,51,-0.512,-0.61,-0.506,0.348,20,1,0.679
v15,balanced,short,mixed,20,20,2025,50,-0.224,-0.26,-0.265,0.445,20.0,2,0.679
v15,balanced,short,mixed,20,20,2026,32,-0.65,-0.67,-0.647,0.442,20.0,0,0.716
v15,balanced,short,mixed,20,63,ALL,137,-1.457,-0.98,-1.489,0.358,20,5,0.684
v15,balanced,short,mixed,20,63,P1,63,-1.564,-1.78,-1.586,0.322,20,3,0.68
v15,balanced,short,mixed,20,63,P2,74,-1.366,-0.52,-1.407,0.389,20.0,2,0.686
v15,balanced,short,mixed,20,63,2023,12,-0.016,-0.03,-0.039,0.352,20.0,2,0.672
v15,balanced,short,mixed,20,63,2024,51,-1.929,-1.81,-1.95,0.315,20,1,0.679
v15,balanced,short,mixed,20,63,2025,50,1.33,0.42,1.274,0.435,20.0,2,0.679
v15,balanced,short,mixed,20,63,2026,24,-6.981,-5.1,-6.992,0.294,20.0,0,0.702
v15,balanced,short,stock,10,5,ALL,148,0.119,0.46,0.127,0.491,10.0,3,0.744
v15,balanced,short,stock,10,5,P1,63,0.108,0.31,0.118,0.467,10,1,0.744
v15,balanced,short,stock,10,5,P2,85,0.128,0.35,0.134,0.508,10,2,0.743
v15,balanced,short,stock,10,5,2023,12,0.022,0.04,0.072,0.452,10.0,1,0.709
v15,balanced,short,stock,10,5,2024,51,0.128,0.31,0.128,0.471,10,0,0.748
v15,balanced,short,stock,10,5,2025,50,0.188,0.45,0.199,0.526,10.0,2,0.733
v15,balanced,short,stock,10,5,2026,35,0.042,0.06,0.042,0.483,10,0,0.756
v15,balanced,short,stock,10,20,ALL,145,-0.302,-0.49,-0.329,0.451,10,3,0.744
v15,balanced,short,stock,10,20,P1,63,0.337,0.38,0.328,0.485,10,1,0.744
v15,balanced,short,stock,10,20,P2,82,-0.793,-0.94,-0.834,0.425,10.0,2,0.742
v15,balanced,short,stock,10,20,2023,12,-0.928,-1.22,-0.976,0.413,10.0,1,0.709
v15,balanced,short,stock,10,20,2024,51,0.634,0.59,0.634,0.502,10,0,0.748
v15,balanced,short,stock,10,20,2025,50,-0.675,-0.6,-0.742,0.425,10.0,2,0.733
v15,balanced,short,stock,10,20,2026,32,-0.977,-0.78,-0.977,0.425,10.0,0,0.755
v15,balanced,short,stock,10,63,ALL,137,0.224,0.13,0.202,0.429,10,3,0.739
v15,balanced,short,stock,10,63,P1,63,1.669,1.26,1.68,0.45,10,1,0.744
v15,balanced,short,stock,10,63,P2,74,-1.007,-0.35,-1.057,0.41,10.0,2,0.733
v15,balanced,short,stock,10,63,2023,12,1.276,0.94,1.337,0.39,10.0,1,0.709
v15,balanced,short,stock,10,63,2024,51,1.761,1.11,1.761,0.465,10,0,0.748
v15,balanced,short,stock,10,63,2025,50,1.724,0.48,1.65,0.451,10.0,2,0.733
v15,balanced,short,stock,10,63,2026,24,-6.695,-5.24,-6.695,0.325,10.0,0,0.73
v15,balanced,short,stock,20,5,ALL,148,-0.017,-0.08,-0.014,0.483,20.0,8,0.693
v15,balanced,short,stock,20,5,P1,63,-0.008,-0.03,0.014,0.478,20,3,0.705
v15,balanced,short,stock,20,5,P2,85,-0.023,-0.07,-0.035,0.486,20,5,0.684
v15,balanced,short,stock,20,5,2023,12,-0.338,-0.58,-0.213,0.468,20.0,2,0.681
v15,balanced,short,stock,20,5,2024,51,0.069,0.22,0.068,0.48,20,1,0.711
v15,balanced,short,stock,20,5,2025,50,-0.004,-0.01,-0.027,0.484,20.0,5,0.677
v15,balanced,short,stock,20,5,2026,35,-0.05,-0.09,-0.045,0.489,20,0,0.694
v15,balanced,short,stock,20,20,ALL,145,-0.239,-0.48,-0.331,0.452,20,8,0.692
v15,balanced,short,stock,20,20,P1,63,-0.062,-0.08,-0.089,0.46,20,3,0.705
v15,balanced,short,stock,20,20,P2,82,-0.375,-0.55,-0.518,0.447,20.0,5,0.682
v15,balanced,short,stock,20,20,2023,12,-1.05,-1.28,-1.223,0.382,20.0,2,0.681
v15,balanced,short,stock,20,20,2024,51,0.17,0.19,0.178,0.478,20,1,0.711
v15,balanced,short,stock,20,20,2025,50,-0.303,-0.33,-0.539,0.448,20.0,5,0.677
v15,balanced,short,stock,20,20,2026,32,-0.489,-0.49,-0.484,0.445,20.0,0,0.692
v15,balanced,short,stock,20,63,ALL,137,-0.11,-0.07,-0.285,0.42,20,8,0.692
v15,balanced,short,stock,20,63,P1,63,0.391,0.49,0.409,0.427,20,3,0.705
v15,balanced,short,stock,20,63,P2,74,-0.536,-0.19,-0.876,0.413,20.0,5,0.68
v15,balanced,short,stock,20,63,2023,12,1.737,3.0,1.902,0.425,20.0,2,0.681
v15,balanced,short,stock,20,63,2024,51,0.074,0.08,0.057,0.428,20,1,0.711
v15,balanced,short,stock,20,63,2025,50,2.506,0.77,2.009,0.464,20.0,5,0.677
v15,balanced,short,stock,20,63,2026,24,-6.875,-3.99,-6.887,0.309,20.0,0,0.689
v15,conservative,long,mixed,10,5,ALL,148,-0.257,-1.63,-0.246,0.449,10.0,1,0.788
v15,conservative,long,mixed,10,5,P1,63,-0.273,-1.24,-0.273,0.457,10,0,0.776
v15,conservative,long,mixed,10,5,P2,85,-0.246,-1.11,-0.226,0.442,10,1,0.798
v15,conservative,long,mixed,10,5,2023,12,-0.599,-1.18,-0.599,0.442,10.0,0,0.809
v15,conservative,long,mixed,10,5,2024,51,-0.196,-0.81,-0.196,0.461,10,0,0.766
v15,conservative,long,mixed,10,5,2025,50,-0.281,-1.0,-0.246,0.434,10.0,1,0.814
v15,conservative,long,mixed,10,5,2026,35,-0.196,-0.54,-0.196,0.454,10,0,0.774
v15,conservative,long,mixed,10,20,ALL,145,-1.465,-3.58,-1.427,0.387,10,1,0.79
v15,conservative,long,mixed,10,20,P1,63,-1.371,-2.29,-1.371,0.389,10,0,0.776
v15,conservative,long,mixed,10,20,P2,82,-1.538,-2.76,-1.47,0.385,10.0,1,0.801
v15,conservative,long,mixed,10,20,2023,12,-2.732,-2.9,-2.732,0.275,10.0,0,0.809
v15,conservative,long,mixed,10,20,2024,51,-1.051,-1.54,-1.051,0.416,10,0,0.766
v15,conservative,long,mixed,10,20,2025,50,-1.289,-1.93,-1.178,0.392,10.0,1,0.814
v15,conservative,long,mixed,10,20,2026,32,-1.927,-2.03,-1.927,0.375,10.0,0,0.781
v15,conservative,long,mixed,10,63,ALL,137,-3.204,-2.52,-3.205,0.361,10,1,0.788
v15,conservative,long,mixed,10,63,P1,63,-2.854,-2.35,-2.854,0.368,10,0,0.776
v15,conservative,long,mixed,10,63,P2,74,-3.502,-1.67,-3.504,0.354,10.0,1,0.8
v15,conservative,long,mixed,10,63,2023,12,-5.699,-3.54,-5.699,0.3,10.0,0,0.809
v15,conservative,long,mixed,10,63,2024,51,-2.184,-1.69,-2.184,0.384,10,0,0.766
v15,conservative,long,mixed,10,63,2025,50,-2.311,-0.87,-2.313,0.394,10.0,1,0.814
v15,conservative,long,mixed,10,63,2026,24,-5.984,-2.48,-5.984,0.271,10.0,0,0.77
v15,conservative,long,mixed,20,5,ALL,148,-0.301,-2.1,-0.291,0.444,20.0,12,0.78
v15,conservative,long,mixed,20,5,P1,63,-0.291,-1.44,-0.288,0.451,20,5,0.775
v15,conservative,long,mixed,20,5,P2,85,-0.309,-1.54,-0.293,0.44,20,7,0.784
v15,conservative,long,mixed,20,5,2023,12,-0.614,-1.52,-0.616,0.42,20.0,4,0.834
v15,conservative,long,mixed,20,5,2024,51,-0.215,-0.94,-0.211,0.458,20,1,0.759
v15,conservative,long,mixed,20,5,2025,50,-0.371,-1.57,-0.328,0.432,20.0,6,0.791
v15,conservative,long,mixed,20,5,2026,35,-0.22,-0.63,-0.243,0.451,20,1,0.771
v15,conservative,long,mixed,20,20,ALL,145,-1.396,-3.37,-1.374,0.394,20,12,0.781
v15,conservative,long,mixed,20,20,P1,63,-1.293,-2.22,-1.337,0.383,20,5,0.775
v15,conservative,long,mixed,20,20,P2,82,-1.475,-2.56,-1.402,0.403,20.0,7,0.785
v15,conservative,long,mixed,20,20,2023,12,-2.486,-3.49,-2.721,0.274,20.0,4,0.834
v15,conservative,long,mixed,20,20,2024,51,-1.013,-1.5,-1.011,0.408,20,1,0.759
v15,conservative,long,mixed,20,20,2025,50,-1.308,-1.91,-1.184,0.408,20.0,6,0.791
v15,conservative,long,mixed,20,20,2026,32,-1.738,-1.77,-1.743,0.395,20.0,1,0.774
v15,conservative,long,mixed,20,63,ALL,137,-3.162,-2.71,-3.241,0.367,20,12,0.781
v15,conservative,long,mixed,20,63,P1,63,-2.931,-2.58,-2.99,0.368,20,5,0.775
v15,conservative,long,mixed,20,63,P2,74,-3.359,-1.76,-3.454,0.367,20.0,7,0.787
v15,conservative,long,mixed,20,63,2023,12,-5.086,-5.28,-5.407,0.305,20.0,4,0.834
v15,conservative,long,mixed,20,63,2024,51,-2.424,-1.87,-2.421,0.383,20,1,0.759
v15,conservative,long,mixed,20,63,2025,50,-2.191,-0.91,-2.315,0.402,20.0,6,0.791
v15,conservative,long,mixed,20,63,2026,24,-5.794,-2.79,-5.827,0.293,20.0,1,0.774
v15,conservative,long,stock,10,5,ALL,148,-0.26,-1.58,-0.241,0.457,10.0,3,0.79
v15,conservative,long,stock,10,5,P1,63,-0.292,-1.3,-0.292,0.47,10,0,0.771
v15,conservative,long,stock,10,5,P2,85,-0.236,-1.02,-0.203,0.448,10,3,0.806
v15,conservative,long,stock,10,5,2023,12,-0.602,-1.15,-0.602,0.467,10.0,0,0.773
v15,conservative,long,stock,10,5,2024,51,-0.218,-0.88,-0.218,0.471,10,0,0.768
v15,conservative,long,stock,10,5,2025,50,-0.218,-0.74,-0.162,0.443,10.0,3,0.82
v15,conservative,long,stock,10,5,2026,35,-0.262,-0.7,-0.262,0.454,10,0,0.785
v15,conservative,long,stock,10,20,ALL,145,-1.291,-3.12,-1.252,0.411,10,3,0.792
v15,conservative,long,stock,10,20,P1,63,-1.125,-1.89,-1.125,0.424,10,0,0.771
v15,conservative,long,stock,10,20,P2,82,-1.419,-2.49,-1.35,0.401,10.0,3,0.81
v15,conservative,long,stock,10,20,2023,12,-2.227,-2.22,-2.227,0.317,10.0,0,0.773
v15,conservative,long,stock,10,20,2024,51,-0.866,-1.28,-0.866,0.449,10,0,0.768
v15,conservative,long,stock,10,20,2025,50,-1.124,-1.65,-1.01,0.415,10.0,3,0.82
v15,conservative,long,stock,10,20,2026,32,-1.88,-1.96,-1.88,0.378,10.0,0,0.794
v15,conservative,long,stock,10,63,ALL,137,-2.79,-2.23,-2.837,0.383,10,3,0.791
v15,conservative,long,stock,10,63,P1,63,-2.373,-2.03,-2.373,0.397,10,0,0.771
v15,conservative,long,stock,10,63,P2,74,-3.144,-1.51,-3.233,0.371,10.0,3,0.81
v15,conservative,long,stock,10,63,2023,12,-4.792,-2.49,-4.792,0.333,10.0,0,0.773
v15,conservative,long,stock,10,63,2024,51,-1.803,-1.42,-1.803,0.412,10,0,0.768
v15,conservative,long,stock,10,63,2025,50,-1.848,-0.71,-1.979,0.411,10.0,3,0.82
v15,conservative,long,stock,10,63,2026,24,-5.846,-2.38,-5.846,0.288,10.0,0,0.787
v15,conservative,long,stock,20,5,ALL,148,-0.254,-1.76,-0.229,0.457,20.0,14,0.779
v15,conservative,long,stock,20,5,P1,63,-0.23,-1.17,-0.224,0.464,20,7,0.775
v15,conservative,long,stock,20,5,P2,85,-0.272,-1.33,-0.232,0.452,20,7,0.783
v15,conservative,long,stock,20,5,2023,12,-0.533,-1.4,-0.539,0.443,20.0,5,0.826
v15,conservative,long,stock,20,5,2024,51,-0.159,-0.71,-0.15,0.469,20,2,0.761
v15,conservative,long,stock,20,5,2025,50,-0.311,-1.26,-0.227,0.446,20.0,6,0.79
v15,conservative,long,stock,20,5,2026,35,-0.215,-0.61,-0.239,0.459,20,1,0.771
v15,conservative,long,stock,20,20,ALL,145,-1.345,-3.22,-1.315,0.414,20,14,0.78
v15,conservative,long,stock,20,20,P1,63,-1.154,-1.98,-1.207,0.417,20,7,0.775
v15,conservative,long,stock,20,20,P2,82,-1.491,-2.55,-1.398,0.411,20.0,7,0.785
v15,conservative,long,stock,20,20,2023,12,-2.281,-2.92,-2.571,0.319,20.0,5,0.826
v15,conservative,long,stock,20,20,2024,51,-0.889,-1.31,-0.887,0.44,20,2,0.761
v15,conservative,long,stock,20,20,2025,50,-1.332,-1.96,-1.176,0.418,20.0,6,0.79
v15,conservative,long,stock,20,20,2026,32,-1.74,-1.73,-1.745,0.4,20.0,1,0.774
v15,conservative,long,stock,20,63,ALL,137,-2.944,-2.6,-3.068,0.382,20,14,0.781
v15,conservative,long,stock,20,63,P1,63,-2.647,-2.36,-2.71,0.389,20,7,0.775
v15,conservative,long,stock,20,63,P2,74,-3.197,-1.73,-3.373,0.377,20.0,7,0.787
v15,conservative,long,stock,20,63,2023,12,-4.395,-3.75,-4.745,0.334,20.0,5,0.826
v15,conservative,long,stock,20,63,2024,51,-2.235,-1.72,-2.231,0.402,20,2,0.761
v15,conservative,long,stock,20,63,2025,50,-2.005,-0.88,-2.249,0.412,20.0,6,0.79
v15,conservative,long,stock,20,63,2026,24,-5.681,-2.71,-5.714,0.304,20.0,1,0.776
v15,conservative,mid,mixed,10,5,ALL,148,-0.268,-1.68,-0.235,0.451,10.0,2,0.796
v15,conservative,mid,mixed,10,5,P1,63,-0.261,-1.2,-0.261,0.46,10,0,0.784
v15,conservative,mid,mixed,10,5,P2,85,-0.273,-1.21,-0.215,0.444,10,2,0.806
v15,conservative,mid,mixed,10,5,2023,12,-0.627,-1.25,-0.627,0.442,10.0,0,0.8
v15,conservative,mid,mixed,10,5,2024,51,-0.175,-0.73,-0.175,0.465,10,0,0.778
v15,conservative,mid,mixed,10,5,2025,50,-0.319,-1.13,-0.221,0.437,10.0,2,0.824
v15,conservative,mid,mixed,10,5,2026,35,-0.208,-0.56,-0.208,0.454,10,0,0.779
v15,conservative,mid,mixed,10,20,ALL,145,-1.41,-3.38,-1.341,0.389,10,2,0.798
v15,conservative,mid,mixed,10,20,P1,63,-1.358,-2.19,-1.358,0.389,10,0,0.784
v15,conservative,mid,mixed,10,20,P2,82,-1.449,-2.57,-1.327,0.388,10.0,2,0.81
v15,conservative,mid,mixed,10,20,2023,12,-2.776,-2.96,-2.776,0.267,10.0,0,0.8
v15,conservative,mid,mixed,10,20,2024,51,-1.025,-1.45,-1.025,0.418,10,0,0.778
v15,conservative,mid,mixed,10,20,2025,50,-1.247,-1.86,-1.047,0.393,10.0,2,0.824
v15,conservative,mid,mixed,10,20,2026,32,-1.766,-1.82,-1.766,0.381,10.0,0,0.787
v15,conservative,mid,mixed,10,63,ALL,137,-3.095,-2.39,-3.096,0.363,10,2,0.796
v15,conservative,mid,mixed,10,63,P1,63,-2.795,-2.25,-2.795,0.368,10,0,0.784
v15,conservative,mid,mixed,10,63,P2,74,-3.35,-1.57,-3.353,0.358,10.0,2,0.808
v15,conservative,mid,mixed,10,63,2023,12,-5.764,-3.81,-5.764,0.292,10.0,0,0.8
v15,conservative,mid,mixed,10,63,2024,51,-2.096,-1.58,-2.096,0.386,10,0,0.778
v15,conservative,mid,mixed,10,63,2025,50,-2.155,-0.79,-2.159,0.396,10.0,2,0.824
v15,conservative,mid,mixed,10,63,2026,24,-5.841,-2.41,-5.841,0.279,10.0,0,0.774
v15,conservative,mid,mixed,20,5,ALL,148,-0.301,-2.08,-0.269,0.446,20.0,20,0.779
v15,conservative,mid,mixed,20,5,P1,63,-0.315,-1.62,-0.323,0.444,20,10,0.773
v15,conservative,mid,mixed,20,5,P2,85,-0.29,-1.41,-0.23,0.447,20,10,0.784
v15,conservative,mid,mixed,20,5,2023,12,-0.565,-1.44,-0.625,0.416,19.5,6,0.83
v15,conservative,mid,mixed,20,5,2024,51,-0.256,-1.16,-0.251,0.451,20,4,0.758
v15,conservative,mid,mixed,20,5,2025,50,-0.36,-1.48,-0.249,0.442,20.0,8,0.786
v15,conservative,mid,mixed,20,5,2026,35,-0.191,-0.53,-0.203,0.454,20,2,0.779
v15,conservative,mid,mixed,20,20,ALL,145,-1.38,-3.34,-1.351,0.391,20,20,0.78
v15,conservative,mid,mixed,20,20,P1,63,-1.256,-2.23,-1.342,0.378,20,10,0.773
v15,conservative,mid,mixed,20,20,P2,82,-1.475,-2.52,-1.358,0.401,20.0,10,0.786
v15,conservative,mid,mixed,20,20,2023,12,-2.154,-3.4,-2.564,0.271,19.5,6,0.83
v15,conservative,mid,mixed,20,20,2024,51,-1.045,-1.56,-1.054,0.403,20,4,0.758
v15,conservative,mid,mixed,20,20,2025,50,-1.306,-1.92,-1.091,0.406,20.0,8,0.786
v15,conservative,mid,mixed,20,20,2026,32,-1.739,-1.71,-1.775,0.393,20.0,2,0.784
v15,conservative,mid,mixed,20,63,ALL,137,-3.13,-2.66,-3.25,0.362,20,20,0.78
v15,conservative,mid,mixed,20,63,P1,63,-2.934,-2.63,-3.062,0.363,20,10,0.773
v15,conservative,mid,mixed,20,63,P2,74,-3.297,-1.71,-3.41,0.362,20.0,10,0.787
v15,conservative,mid,mixed,20,63,2023,12,-4.884,-6.1,-5.436,0.298,19.5,6,0.83
v15,conservative,mid,mixed,20,63,2024,51,-2.475,-1.9,-2.504,0.378,20,4,0.758
v15,conservative,mid,mixed,20,63,2025,50,-2.122,-0.87,-2.231,0.399,20.0,8,0.786
v15,conservative,mid,mixed,20,63,2026,24,-5.743,-2.76,-5.864,0.284,20.0,2,0.785
v15,conservative,mid,stock,10,5,ALL,148,-0.265,-1.61,-0.225,0.459,10.0,3,0.794
v15,conservative,mid,stock,10,5,P1,63,-0.305,-1.36,-0.305,0.47,10,0,0.776
v15,conservative,mid,stock,10,5,P2,85,-0.236,-1.01,-0.166,0.451,10,3,0.808
v15,conservative,mid,stock,10,5,2023,12,-0.581,-1.09,-0.581,0.475,10.0,0,0.773
v15,conservative,mid,stock,10,5,2024,51,-0.24,-0.98,-0.24,0.469,10,0,0.776
v15,conservative,mid,stock,10,5,2025,50,-0.25,-0.85,-0.13,0.449,10.0,3,0.822
v15,conservative,mid,stock,10,5,2026,35,-0.216,-0.57,-0.216,0.454,10,0,0.788
v15,conservative,mid,stock,10,20,ALL,145,-1.28,-3.07,-1.21,0.414,10,3,0.796
v15,conservative,mid,stock,10,20,P1,63,-1.21,-1.96,-1.21,0.425,10,0,0.776
v15,conservative,mid,stock,10,20,P2,82,-1.333,-2.36,-1.209,0.405,10.0,3,0.812
v15,conservative,mid,stock,10,20,2023,12,-2.632,-2.77,-2.632,0.3,10.0,0,0.773
v15,conservative,mid,stock,10,20,2024,51,-0.876,-1.25,-0.876,0.455,10,0,0.776
v15,conservative,mid,stock,10,20,2025,50,-1.11,-1.67,-0.906,0.412,10.0,3,0.822
v15,conservative,mid,stock,10,20,2026,32,-1.682,-1.71,-1.682,0.394,10.0,0,0.797
v15,conservative,mid,stock,10,63,ALL,137,-2.797,-2.23,-2.844,0.385,10,3,0.795
v15,conservative,mid,stock,10,63,P1,63,-2.43,-2.03,-2.43,0.398,10,0,0.776
v15,conservative,mid,stock,10,63,P2,74,-3.109,-1.51,-3.197,0.374,10.0,3,0.812
v15,conservative,mid,stock,10,63,2023,12,-5.052,-2.86,-5.052,0.325,10.0,0,0.773
v15,conservative,mid,stock,10,63,2024,51,-1.813,-1.4,-1.813,0.416,10,0,0.776
v15,conservative,mid,stock,10,63,2025,50,-1.802,-0.7,-1.932,0.414,10.0,3,0.822
v15,conservative,mid,stock,10,63,2026,24,-5.832,-2.4,-5.832,0.292,10.0,0,0.791
v15,conservative,mid,stock,20,5,ALL,148,-0.26,-1.79,-0.21,0.459,20.0,26,0.782
v15,conservative,mid,stock,20,5,P1,63,-0.243,-1.26,-0.24,0.465,20,13,0.777
v15,conservative,mid,stock,20,5,P2,85,-0.273,-1.31,-0.188,0.454,20,13,0.786
v15,conservative,mid,stock,20,5,2023,12,-0.466,-1.26,-0.552,0.447,17.5,8,0.836
v15,conservative,mid,stock,20,5,2024,51,-0.191,-0.86,-0.166,0.469,20,5,0.763
v15,conservative,mid,stock,20,5,2025,50,-0.326,-1.31,-0.173,0.453,20.0,11,0.789
v15,conservative,mid,stock,20,5,2026,35,-0.197,-0.54,-0.209,0.456,20,2,0.779
v15,conservative,mid,stock,20,20,ALL,145,-1.271,-3.04,-1.237,0.414,20,26,0.783
v15,conservative,mid,stock,20,20,P1,63,-0.996,-1.77,-1.097,0.419,20,13,0.777
v15,conservative,mid,stock,20,20,P2,82,-1.483,-2.5,-1.346,0.409,20.0,13,0.788
v15,conservative,mid,stock,20,20,2023,12,-1.882,-2.6,-2.382,0.316,17.5,8,0.836
v15,conservative,mid,stock,20,20,2024,51,-0.788,-1.19,-0.794,0.443,20,5,0.763
v15,conservative,mid,stock,20,20,2025,50,-1.34,-1.96,-1.092,0.417,20.0,11,0.789
v15,conservative,mid,stock,20,20,2026,32,-1.706,-1.64,-1.743,0.397,20.0,2,0.784
v15,conservative,mid,stock,20,63,ALL,137,-2.878,-2.52,-3.04,0.38,20,26,0.784
v15,conservative,mid,stock,20,63,P1,63,-2.478,-2.28,-2.607,0.39,20,13,0.777
v15,conservative,mid,stock,20,63,P2,74,-3.218,-1.72,-3.408,0.371,20.0,13,0.789
v15,conservative,mid,stock,20,63,2023,12,-4.036,-3.8,-4.597,0.334,17.5,8,0.836
v15,conservative,mid,stock,20,63,2024,51,-2.111,-1.65,-2.139,0.403,20,5,0.763
v15,conservative,mid,stock,20,63,2025,50,-2.07,-0.89,-2.292,0.405,20.0,11,0.789
v15,conservative,mid,stock,20,63,2026,24,-5.612,-2.64,-5.733,0.299,20.0,2,0.787
v15,conservative,short,mixed,10,5,ALL,148,-0.328,-2.06,-0.32,0.436,10.0,5,0.797
v15,conservative,short,mixed,10,5,P1,63,-0.317,-1.51,-0.317,0.441,10,0,0.785
v15,conservative,short,mixed,10,5,P2,85,-0.337,-1.46,-0.322,0.432,10,5,0.806
v15,conservative,short,mixed,10,5,2023,12,-0.524,-1.17,-0.524,0.45,10.0,0,0.809
v15,conservative,short,mixed,10,5,2024,51,-0.268,-1.14,-0.268,0.439,10,0,0.778
v15,conservative,short,mixed,10,5,2025,50,-0.45,-1.66,-0.416,0.421,10.0,4,0.82
v15,conservative,short,mixed,10,5,2026,35,-0.176,-0.44,-0.189,0.449,10,1,0.785
v15,conservative,short,mixed,10,20,ALL,145,-1.481,-3.59,-1.452,0.389,10,5,0.798
v15,conservative,short,mixed,10,20,P1,63,-1.277,-2.18,-1.277,0.392,10,0,0.785
v15,conservative,short,mixed,10,20,P2,82,-1.639,-2.87,-1.587,0.387,10.0,5,0.809
v15,conservative,short,mixed,10,20,2023,12,-2.563,-2.73,-2.563,0.283,10.0,0,0.809
v15,conservative,short,mixed,10,20,2024,51,-0.974,-1.46,-0.974,0.418,10,0,0.778
v15,conservative,short,mixed,10,20,2025,50,-1.293,-1.84,-1.188,0.403,10.0,4,0.82
v15,conservative,short,mixed,10,20,2026,32,-2.179,-2.34,-2.21,0.362,10.0,1,0.79
v15,conservative,short,mixed,10,63,ALL,137,-3.169,-2.42,-3.129,0.371,10,5,0.796
v15,conservative,short,mixed,10,63,P1,63,-2.862,-2.28,-2.862,0.37,10,0,0.785
v15,conservative,short,mixed,10,63,P2,74,-3.43,-1.6,-3.356,0.371,10.0,5,0.807
v15,conservative,short,mixed,10,63,2023,12,-5.47,-4.62,-5.47,0.3,10.0,0,0.809
v15,conservative,short,mixed,10,63,2024,51,-2.249,-1.6,-2.249,0.386,10,0,0.778
v15,conservative,short,mixed,10,63,2025,50,-2.101,-0.77,-1.978,0.422,10.0,4,0.82
v15,conservative,short,mixed,10,63,2026,24,-6.198,-2.56,-6.225,0.267,10.0,1,0.778
v15,conservative,short,mixed,20,5,ALL,148,-0.308,-2.19,-0.287,0.444,20.0,38,0.789
v15,conservative,short,mixed,20,5,P1,63,-0.339,-1.78,-0.335,0.44,20,16,0.78
v15,conservative,short,mixed,20,5,P2,85,-0.284,-1.42,-0.252,0.447,20,22,0.796
v15,conservative,short,mixed,20,5,2023,12,-0.51,-1.38,-0.572,0.429,16.5,9,0.824
v15,conservative,short,mixed,20,5,2024,51,-0.299,-1.37,-0.279,0.443,20,7,0.767
v15,conservative,short,mixed,20,5,2025,50,-0.344,-1.39,-0.309,0.443,20.0,16,0.799
v15,conservative,short,mixed,20,5,2026,35,-0.199,-0.6,-0.171,0.453,20,6,0.79
v15,conservative,short,mixed,20,20,ALL,145,-1.328,-3.32,-1.379,0.392,20,38,0.79
v15,conservative,short,mixed,20,20,P1,63,-1.265,-2.29,-1.414,0.376,20,16,0.78
v15,conservative,short,mixed,20,20,P2,82,-1.377,-2.44,-1.352,0.405,20.0,22,0.799
v15,conservative,short,mixed,20,20,2023,12,-2.261,-3.59,-3.014,0.258,16.5,9,0.824
v15,conservative,short,mixed,20,20,2024,51,-1.031,-1.58,-1.038,0.403,20,7,0.767
v15,conservative,short,mixed,20,20,2025,50,-1.189,-1.75,-1.072,0.413,20.0,16,0.799
v15,conservative,short,mixed,20,20,2026,32,-1.67,-1.78,-1.789,0.391,20.0,6,0.796
v15,conservative,short,mixed,20,63,ALL,137,-3.158,-2.78,-3.332,0.364,20,38,0.79
v15,conservative,short,mixed,20,63,P1,63,-3.0,-2.73,-3.218,0.361,20,16,0.78
v15,conservative,short,mixed,20,63,P2,74,-3.292,-1.78,-3.43,0.367,20.0,22,0.8
v15,conservative,short,mixed,20,63,2023,12,-4.894,-8.6,-6.028,0.285,16.5,9,0.824
v15,conservative,short,mixed,20,63,2024,51,-2.554,-1.99,-2.557,0.378,20,7,0.767
v15,conservative,short,mixed,20,63,2025,50,-2.218,-0.93,-2.294,0.408,20.0,16,0.799
v15,conservative,short,mixed,20,63,2026,24,-5.528,-2.68,-5.796,0.281,20.0,6,0.798
v15,conservative,short,stock,10,5,ALL,148,-0.3,-1.84,-0.28,0.451,10.0,7,0.8
v15,conservative,short,stock,10,5,P1,63,-0.332,-1.55,-0.334,0.455,10,1,0.782
v15,conservative,short,stock,10,5,P2,85,-0.277,-1.17,-0.239,0.448,10,6,0.814
v15,conservative,short,stock,10,5,2023,12,-0.558,-1.21,-0.57,0.48,10.0,1,0.8
v15,conservative,short,stock,10,5,2024,51,-0.278,-1.16,-0.278,0.449,10,0,0.778
v15,conservative,short,stock,10,5,2025,50,-0.346,-1.22,-0.272,0.444,10.0,5,0.829
v15,conservative,short,stock,10,5,2026,35,-0.179,-0.44,-0.192,0.454,10,1,0.794
v15,conservative,short,stock,10,20,ALL,145,-1.32,-3.17,-1.279,0.418,10,7,0.801
v15,conservative,short,stock,10,20,P1,63,-1.129,-1.91,-1.133,0.427,10,1,0.782
v15,conservative,short,stock,10,20,P2,82,-1.467,-2.54,-1.391,0.411,10.0,6,0.817
v15,conservative,short,stock,10,20,2023,12,-2.61,-2.89,-2.633,0.302,10.0,1,0.8
v15,conservative,short,stock,10,20,2024,51,-0.78,-1.17,-0.78,0.457,10,0,0.778
v15,conservative,short,stock,10,20,2025,50,-1.138,-1.65,-0.993,0.434,10.0,5,0.829
v15,conservative,short,stock,10,20,2026,32,-1.982,-2.02,-2.013,0.375,10.0,1,0.8
v15,conservative,short,stock,10,63,ALL,137,-2.724,-2.15,-2.722,0.395,10,7,0.801
v15,conservative,short,stock,10,63,P1,63,-2.444,-2.01,-2.437,0.401,10,1,0.782
v15,conservative,short,stock,10,63,P2,74,-2.963,-1.42,-2.965,0.39,10.0,6,0.818
v15,conservative,short,stock,10,63,2023,12,-4.718,-3.44,-4.684,0.338,10.0,1,0.8
v15,conservative,short,stock,10,63,2024,51,-1.908,-1.38,-1.908,0.416,10,0,0.778
v15,conservative,short,stock,10,63,2025,50,-1.543,-0.6,-1.533,0.441,10.0,5,0.829
v15,conservative,short,stock,10,63,2026,24,-5.921,-2.36,-5.948,0.283,10.0,1,0.796
v15,conservative,short,stock,20,5,ALL,148,-0.275,-1.99,-0.229,0.459,20.0,45,0.792
v15,conservative,short,stock,20,5,P1,63,-0.286,-1.59,-0.264,0.462,20,18,0.782
v15,conservative,short,stock,20,5,P2,85,-0.266,-1.33,-0.202,0.457,20,27,0.8
v15,conservative,short,stock,20,5,2023,12,-0.45,-1.31,-0.526,0.459,15.5,10,0.821
v15,conservative,short,stock,20,5,2024,51,-0.248,-1.2,-0.203,0.462,20,8,0.772
v15,conservative,short,stock,20,5,2025,50,-0.323,-1.3,-0.227,0.456,20.0,20,0.809
v15,conservative,short,stock,20,5,2026,35,-0.185,-0.56,-0.166,0.46,20,7,0.786
v15,conservative,short,stock,20,20,ALL,145,-1.186,-2.96,-1.233,0.419,20,45,0.794
v15,conservative,short,stock,20,20,P1,63,-1.006,-1.84,-1.179,0.417,20,18,0.782
v15,conservative,short,stock,20,20,P2,82,-1.325,-2.33,-1.275,0.42,20.0,27,0.803
v15,conservative,short,stock,20,20,2023,12,-1.944,-2.63,-2.816,0.311,15.5,10,0.821
v15,conservative,short,stock,20,20,2024,51,-0.785,-1.23,-0.794,0.442,20,8,0.772
v15,conservative,short,stock,20,20,2025,50,-1.166,-1.67,-1.003,0.433,20.0,20,0.809
v15,conservative,short,stock,20,20,2026,32,-1.573,-1.7,-1.7,0.399,20.0,7,0.793
v15,conservative,short,stock,20,63,ALL,137,-2.787,-2.52,-2.999,0.386,20,45,0.795
v15,conservative,short,stock,20,63,P1,63,-2.437,-2.33,-2.652,0.395,20,18,0.782
v15,conservative,short,stock,20,63,P2,74,-3.084,-1.7,-3.294,0.378,20.0,27,0.806
v15,conservative,short,stock,20,63,2023,12,-3.811,-4.11,-4.929,0.332,15.5,10,0.821
v15,conservative,short,stock,20,63,2024,51,-2.113,-1.7,-2.116,0.409,20,8,0.772
v15,conservative,short,stock,20,63,2025,50,-2.04,-0.88,-2.196,0.417,20.0,20,0.809
v15,conservative,short,stock,20,63,2026,24,-5.261,-2.59,-5.581,0.296,20.0,7,0.799
