ticker,trading_date,origin,replay_triggered_at
DFDV,2026-09-18,PREMARKET_GAP,2026-09-18T14:12:25.661148+00:00
DQ,2026-09-18,PREMARKET_GAP,2026-09-18T14:18:11.749926+00:00
SDGR,2026-09-18,MOMENTUM_SPIKE,2026-09-18T14:30:14.237079+00:00
DFDV,2026-09-18,MOMENTUM_SPIKE,2026-09-18T18:17:08.423776+00:00
DFDV,2026-09-18,OPENING_RANGE_BREAKOUT,2026-09-18T18:17:08.423776+00:00
COIN,2026-09-21,PREMARKET_GAP,2026-09-21T13:45:59.307525+00:00
COIN,2026-09-21,DAILY_BASE_BREAKOUT,2026-09-21T13:45:59.307525+00:00
DFDV,2026-09-21,PREMARKET_GAP,2026-09-21T14:16:29.172269+00:00
CIFR,2026-09-21,PREMARKET_GAP,2026-09-21T14:16:29.172269+00:00
MRNA,2026-09-22,MOMENTUM_SPIKE,2026-09-22T14:20:44.603897+00:00
MSTR,2026-09-22,PREMARKET_GAP,2026-09-22T14:27:20.699672+00:00
GLND,2026-09-22,PREMARKET_GAP,2026-09-22T14:59:28.449355+00:00
GRAL,2026-09-22,MOMENTUM_SPIKE,2026-09-22T15:05:43.429114+00:00
ARM,2026-09-22,MOMENTUM_SPIKE,2026-09-22T15:19:26.933204+00:00
FSLY,2026-09-22,MOMENTUM_SPIKE,2026-09-22T17:03:14.682472+00:00
BMNR,2026-09-22,PREMARKET_GAP,2026-09-22T17:22:59.375813+00:00
AMD,2026-09-22,MOMENTUM_SPIKE,2026-09-22T19:25:13.411166+00:00
INTC,2026-09-22,MOMENTUM_SPIKE,2026-09-22T19:25:13.411166+00:00
GLND,2026-09-23,PREMARKET_GAP,2026-09-23T13:44:33.909966+00:00
VICR,2026-09-23,MOMENTUM_SPIKE,2026-09-23T15:10:26.778083+00:00
GLND,2026-09-24,PREMARKET_GAP,2026-09-24T14:13:51.333257+00:00
GLND,2026-09-24,MOMENTUM_SPIKE,2026-09-24T15:07:03.669464+00:00
GLND,2026-09-25,MOMENTUM_SPIKE,2026-09-25T15:43:31.146007+00:00
GRAL,2026-09-25,MOMENTUM_SPIKE,2026-09-25T16:52:58.856622+00:00
