variant,profile,list_type,top,holding,days,days_observable,selected_names,observable_names,observable_share,empty_slots,n_ok,n_ok_bridged,n_ok_late_exit,n_renamed,n_censored_temporary,n_censored_terminal,n_censored_unknown,n_censored_unverified,n_no_entry_bar,n_identity_uncertain
cons17+nofund,aggressive,mixed,20,63,495,495,9883,9379,0.949,17,9349,0,0,30,0,481,4,0,19,0
cons17+nofund,aggressive,stock,20,63,495,495,9883,9368,0.9479,17,9337,0,0,31,0,492,4,0,19,0
cons17+nofund,balanced,mixed,20,63,495,495,9871,9327,0.9449,29,9297,0,0,30,0,516,6,0,22,0
cons17+nofund,balanced,stock,20,63,495,495,9871,9317,0.9439,29,9287,0,0,30,0,526,6,0,22,0
cons17+nofund,conservative,mixed,20,63,495,493,6782,6469,0.9538,3118,6460,0,0,9,0,299,0,3,11,0
cons17+nofund,conservative,stock,20,63,495,493,6722,6409,0.9534,3178,6400,0,0,9,0,299,0,3,11,0
cons17_atr125+nofund,aggressive,mixed,20,63,495,495,9883,9379,0.949,17,9349,0,0,30,0,481,4,0,19,0
cons17_atr125+nofund,aggressive,stock,20,63,495,495,9883,9368,0.9479,17,9337,0,0,31,0,492,4,0,19,0
cons17_atr125+nofund,balanced,mixed,20,63,495,495,9871,9327,0.9449,29,9297,0,0,30,0,516,6,0,22,0
cons17_atr125+nofund,balanced,stock,20,63,495,495,9871,9317,0.9439,29,9287,0,0,30,0,526,6,0,22,0
cons17_atr125+nofund,conservative,mixed,20,63,495,492,5477,5164,0.9429,4423,5164,0,0,0,0,298,1,3,11,0
cons17_atr125+nofund,conservative,stock,20,63,495,492,5392,5079,0.942,4508,5079,0,0,0,0,298,1,3,11,0
v16,aggressive,mixed,20,63,495,495,9900,9477,0.9573,0,9450,0,0,27,0,401,4,0,18,0
v16,aggressive,stock,20,63,495,495,9883,9368,0.9479,17,9337,0,0,31,0,492,4,0,19,0
v16,balanced,mixed,20,63,495,495,9900,9445,0.954,0,9416,0,0,29,0,431,5,0,19,0
v16,balanced,stock,20,63,495,495,9871,9317,0.9439,29,9287,0,0,30,0,526,6,0,22,0
v16,conservative,mixed,20,63,495,495,9431,9214,0.977,469,9201,0,0,13,0,206,11,0,0,0
v16,conservative,stock,20,63,495,495,9248,9021,0.9755,652,9008,0,0,13,0,216,11,0,0,0
