list_type,profile,variant,h63_ALL,h63_P1,h63_P2,h63_2023,h63_2024,h63_2025,h63_2026,h63_ALL_legacy,h63_ALL_zero,h63_ALL_loss,h63_unfilled_ALL,h63_unfilled_P1,h63_unfilled_P2,h20_ALL,h5_ALL,median_listed,turnover,observable_share_h63,tail_5pct_h63,worst_day_h63,unclassified_share,extended_share
stock,conservative,cons17+nofund,0.6,0.449,0.786,0.56,0.362,3.342,-4.506,0.537,0.577,-2.63,0.383,0.92,-0.275,-0.006,0.034,15.0,0.658,0.953,-10.103,-13.32,0.151,0.521
stock,conservative,cons17_atr125+nofund,-0.364,0.122,-0.96,0.251,0.025,0.453,-3.885,-0.4,-0.347,-3.558,-0.902,0.21,-2.247,-0.218,-0.027,11.0,0.681,0.941,-8.854,-13.144,0.136,0.542
stock,conservative,v16,-2.908,-2.687,-3.178,-3.334,-2.18,-1.999,-5.636,-2.9,-2.851,-5.267,-3.082,-2.805,-3.422,-1.211,-0.289,20.0,0.779,0.975,-16.821,-18.885,0.09,0.0
stock,balanced,cons17+nofund,0.765,0.632,0.928,-0.471,1.498,3.489,-4.408,0.841,0.689,-5.021,0.704,0.632,0.792,-0.07,-0.033,20.0,0.585,0.944,-16.621,-20.765,0.144,0.365
stock,balanced,cons17_atr125+nofund,0.765,0.632,0.928,-0.471,1.498,3.489,-4.408,0.841,0.689,-5.021,0.704,0.632,0.792,-0.07,-0.033,20.0,0.585,0.944,-16.621,-20.765,0.144,0.365
stock,balanced,v16,0.765,0.632,0.928,-0.471,1.498,3.489,-4.408,0.841,0.689,-5.021,0.704,0.632,0.792,-0.07,-0.033,20.0,0.585,0.944,-16.621,-20.765,0.144,0.365
stock,aggressive,cons17+nofund,0.736,0.586,0.921,-0.873,1.73,2.961,-3.33,0.806,0.647,-4.689,0.695,0.586,0.829,-0.165,-0.038,20.0,0.567,0.948,-18.384,-26.473,0.147,0.24
stock,aggressive,cons17_atr125+nofund,0.736,0.586,0.921,-0.873,1.73,2.961,-3.33,0.806,0.647,-4.689,0.695,0.586,0.829,-0.165,-0.038,20.0,0.567,0.948,-18.384,-26.473,0.147,0.24
stock,aggressive,v16,0.736,0.586,0.921,-0.873,1.73,2.961,-3.33,0.806,0.647,-4.689,0.695,0.586,0.829,-0.165,-0.038,20.0,0.567,0.948,-18.384,-26.473,0.147,0.24
mixed,conservative,cons17+nofund,0.553,0.419,0.718,0.6,0.278,3.301,-4.631,0.491,0.53,-2.676,0.312,0.82,-0.312,-0.028,0.027,15.0,0.66,0.954,-10.243,-13.964,0.152,0.521
mixed,conservative,cons17_atr125+nofund,-0.379,0.09,-0.955,0.266,-0.045,0.464,-3.892,-0.416,-0.363,-3.574,-0.987,-0.003,-2.184,-0.224,-0.027,11.667,0.684,0.942,-8.895,-13.732,0.137,0.542
mixed,conservative,v16,-3.25,-3.169,-3.351,-3.996,-2.519,-2.174,-5.804,-3.228,-3.186,-5.494,-3.379,-3.281,-3.499,-1.291,-0.314,20.0,0.774,0.977,-16.719,-19.269,0.089,0.0
mixed,balanced,cons17+nofund,0.722,0.583,0.894,-0.421,1.37,3.449,-4.431,0.798,0.645,-4.956,0.661,0.583,0.758,-0.092,-0.039,20.0,0.585,0.945,-16.573,-20.765,0.143,0.367
mixed,balanced,cons17_atr125+nofund,0.722,0.583,0.894,-0.421,1.37,3.449,-4.431,0.798,0.645,-4.956,0.661,0.583,0.758,-0.092,-0.039,20.0,0.585,0.945,-16.573,-20.765,0.143,0.367
mixed,balanced,v16,-0.673,-1.296,0.095,-1.631,-1.033,2.392,-4.692,-0.565,-0.715,-5.375,-0.673,-1.296,0.095,-0.349,-0.105,20.0,0.606,0.954,-17.096,-20.456,0.145,0.38
mixed,aggressive,cons17+nofund,0.639,0.455,0.864,-0.885,1.506,2.939,-3.459,0.701,0.551,-4.668,0.597,0.455,0.772,-0.18,-0.047,20.0,0.566,0.949,-18.15,-26.473,0.147,0.24
mixed,aggressive,cons17_atr125+nofund,0.639,0.455,0.864,-0.885,1.506,2.939,-3.459,0.701,0.551,-4.668,0.597,0.455,0.772,-0.18,-0.047,20.0,0.566,0.949,-18.15,-26.473,0.147,0.24
mixed,aggressive,v16,-0.85,-1.362,-0.221,-1.873,-0.961,1.863,-4.563,-0.755,-0.899,-5.238,-0.85,-1.362,-0.221,-0.472,-0.097,20.0,0.583,0.957,-18.87,-25.665,0.145,0.249
