variant,profile,view,names,missing,p10,p25,p50,p75,p90,max,mean,share_above_5pct,share_above_3pct
cons17+nofund,conservative,long,2943,0,1.651,2.246,3.028,3.826,4.434,4.991,2.998,0.0,0.5093
cons17+nofund,conservative,mid,2395,0,1.643,2.216,3.004,3.794,4.395,4.991,2.97,0.0,0.501
cons17+nofund,conservative,short,1707,0,1.49,2.14,2.976,3.726,4.344,4.989,2.906,0.0,0.4892
cons17_atr125+nofund,conservative,long,2557,0,1.477,1.943,2.533,3.112,3.693,4.987,2.53,0.0,0.2921
cons17_atr125+nofund,conservative,mid,1826,0,1.447,1.95,2.54,3.101,3.681,4.987,2.516,0.0,0.2919
cons17_atr125+nofund,conservative,short,1267,0,1.324,1.874,2.553,3.132,3.689,4.987,2.491,0.0,0.3094
v16,conservative,long,3419,0,1.303,1.571,1.938,2.39,2.909,4.912,2.01,0.0,0.0851
v16,conservative,mid,3327,0,1.304,1.564,1.916,2.36,2.88,4.912,1.993,0.0,0.08
v16,conservative,short,3162,0,1.302,1.552,1.884,2.298,2.779,4.671,1.955,0.0,0.0655
cons17+nofund,conservative,all,7045,0,1.623,2.211,3.007,3.797,4.402,4.991,2.966,0.0,0.5016
cons17_atr125+nofund,conservative,all,5650,0,1.438,1.93,2.541,3.111,3.686,4.987,2.517,0.0,0.2959
v16,conservative,all,9908,0,1.303,1.56,1.908,2.347,2.857,4.912,1.987,0.0,0.0771
