variant,gate,topN,n_dates,ex20_mean_%,ex20_t,ex63_mean_%,ex63_t,top20_minus_univ20_%,hit20,hit63,ann_ret_20d_chain_%,mdd_20d_chain_%,turnover,pick_vol63_%,pick_ext_atr,pick_atr_%,ex20_2022_%,ex20_2023_%,ex20_2024_%,ex20_2025_%,ex20_2026_%
V0_current_like,none,20,224,-0.7007364108031899,-1.5314257437035979,-1.7442940686584747,-1.2251781339308412,-0.6023745328444985,0.45334821428571426,0.4232142857142857,4.386733399437603,-12.551970687680624,0.36210762331838564,23.47169189836282,1.0530724449821496,2.031379177750396,0.719202399413423,-2.1199947398963945,-0.5467520990059922,-0.8415844816913036,-0.7295212483708821
V0_current_like,none,50,224,-0.6482656745122921,-1.5330390558599056,-1.7485230926989805,-1.3550628230654556,-0.5499037965536007,0.4516964285714286,0.42276785714285714,5.866125449618376,-14.632143006330944,0.32,25.90298183904927,0.9518902523522533,2.229206959883926,0.5734062728694131,-1.7252767420758062,-0.6236392205770958,-0.8076273427171734,-0.6689441444050142
V0_current_like,atr<=2.0xMed,20,224,-0.7007364108031899,-1.5314257437035979,-1.7442940686584747,-1.2251781339308412,-0.6023745328444985,0.45334821428571426,0.4232142857142857,4.386733399437603,-12.551970687680624,0.36210762331838564,23.47169189836282,1.0530724449821496,2.031379177750396,0.719202399413423,-2.1199947398963945,-0.5467520990059922,-0.8415844816913036,-0.7295212483708821
V0_current_like,atr<=2.0xMed,50,224,-0.6542210777526367,-1.54985149701493,-1.7515520771480595,-1.357645970861527,-0.5558591997939453,0.45133928571428567,0.42223214285714283,5.5507770377216215,-14.660705287956011,0.3203587443946188,25.825905717200637,0.9508373747011748,2.2226884189281524,0.545349357226963,-1.728490205741858,-0.6236392205770958,-0.7975979027001623,-0.6802759511242898
V0_current_like,atr<=3.0xMed,20,224,-0.7007364108031899,-1.5314257437035979,-1.7442940686584747,-1.2251781339308412,-0.6023745328444985,0.45334821428571426,0.4232142857142857,4.386733399437603,-12.551970687680624,0.36210762331838564,23.47169189836282,1.0530724449821496,2.031379177750396,0.719202399413423,-2.1199947398963945,-0.5467520990059922,-0.8415844816913036,-0.7295212483708821
V0_current_like,atr<=3.0xMed,50,224,-0.6523259994733416,-1.5438113779257492,-1.7539632002642258,-1.360677081615546,-0.5539641215146501,0.45151785714285714,0.4225,5.866125449618376,-14.632143006330944,0.32,25.87097606122296,0.9515005118649846,2.227094026331421,0.5552160170439113,-1.7252767420758062,-0.6236392205770958,-0.8076273427171734,-0.6689441444050142
V0_current_like,ext<=2,20,224,-0.6650114289461021,-1.463717235120107,-1.6841129864441977,-1.1995550808368187,-0.5666495509874104,0.4609375,0.4283482142857143,3.9280816128463902,-15.729537429534846,0.4946188340807175,24.217677742061568,0.49976874335120675,2.098546176576455,0.50254823605098,-1.9165411155136727,-0.45653097806825393,-0.975705153790412,-0.27712956324412086
V0_current_like,ext<=2,50,224,-0.6735341845433773,-1.581618714142055,-1.8816614062699033,-1.4837732039677733,-0.5751723065846858,0.4532142857142857,0.42160714285714285,4.5513787945479445,-16.344313693586386,0.44529147982062783,27.12102694384567,0.40439863278746063,2.33434277214985,0.544443860581427,-1.7274060558058784,-0.628669108578905,-0.9719547164977504,-0.48718151344421645
V0_current_like,ext<=3,20,224,-0.6289863570987636,-1.3729352984843763,-1.6629410513227643,-1.1617560781637866,-0.530624479140072,0.4571428571428572,0.42790178571428567,4.340307928765252,-12.544263451882276,0.41412556053811655,23.68498247061718,0.8427348232107159,2.048029456896869,0.815079125964822,-2.0267091133549,-0.4785183414261347,-0.9178166299767133,-0.43727900210319987
V0_current_like,ext<=3,50,224,-0.6616530347806157,-1.5497805455341258,-1.8622029095502486,-1.4414289085229464,-0.5632911568219242,0.45205357142857144,0.4213392857142857,4.719355503696376,-15.701373955286325,0.3674439461883408,26.18133135830392,0.7301327074904584,2.2540238867069484,0.5808991142426734,-1.7433194165658334,-0.662586908851649,-0.9417854094707067,-0.4112770316075885
V0_current_like,atr<=1.75xMed,20,224,-0.709267229573793,-1.5529610425291402,-1.7520450771103895,-1.2311620723116163,-0.6109053516151014,0.453125,0.42299107142857145,4.386733399437603,-12.551970687680624,0.36210762331838564,23.469418733507805,1.0531375826339298,2.0308160842854006,0.719202399413423,-2.1199947398963945,-0.5467520990059922,-0.8415844816913036,-0.8091422235631763
V0_current_like,atr<=1.75xMed,50,224,-0.6564183801460768,-1.5544551241845113,-1.7354885523973098,-1.3452769136805713,-0.5580565021873853,0.45151785714285714,0.4225892857142857,5.637573204194424,-14.632143006330933,0.3203587443946188,25.77624874266619,0.9504594114775219,2.217023982518383,0.5486848027529638,-1.7349700861561819,-0.6210216848593229,-0.8063548215899339,-0.6814428191707274
V0_current_like,ext<=2&atr<=1.75xMed,20,224,-0.6676873396275387,-1.4718908446320513,-1.6725150204009986,-1.1912060378356226,-0.5693254616688472,0.4611607142857143,0.42857142857142855,4.201974926222851,-14.737992730087157,0.4946188340807175,24.198344265573184,0.500311771925728,2.0948941275955666,0.511157077779122,-1.9011884611488685,-0.45653097806825393,-0.975705153790412,-0.35202451313116784
V0_current_like,ext<=2&atr<=1.75xMed,50,224,-0.7016508963840994,-1.663099753701854,-1.8112868550344847,-1.4215413500756153,-0.6032890184254078,0.45321428571428574,0.42312500000000003,3.3806102856132725,-16.3443136935864,0.4438565022421525,26.765586051612228,0.40330637917390044,2.30110121404138,0.536721071496636,-1.7257454331225157,-0.6229875517638466,-1.065761746980018,-0.5533799071479616
V0_current_like,atr<=2.5xMed,20,224,-0.7007364108031899,-1.5314257437035979,-1.7442940686584747,-1.2251781339308412,-0.6023745328444985,0.45334821428571426,0.4232142857142857,4.386733399437603,-12.551970687680624,0.36210762331838564,23.47169189836282,1.0530724449821496,2.031379177750396,0.719202399413423,-2.1199947398963945,-0.5467520990059922,-0.8415844816913036,-0.7295212483708821
V0_current_like,atr<=2.5xMed,50,224,-0.6523259994733416,-1.5438113779257492,-1.7539632002642258,-1.360677081615546,-0.5539641215146501,0.45151785714285714,0.4225,5.866125449618376,-14.632143006330944,0.32,25.87097606122296,0.9515005118649846,2.227094026331421,0.5552160170439113,-1.7252767420758062,-0.6236392205770958,-0.8076273427171734,-0.6689441444050142
V0_current_like,ext<=4&atr<=2.5xMed,20,224,-0.6989215652483328,-1.5352465981746408,-1.7286797110754666,-1.2101158713289089,-0.6005596872896412,0.45334821428571426,0.42410714285714285,4.190269692138138,-12.554955556244252,0.3757847533632287,23.524795565023755,0.9928039386736066,2.0357079941225034,0.7316035671197655,-2.1151293870692203,-0.562177019791561,-0.8495446170684715,-0.6998357406313415
V0_current_like,ext<=4&atr<=2.5xMed,50,224,-0.6435037254630163,-1.525303979917331,-1.8113937666689208,-1.4031172294521028,-0.5451418475043248,0.4529464285714286,0.4216964285714286,5.627538037310886,-14.9530596132734,0.33219730941704034,25.878090125669228,0.8871543210786924,2.2294304027954914,0.5803410149033272,-1.7312631497465567,-0.5990148500563128,-0.8556229304996616,-0.5777849472398099
V2_volscaled_mid,none,20,224,0.2535515623813039,0.361953625272983,4.333485453476398,1.4331733918637086,0.35191344033999555,0.47053571428571433,0.503125,13.449100682676086,-26.782307262361236,0.32623318385650224,64.01527274115578,0.12851375196028483,5.450408577335127,1.6914892913390958,-0.5153818395647787,-0.7105864021787389,-0.8292591977195134,3.124269057483703
V2_volscaled_mid,none,50,224,0.2829825063949162,0.521601071866282,2.1925516702755967,1.0948450747145817,0.3813443843536077,0.47348214285714285,0.4789285714285714,16.90388535061573,-22.473929244797276,0.29219730941704036,52.1828730216233,0.14159510624302182,4.555308886440943,0.8736452485421903,-0.6428980613005112,-0.12812531786673484,0.5152128774756405,1.3540143370804993
V2_volscaled_mid,atr<=2.0xMed,20,224,0.4782019559669357,0.8510623355130688,3.379505981659172,1.6986377232059124,0.5765638339256273,0.48794642857142856,0.5245535714285714,16.360892434396177,-19.638585407575448,0.3804932735426009,41.6501943634085,0.2545809083690096,3.606894824210655,0.6187520248006361,-0.5522994605053121,0.6158144591967322,1.0342933181940737,0.8870508771786298
V2_volscaled_mid,atr<=2.0xMed,50,224,0.20806122835840316,0.44503977114423776,1.7004580287279014,1.0684816451251264,0.30642310631709474,0.48276785714285714,0.4897321428571429,13.918235097935083,-17.381537140830105,0.319372197309417,38.131168171489286,0.2108289354256724,3.3562352308501433,0.3253483515475587,-0.5768658587463649,0.29661562673868497,0.77153362005515,0.24058867385545296
V2_volscaled_mid,atr<=3.0xMed,20,224,0.7301276573773492,1.1161041333624093,4.246944771616685,1.6840829052522872,0.8284895353360407,0.48549107142857145,0.5227678571428571,23.73847637493871,-26.8939920998731,0.34820627802690585,51.53483028885281,0.21445319325680173,4.369854271136335,1.5960925992581179,-0.3530062900326858,0.31857815495685593,0.6632612028788845,2.179262995811151
V2_volscaled_mid,atr<=3.0xMed,50,224,0.5535969496315472,1.0631425789331561,2.4261211485397403,1.3220816528938542,0.6519588275902387,0.4829464285714286,0.4880357142857144,20.960955963324544,-21.562789897440915,0.30681614349775777,44.87423222069889,0.18071265998708416,3.9085530867034826,0.8718911535487296,-0.5435511585417674,0.28108103639771775,1.3716593716366363,1.0396540235583636
V2_volscaled_mid,ext<=2,20,224,0.20608736716193327,0.2894408983674369,4.058194978459452,1.3732277320410242,0.30444924512062477,0.4671875,0.5004464285714285,15.291836379683609,-23.69807133311862,0.38183856502242147,62.131266560139,-0.18470572479774905,5.400713520385446,1.822621898553366,-0.7947141673910146,-0.7491667266032511,-0.7039822532958531,2.8094013617129447
V2_volscaled_mid,ext<=2,50,224,0.37418212158839625,0.6871667651283035,2.30531617669689,1.1874935636935056,0.47254399954708765,0.47741071428571435,0.48205357142857147,18.868833683811825,-20.645258269129428,0.3495964125560538,50.912549959803485,-0.1936068900551155,4.519405296959668,1.0245264706640829,-0.6803481613673849,0.10150649983757423,0.7235428779785561,1.056475453339973
V2_volscaled_mid,ext<=3,20,224,0.20830584756526596,0.2926181423497137,4.222041975863604,1.4033844537702318,0.30666772552395755,0.46763392857142855,0.5029017857142857,14.613733475586187,-23.660489669789342,0.34260089686098655,63.06936604604388,0.006892956531357027,5.437446311577522,1.6703271943270117,-0.6754133530399794,-0.8672517223864031,-0.6819373976367398,3.0989280746427146
V2_volscaled_mid,ext<=3,50,224,0.3491794750692008,0.6445345789720879,2.311714767992948,1.1611353274152643,0.44754135302789233,0.4760714285714286,0.4813392857142857,18.693745104760783,-20.297008819888163,0.3123766816143498,51.52202211110733,0.006660219128469512,4.534693846811628,0.9436924971951411,-0.6264477537381101,-0.10666857614169026,0.6466834560014622,1.4730508854025348
V2_volscaled_mid,atr<=1.75xMed,20,224,0.36141769168350346,0.6883401213176441,2.9160381648573104,1.6572650185222613,0.45977956964219496,0.4897321428571428,0.5258928571428572,18.66750211289081,-18.101871653197843,0.3883408071748879,38.07658239109081,0.2538457744211837,3.321366342126295,0.6212004924113409,-0.36154754638873,0.7481246171237732,0.6146961551837146,-0.006921790808339656
V2_volscaled_mid,atr<=1.75xMed,50,224,0.13437087529138053,0.3030049259706519,1.3521031409892308,0.9275278130911456,0.23273275325007203,0.48258928571428567,0.48857142857142855,13.814069615043302,-18.990854816343106,0.32762331838565023,35.51125179524916,0.2355437842522108,3.1322467808482424,0.2629963727165622,-0.610526504452267,0.32664312956302155,0.5086000672170785,0.23805928387706107
V2_volscaled_mid,ext<=2&atr<=1.75xMed,20,224,0.37220576998136684,0.7074293188057724,2.717964278755298,1.561577616442015,0.47056764794005823,0.49241071428571426,0.5205357142857142,18.792909419116775,-17.556937825447427,0.44484304932735425,37.29600433454839,-0.0852388851762546,3.292367014569016,0.733057562746546,-0.5755567366051806,0.8021401745634211,0.8234122766164843,-0.2407738079265582
V2_volscaled_mid,ext<=2&atr<=1.75xMed,50,224,0.19090188809110337,0.4469811654002073,1.3191599386421737,0.8895797125598477,0.2892637660497949,0.48660714285714285,0.4898214285714286,17.207976422027027,-17.53586902539379,0.38304932735426006,34.9911716475793,-0.11713109028786163,3.119676017003426,0.4513411321895986,-0.5974226048531464,0.3695543244276032,0.4660331500293318,0.34528011844740747
V2_volscaled_mid,atr<=2.5xMed,20,224,0.6731674513912008,1.0711902106568325,4.191979268785911,1.8300654156400316,0.7715293293498925,0.4863839285714286,0.5265624999999999,21.041900742866225,-24.075503280827228,0.35941704035874433,47.16009010722524,0.23298718167669355,4.022085694043171,1.3295810113684423,-0.7902753460413657,0.6753269500726223,1.0440532893517516,1.5773005780856868
V2_volscaled_mid,atr<=2.5xMed,50,224,0.4221876606602225,0.8275068852464459,2.1726751885799542,1.2615839674692728,0.5205495386189141,0.48321428571428576,0.4898214285714286,19.34635555431914,-19.79425838385749,0.3145291479820628,41.99605337594728,0.19404100961170176,3.668370808145408,0.728231365734134,-0.7917963529330154,0.5201633056288772,1.1693301904694906,0.5530671059548139
V2_volscaled_mid,ext<=4&atr<=2.5xMed,20,224,0.6257797082513122,0.9919686645792934,4.122183708142256,1.7942216643341227,0.7241415862100037,0.4850446428571429,0.5261160714285714,20.10230435758984,-24.075503280827228,0.36412556053811657,46.88886222712752,0.18963871194724025,4.009197748194047,1.3155256546261365,-0.8011665001048999,0.506650417039037,1.0855674842745429,1.4519084106897133
V2_volscaled_mid,ext<=4&atr<=2.5xMed,50,224,0.43274407644099244,0.851465409613588,2.1802591797320368,1.2655475816211204,0.531105954399684,0.4835714285714286,0.4897321428571429,19.444926916888928,-19.38435742864808,0.3187443946188341,41.870303148678275,0.14618530265113733,3.663520373540635,0.7581615513033414,-0.8014068293540164,0.4471799769536041,1.2648092620704439,0.562394794754736
V2s_volscaled_short,none,20,224,-0.5114057874434772,-0.7469005121861914,0.8917487742619751,0.34384218606459377,-0.41304390948478564,0.4515625,0.4368303571428571,6.913435021117187,-26.327843085746338,0.35336322869955156,55.757850093397884,1.0807682600067525,4.582116488314483,-0.10441361428955988,-1.2538732200176872,-0.9330103638872232,-0.187131137801791,0.3902716838530911
V2s_volscaled_short,none,50,224,-0.3709325137663155,-0.6532823958373234,0.12189350185372529,0.06320112457804393,-0.27257063580762386,0.4586607142857143,0.4342857142857143,6.205695019683644,-26.95509877820832,0.29363228699551563,47.4928895620443,0.9812617356886507,4.024065360395263,-0.21219496590309553,-1.206344310247227,-0.2594132442071357,-0.030549070287228988,0.09734151869082082
V2s_volscaled_short,atr<=2.0xMed,20,224,-0.38915148474281447,-0.6500613466667676,0.8952984689931023,0.4296139576464385,-0.29078960678412297,0.46875,0.453125,3.0318403398861493,-26.555404049319275,0.3789237668161435,39.1960138107502,1.1363790490340826,3.284943247231233,-0.41619145077860964,-1.0985754023757037,0.5552715760470103,-0.2554726356657904,-1.1008973726556572
V2s_volscaled_short,atr<=2.0xMed,50,224,-0.2814436518027839,-0.5463443256567457,0.11665274442326933,0.07164629173562863,-0.18308177384409238,0.4698214285714286,0.4454464285714286,6.88466471740472,-24.167512626432043,0.3131838565022422,36.551780706434215,1.0275398639301419,3.1243537255351894,-0.29834822475043227,-1.081618718210847,0.17512759773320719,0.01550903121706386,-0.14903592930305026
V2s_volscaled_short,atr<=3.0xMed,20,224,-0.29170345356817684,-0.44925823690795336,1.4559650924470502,0.5868091933971774,-0.1933415756094853,0.4609375,0.4491071428571428,6.956478715167513,-31.63421524106902,0.3681614349775785,46.56138145779814,1.131987364880599,3.815917695301966,-0.12798773032627375,-1.2792162062418964,0.29185177086763947,0.08484351628217274,-0.5756725470147387
V2s_volscaled_short,atr<=3.0xMed,50,224,-0.2410315011418509,-0.44433041614483926,0.3804379139831593,0.2055449564333819,-0.14266962318315943,0.46678571428571425,0.44276785714285716,9.00931112903569,-23.782415182798577,0.30367713004484304,41.77080531912852,1.0165788271379617,3.530121379938584,-0.19813099242786142,-1.1461565749018185,0.0690232968618787,0.32966588359480536,-0.27963070467186824
V2s_volscaled_short,ext<=2,20,224,-0.28507829337103335,-0.4261399989648996,1.3088891956194741,0.5210403966740502,-0.18671641541234188,0.4627232142857142,0.4426339285714285,8.93809619150141,-29.387273136766833,0.4538116591928251,53.72712149493017,0.4712595197945267,4.534278085577352,0.17407138458072094,-1.420516909662978,-0.23863690369758123,-0.010957475720026016,0.45601906291173955
V2s_volscaled_short,ext<=2,50,224,-0.23941487535685044,-0.44403663720682424,0.2319065144730782,0.12570020464971393,-0.141052997398159,0.468125,0.4348214285714286,10.181520921181786,-23.103754244490727,0.3982959641255605,46.157022999622555,0.40100716652062246,3.976443120645395,0.3371369883506249,-1.1661506377307442,-0.2565007593888762,-0.1354916958560743,0.3092238813049581
V2s_volscaled_short,ext<=3,20,224,-0.4248738017134335,-0.6411220284746698,0.9328046719586486,0.35930708800033956,-0.3265119237547419,0.4558035714285714,0.43883928571428577,7.127011707765218,-25.75032665878848,0.3964125560538117,54.673424852597975,0.8092174339424086,4.5555663706303795,-0.02019513093904042,-1.0812845875796022,-0.887007836351591,-0.13091520407128426,0.44993359846944925
V2s_volscaled_short,ext<=3,50,224,-0.3261115794948202,-0.5951375629827306,0.1588335710110639,0.08192620234964086,-0.22774970153612875,0.46205357142857145,0.43562500000000004,7.433288796527604,-23.827767495632024,0.3343497757847534,46.77858367058415,0.7292475673151476,3.998594714528628,-0.0240693368741517,-1.1356505882611734,-0.384560178334251,0.042287189878833835,0.08544382802905628
V2s_volscaled_short,atr<=1.75xMed,20,224,-0.3564867008912881,-0.6284627402064296,0.5574936886322809,0.2934463424037091,-0.2581248229325966,0.46919642857142857,0.45200892857142855,4.881920058451028,-24.352636241201107,0.38408071748878925,36.27456859147689,1.15033144278143,3.0694761853093957,-0.27522449858700104,-1.0317344761945713,0.7463482612935022,-0.42363244815890033,-1.276702621554167
V2s_volscaled_short,atr<=1.75xMed,50,224,-0.32975372791607477,-0.6699971636129614,-0.10082548790418842,-0.06569432928479543,-0.23139184995738324,0.47035714285714286,0.4446428571428572,6.635143783004582,-22.519078534754577,0.31686098654708517,34.55742550706559,1.0310266775782606,2.955791616337424,-0.2356929335160908,-1.0376560826107297,0.11958246044152251,-0.2475176330305863,-0.1583594007252727
V2s_volscaled_short,ext<=2&atr<=1.75xMed,20,224,-0.2503187832776691,-0.4476967130783385,0.5561357707538328,0.2933441133733667,-0.1519569053189776,0.4790178571428572,0.4573660714285714,11.14721920293369,-22.14331390995725,0.4800448430493273,35.40225084304265,0.5374873189383619,3.0478065133621763,0.08590768736536455,-1.2462691687520782,0.6500995536766858,-0.2017021056394441,-0.8530502411135124
V2s_volscaled_short,ext<=2&atr<=1.75xMed,50,224,-0.3265947344172823,-0.7106771589152715,-0.30637611621011324,-0.20076584825862034,-0.22823285645859068,0.4748214285714286,0.44187499999999996,9.553327830478908,-19.22449036374061,0.4182959641255605,33.993170380814405,0.4447192073587884,2.9380329888506003,0.1814741707614874,-1.197990184218767,0.06179898798299885,-0.3607815492998673,-0.3075954904484922
V2s_volscaled_short,atr<=2.5xMed,20,224,-0.34683555508999775,-0.541750560598869,1.165994607837317,0.5077417242105422,-0.2484736771313061,0.4640625,0.45156250000000003,5.875457633823289,-28.9298395131101,0.373542600896861,43.43763964953303,1.1329042723942933,3.594086812654727,-0.2733207081750145,-1.423443060344872,0.5532135902736735,-0.005116218885006171,-0.8440768534832718
V2s_volscaled_short,atr<=2.5xMed,50,224,-0.30196051282417025,-0.5655360706073372,0.26022147827244313,0.14424352286511097,-0.20359863486547877,0.4666964285714285,0.4446428571428571,7.419068617225322,-23.357600734937677,0.3067264573991031,39.62576964486549,1.0231431189084212,3.3651875531301956,-0.2766956639281124,-1.2217928455352807,0.20604739657270016,0.09037537047662225,-0.3139944896629414
V2s_volscaled_short,ext<=4&atr<=2.5xMed,20,224,-0.4225866138780338,-0.6631430502957452,1.045438358327149,0.45662909168588955,-0.32422473591934226,0.46383928571428573,0.4493303571428572,4.287062537693309,-28.701558175911945,0.3845291479820628,43.025935527362066,1.027259960839688,3.576246876969571,-0.22022801144439344,-1.5600839607482615,0.37819088838378473,-0.10249953600748334,-0.8095154382442451
V2s_volscaled_short,ext<=4&atr<=2.5xMed,50,224,-0.31184643336495754,-0.5898269357381614,0.21043206482652801,0.11623081560647094,-0.21348455540626596,0.46749999999999997,0.44473214285714285,6.517627842693097,-23.77505743793069,0.3177578475336323,39.34418422287392,0.9209179729821196,3.3517118117696834,-0.23463273497230122,-1.220445901490457,0.04978681301444581,0.14271106442795056,-0.280190130113849
V2l_volscaled_long,none,20,224,0.7165089584431694,0.8078808862620064,3.9763334105703168,1.3029605329885798,0.814870836401861,0.48415178571428574,0.4883928571428572,27.597575345550496,-20.483028524660185,0.28542600896860987,61.85231801497053,0.16671391363809418,5.347762547372841,1.7437226588117711,-0.8131606596801016,-0.03688933439108187,0.36751393413424177,4.059944864480352
V2l_volscaled_long,none,50,224,0.6167984262113217,0.9672793141840559,2.349811089442209,1.1935403042303527,0.7151603041700132,0.48776785714285725,0.48267857142857146,22.067057458593165,-20.018037854607897,0.24896860986547087,51.04209092609897,0.1811325585271844,4.4875149601029305,1.4019549851209554,-0.7010601725552661,0.38062659805970805,0.2568679100047386,2.9684742266595525
V2l_volscaled_long,atr<=2.0xMed,20,224,0.7855651274696068,1.2946865844473732,3.3801052901859157,1.6251211077167762,0.8839270054282983,0.49843750000000003,0.5109375,20.774638881651807,-21.02496714980939,0.33452914798206274,42.4771741640179,0.31384315636219334,3.677137614475236,1.09072334876133,-0.6507760084913353,1.0116604865564263,0.9640958990483028,2.2992250941439876
V2l_volscaled_long,atr<=2.0xMed,50,224,0.39935756232138253,0.7945486342808238,1.7780246159446444,1.1311889573308773,0.49771944028007403,0.4916964285714286,0.4929464285714286,15.722778126692315,-15.885989116137756,0.2784753363228699,38.6422456910884,0.2588294149834723,3.4053376638163115,1.0121978805780383,-0.7969365982852493,0.643726432918041,0.369226397759561,1.1685578463112556
V2l_volscaled_long,atr<=3.0xMed,20,224,1.2344565764198472,1.6598236876324748,4.360694997589499,1.6571061265038167,1.3328184543785389,0.49821428571428567,0.5066964285714286,33.47192160717647,-17.276536578352232,0.30426008968609863,51.55920716196757,0.23727648072502724,4.424056557071655,1.8514418669200858,-0.6505053999150273,0.5404997021388006,2.2594847318896245,3.186342836098816
V2l_volscaled_long,atr<=3.0xMed,50,224,0.7933664183635882,1.4007468209098175,2.5384847666330734,1.3872302766728055,0.89172829632228,0.4948214285714286,0.49267857142857147,25.490046397718057,-18.49303748649247,0.26179372197309414,44.82811233133688,0.2209315450464349,3.928699884913244,1.4177981865623868,-0.6606038194804833,0.6455676369903737,1.0885496446163596,2.2145206366254984
V2l_volscaled_long,ext<=2,20,224,0.7966786811376353,0.9482089338177132,3.813946178831958,1.3551126665640447,0.895040559096327,0.4859375,0.4915178571428571,32.79711525208484,-17.716469490037866,0.3526905829596413,60.45613032110665,-0.16341076211408292,5.2998453084127295,1.881757055969666,-0.8811337345289496,0.03398390839797334,0.8147036100922532,3.582936774095132
V2l_volscaled_long,ext<=2,50,224,0.5987266637048438,0.9812444979927684,2.1675288693319783,1.1466379322660512,0.6970885416635354,0.48526785714285714,0.4842857142857143,23.233561812427972,-19.89283705375382,0.3256502242152466,50.0462330105673,-0.17083110205759827,4.463967170142676,1.571309727568556,-0.7331530141821541,0.25663927359364913,0.3449918159629072,2.588557605114046
V2l_volscaled_long,ext<=3,20,224,0.7727468319699999,0.8992925056812041,3.9627707818148568,1.339696494352971,0.8711087099286916,0.48616071428571433,0.49040178571428567,29.6259346643871,-17.716469490037856,0.3080717488789238,61.33050496210537,0.043941375817680615,5.3329864118243275,1.8130891198231243,-0.7312180146454206,-0.015157174570162036,0.5680247475339809,3.8065981855918287
V2l_volscaled_long,ext<=3,50,224,0.6089074698645909,0.9642116924692932,2.285412275486922,1.1739931055769395,0.7072693478232824,0.48749999999999993,0.48375000000000007,22.4701531539635,-19.498092380406973,0.27345291479820627,50.655322304904416,0.046952934128733415,4.480404496439921,1.4215484020350473,-0.708468386003872,0.28987517321199247,0.33789967686348343,2.8896887476806588
V2l_volscaled_long,atr<=1.75xMed,20,224,0.5955432488327016,1.0546984112642945,2.5723147116990956,1.338722585848188,0.693905126791393,0.4975446428571429,0.5046875000000001,19.814528465138892,-20.225401805293007,0.3495515695067264,38.856314743685644,0.3261214840531064,3.3651230221549064,1.147043904041016,-0.4484406067813097,1.1418972568719752,0.4015797350949131,0.8874030532164756
V2l_volscaled_long,atr<=1.75xMed,50,224,0.3795167664080593,0.7898486046908151,1.442238709208831,0.9849404487357722,0.4778786443667508,0.49267857142857147,0.49196428571428574,17.564174375832266,-16.623530825453138,0.2880717488789237,36.018910155484065,0.27404202426681706,3.1723998750204805,0.988264493177098,-0.6883596701745002,0.658111879336085,0.30226295880519227,0.9165738590921483
V2l_volscaled_long,ext<=2&atr<=1.75xMed,20,224,0.5085551529641612,0.9107480693315458,2.2511018889168666,1.2017704074259277,0.6069170309228528,0.49843750000000003,0.5064732142857143,20.829040094309637,-10.802776291374105,0.4177130044843049,37.87893690670719,-0.049571613205723494,3.3335725048139495,1.148773089208819,-0.6321640486164074,1.1271951582826139,0.38242071775820674,0.5252128513462723
V2l_volscaled_long,ext<=2&atr<=1.75xMed,50,224,0.28344580791910723,0.6151333558640661,1.28029363950075,0.8748801476837252,0.3818076858777988,0.4897321428571429,0.4895535714285715,17.66990380310929,-14.168836850458922,0.35704035874439455,35.40700915263194,-0.09920146953600142,3.1543439063077416,1.1625828056060739,-0.7555231800090821,0.38488351164683193,0.2004996934833923,0.5779049765633012
V2l_volscaled_long,atr<=2.5xMed,20,224,1.0909722004099687,1.588157607611299,3.965525715520636,1.707687983841409,1.1893340783686601,0.4975446428571428,0.5100446428571429,29.690786114366176,-17.553815145658557,0.3116591928251121,47.64971655974062,0.27496874446925446,4.095402259677206,1.6396457841184147,-0.7928753164626187,0.8144049798084672,2.1441208709812853,2.254706540398146
V2l_volscaled_long,atr<=2.5xMed,50,224,0.6622704053804216,1.2238403379861407,2.2519876141623154,1.3072475808962676,0.7606322833391131,0.49375,0.49330357142857145,22.42571680506269,-16.579665023278633,0.26421524663677126,42.30590810668103,0.23775508970432932,3.7172821734043633,1.3335201209042122,-0.923780857944628,0.8346526628599367,0.869885911068807,1.7764449566999196
V2l_volscaled_long,ext<=4&atr<=2.5xMed,20,224,1.1068136526842745,1.6247354186659633,3.9614617725816412,1.7292773924714873,1.2051755306429661,0.49910714285714286,0.5098214285714285,30.32893445452909,-17.553815145658547,0.3170403587443946,47.53204878138161,0.23975753768058902,4.091294344068044,1.6545351728977542,-0.7846041983683552,0.8154486972087014,2.1628299378857356,2.3131574050035697
V2l_volscaled_long,ext<=4&atr<=2.5xMed,50,224,0.638865199804034,1.18813136028617,2.212029535664659,1.2844780297989835,0.7372270777627254,0.4939285714285715,0.49321428571428566,21.766219401349595,-16.138202362965657,0.2699551569506727,42.1948876636752,0.19480683910105534,3.7122942944527737,1.3626600764462506,-0.9478537908635503,0.7509396804731796,0.8397031655929998,1.7847228405691502
V15a_M_volscaled_T_noR,none,20,224,-0.26066128114723314,-0.37603103332328064,0.22064705876647478,0.08929346487098744,-0.16229940318854158,0.45870535714285715,0.43080357142857145,4.249121589191551,-32.10610138460442,0.31793721973094174,47.505096910795324,1.1803130348137167,4.0488918942696985,-0.11688277972849012,-1.0567093199799116,-0.4361001908523644,0.7616513720329391,-0.6660867104412022
V15a_M_volscaled_T_noR,none,50,224,-0.35229098406763637,-0.6592685209405945,-0.49042570692657783,-0.2580467792157481,-0.2539291061089448,0.4609821428571429,0.42473214285714284,5.268180080727647,-28.850319684994,0.268609865470852,44.29734443708458,1.0445195677845547,3.7560198691632722,-0.0407554412433824,-1.095208753722919,-0.2364051430197079,0.06669253998108991,-0.5678891887876908
V15a_M_volscaled_T_noR,atr<=2.0xMed,20,224,-0.35718391509618025,-0.5694124284622412,0.11355862574827205,0.05649359738304073,-0.25882203713748875,0.4616071428571429,0.4375,5.189760135491728,-27.31680552480702,0.3365470852017937,36.694658863360445,1.2028918855711903,3.1139216501512763,-0.256129952880515,-1.0317917908161562,0.14516324096414251,0.08074411612815607,-1.1211865688052391
V15a_M_volscaled_T_noR,atr<=2.0xMed,50,224,-0.4125196540809361,-0.8375774519043597,-0.439603142735019,-0.2642385024028037,-0.3141577761222446,0.4667857142857143,0.43410714285714286,4.9265112668270605,-25.40334561311145,0.28358744394618834,35.705799802950615,1.0649574618624398,3.0181807148924134,-0.0404669426428568,-1.1380921997620737,-0.03128034048543911,-0.35518638185357404,-0.5897128865388546
V15a_M_volscaled_T_noR,atr<=3.0xMed,20,224,-0.3271623160090752,-0.5077502692248888,0.08276948061202206,0.038384104117070876,-0.2288004380503837,0.4609375,0.43549107142857146,7.191911841626153,-30.225207042529377,0.32533632286995523,41.553563393915454,1.1989117879687483,3.5121329847594183,-0.1390033505540797,-1.185100161457168,0.34113302107615234,0.27922247320553695,-1.5873732458147887
V15a_M_volscaled_T_noR,atr<=3.0xMed,50,224,-0.3268520701443449,-0.6209924538435051,-0.33196978024008483,-0.18183736139029655,-0.22849019218565345,0.46473214285714287,0.4316964285714286,6.9734986555340495,-27.981087247651224,0.27533632286995513,39.763079105015535,1.0615889267652825,3.344416677534131,-0.010645638991849532,-1.1794488374202206,0.11171677296911715,0.06827927698493513,-0.9462475995596816
V15a_M_volscaled_T_noR,ext<=2,20,224,-0.27460501521378566,-0.4177079376914169,0.36019923630512474,0.14933726312808127,-0.17624313725509416,0.4595982142857143,0.4328125,7.859916323235505,-34.21630532289212,0.45,46.64303805386078,0.5370504016907842,4.034003578660001,0.2427236165480415,-1.3934281759977782,-0.342867663010114,0.25374267692245034,0.019998077874251383
V15a_M_volscaled_T_noR,ext<=2,50,224,-0.3522781759996856,-0.679740998271275,-0.4894305061495818,-0.26036685135622273,-0.2539162980409941,0.46580357142857143,0.42660714285714285,7.9365501408928285,-27.862524755847808,0.39381165919282507,43.512576093941036,0.453977873245862,3.7514526198471,0.3312897930986429,-1.1508404050319392,-0.30209372719154703,-0.28943519110629945,-0.34818062134885175
V15a_M_volscaled_T_noR,ext<=3,20,224,-0.3082433387577767,-0.4630464389629172,0.27194356761141253,0.11102609607962768,-0.20988146079908518,0.4584821428571429,0.4343749999999999,4.599706554154581,-30.43289440489697,0.37130044843049326,46.823770369361625,0.8838404649692982,4.023125937977885,0.04655903336802984,-0.9503050665474766,-0.6870640308621332,0.41293358237908684,-0.4230284916090547
V15a_M_volscaled_T_noR,ext<=3,50,224,-0.31685194114793036,-0.6027684381455555,-0.6034350968357125,-0.3180097239207819,-0.21849006318923878,0.46437500000000004,0.4250892857142857,6.218055195812577,-27.780286361166894,0.31551569506726457,43.83515156032267,0.780182798669277,3.7464142396502607,0.17439768502048345,-1.0026046468030676,-0.44824923029996644,0.006021685191092953,-0.3105462280234796
V15a_M_volscaled_T_noR,atr<=1.75xMed,20,224,-0.398524538448612,-0.6713867189417422,-0.02665633908864044,-0.01433435513891836,-0.30016266048992046,0.4589285714285714,0.43638392857142855,4.545032256157766,-24.620373759709334,0.3412556053811659,34.7274129962695,1.1974389514381052,2.950488425423924,-0.1719949191696714,-1.137408689042856,0.15648423279194312,-0.1505812193503421,-1.0039361197476149
V15a_M_volscaled_T_noR,atr<=1.75xMed,50,224,-0.42466613418695237,-0.8880795618243308,-0.6041209734936944,-0.38104884140336254,-0.3263042562282609,0.46633928571428573,0.43437500000000007,4.751878559944389,-24.044229139282912,0.28654708520179367,33.92004755352483,1.0643738707694546,2.8763501360747443,0.038821506965256686,-1.118229932121252,-0.060169830240538826,-0.4926332041533989,-0.5631100450158619
V15a_M_volscaled_T_noR,ext<=2&atr<=1.75xMed,20,224,-0.3379698286205301,-0.6090726837692169,-0.27301232474884196,-0.14494749145442543,-0.23960795066183846,0.47254464285714287,0.4368303571428571,7.956820995875358,-26.15369718325833,0.4647982062780269,34.24775880612069,0.5740858815563804,2.932657054974406,0.14505332541955895,-1.3983252603951721,0.2986961443347182,-0.4018540427153863,-0.3284895809660278
V15a_M_volscaled_T_noR,ext<=2&atr<=1.75xMed,50,224,-0.3697247112502578,-0.8246361039863398,-0.6779291675040299,-0.44209020273244193,-0.2713628332915663,0.47160714285714284,0.43473214285714284,9.202450611093461,-21.93801308404272,0.40484304932735427,33.50532375942078,0.47862501175276184,2.8729733733742733,0.3417196970771428,-1.287062650762182,-0.12383494083926237,-0.46842753281239324,-0.24741933138429165
V15a_M_volscaled_T_noR,atr<=2.5xMed,20,224,-0.4454500470162065,-0.6966997261092397,0.06876846737048643,0.0342356048174111,-0.34708816905751516,0.45915178571428567,0.43526785714285715,5.442866652764633,-29.64162092427609,0.3260089686098655,39.63142794909774,1.1968834672971205,3.3594546924139825,-0.17226161745462581,-1.359754845927167,0.28715520559026875,-0.07310350538676476,-1.411773848863159
V15a_M_volscaled_T_noR,atr<=2.5xMed,50,224,-0.4118514015216358,-0.7926854029502235,-0.3924965215319905,-0.22314352260375797,-0.3134895235629444,0.46366071428571437,0.43142857142857144,6.206688239217417,-26.607451122851888,0.27757847533632285,38.09106607527027,1.0622982689937353,3.2155086411148295,-0.020320659615213482,-1.2938825724550655,0.13016700691706748,-0.25058260364394536,-0.8551571875411915
V15a_M_volscaled_T_noR,ext<=4&atr<=2.5xMed,20,224,-0.4520344243865823,-0.7206995093798076,0.04914150307774071,0.024301700022251353,-0.3536725464278908,0.46116071428571426,0.43459821428571427,3.3545661811880345,-28.5420064337772,0.3417040358744395,39.280896492417405,1.0759406486223853,3.3403957057405185,-0.14030133756444768,-1.2642387178131553,0.08055384753308067,-0.03544703045446014,-1.3868353811518879
V15a_M_volscaled_T_noR,ext<=4&atr<=2.5xMed,50,224,-0.411750423771406,-0.8015037047211867,-0.4408944416363724,-0.24960974619039708,-0.31338854581271447,0.4655357142857143,0.4315178571428571,4.882953257708911,-26.887697463728898,0.29264573991031384,37.98530582924726,0.9662334497903744,3.2086985553191387,0.03834757775137734,-1.2813103114570241,-0.028002943408295188,-0.2411458720608173,-0.6927715610857083
V15b_M_volscaled_T_halfR,none,20,224,-0.5219489954921189,-0.9758935995633523,-0.9917702410551396,-0.527491086242202,-0.42358711753342726,0.46205357142857145,0.42142857142857143,5.814577937913046,-23.16862865200352,0.33542600896860986,31.99740523204639,1.1497185555307923,2.749170115820069,0.16938803519751516,-2.0219386918406927,0.18683165435444812,-0.29773117379861147,-0.7810027577444822
V15b_M_volscaled_T_halfR,none,50,224,-0.5694386563551641,-1.2441061922295853,-0.8216076912326428,-0.5014855241452264,-0.47107677839647266,0.45267857142857143,0.42526785714285714,5.631677092688592,-22.6567290503776,0.27874439461883405,36.209603629195605,1.0110621453087563,3.0819520942105485,-0.08401193021526904,-1.3911889550888823,-0.3401636117694491,-0.22304038643606647,-1.0680839520030594
V15b_M_volscaled_T_halfR,atr<=2.0xMed,20,224,-0.43162533499449385,-0.8328944822145408,-0.9338126168010898,-0.5616240025205373,-0.33326345703580235,0.4667410714285714,0.43013392857142857,6.017220328639072,-20.90574959695315,0.3336322869955157,28.69014557472927,1.1382108697354838,2.4589254777083847,0.18528384617453808,-1.7401802532894626,0.2811533147113586,-0.18225018846483365,-0.9951837914727772
V15b_M_volscaled_T_halfR,atr<=2.0xMed,50,224,-0.5481952765470186,-1.2236463149856045,-0.7677182129539913,-0.5135068457904478,-0.4498333985883271,0.45696428571428577,0.4315178571428571,6.096375402434173,-18.876318220275234,0.28394618834080715,31.003509270132458,1.0156347563261405,2.6383452219129713,-0.12205634952286885,-1.3317377414739764,-0.05133254397216991,-0.436495428137706,-1.0714432829665044
V15b_M_volscaled_T_halfR,atr<=3.0xMed,20,224,-0.4665383139753875,-0.8797496220963132,-1.0563131094612568,-0.608835979121296,-0.3681764360166959,0.46406249999999993,0.42499999999999993,6.560116312311104,-20.90574959695316,0.3365470852017937,29.99207294536389,1.14731001164148,2.55445446535524,0.1779862625282384,-2.0035711030434356,0.43731106662419883,-0.12489255133872029,-1.2019277528750352
V15b_M_volscaled_T_halfR,atr<=3.0xMed,50,224,-0.5136866627346024,-1.1268821425689381,-0.7078451471688901,-0.44860776147153464,-0.415324784775911,0.4561607142857143,0.429375,7.0542825515670815,-20.478294205821523,0.2828699551569506,33.370439954397575,1.0153103557369423,2.826159217433641,-0.09682207633666295,-1.4292093686385243,0.012518169601939282,-0.18341524967607098,-1.2591410916702084
V15b_M_volscaled_T_halfR,ext<=2,20,224,-0.6558439301709335,-1.2546128237376604,-0.8854050710279313,-0.44786667501859967,-0.5574820522122419,0.46316964285714285,0.42209821428571426,2.3244063001030657,-27.957250220280137,0.45201793721973094,33.75142615689604,0.5679055991098891,2.93432744887663,0.36648736827198625,-1.6857588762887712,-0.408807675458689,-1.0126714220874249,-0.4113129200060056
V15b_M_volscaled_T_halfR,ext<=2,50,224,-0.48215268781797976,-1.0634051688401698,-0.7505724455323444,-0.45107031966995476,-0.3837908098592882,0.460625,0.42607142857142855,6.8861143853805595,-24.78698736164089,0.4007174887892377,36.91485335793255,0.4450080143299049,3.171499793495711,0.22185661663771078,-1.44013546953958,-0.20492154210852426,-0.3133573897881592,-0.882263034637492
V15b_M_volscaled_T_halfR,ext<=3,20,224,-0.4742920180609428,-0.9171836413015406,-0.9377382749977659,-0.49245832755376817,-0.37593014010225106,0.4667410714285714,0.42410714285714285,7.846666250234757,-22.898297999621818,0.3811659192825112,32.42810331133254,0.9045977324049602,2.7995742548172697,0.2402563896026662,-1.742110249614718,-0.09750816837481532,-0.3423659530694642,-0.3814588738681094
V15b_M_volscaled_T_halfR,ext<=3,50,224,-0.5265637540557208,-1.155796261114965,-0.8120531367897486,-0.4994177810164167,-0.4282018760970293,0.4568750000000001,0.42767857142857146,5.715363167370668,-22.231199490324094,0.32573991031390126,36.19192428058022,0.7724751496340723,3.092922112282302,0.019084740188492433,-1.296822768092179,-0.42291186942091635,-0.1934350165424451,-0.9685848006303772
V15b_M_volscaled_T_halfR,atr<=1.75xMed,20,224,-0.4840736969507972,-0.952451047454754,-1.0185927219451631,-0.6386714710230141,-0.38571181899210577,0.46450892857142856,0.4294642857142857,5.671074063740411,-20.90574959695315,0.3349775784753363,28.288738705608367,1.1409764056794574,2.4207979774813073,0.1641307401005031,-1.7307830129259536,0.3109203156695558,-0.32190671371915835,-1.23127394055108
V15b_M_volscaled_T_halfR,atr<=1.75xMed,50,224,-0.5779435666201561,-1.300181569693638,-0.8645443645081062,-0.6030869059680589,-0.47958168866146467,0.45678571428571424,0.4323214285714286,6.236781285237103,-17.84929817106059,0.2844843049327354,30.111865766886588,1.0126753163165338,2.5635477649220832,-0.07523880256017229,-1.3204278124339655,-0.08323579784920704,-0.576122465141785,-1.1128381259857714
V15b_M_volscaled_T_halfR,ext<=2&atr<=1.75xMed,20,224,-0.5203840139566149,-1.0548482147371268,-1.0463124629254128,-0.6425496324161722,-0.42202213599792343,0.47031249999999997,0.42879464285714286,6.831979600677385,-22.109216648684203,0.44775784753363224,28.791886617214413,0.5715673987642343,2.4772046467968734,0.3195061074289345,-1.5690237064747166,0.11380912254820755,-0.9534816078540698,-0.5044381211958147
V15b_M_volscaled_T_halfR,ext<=2&atr<=1.75xMed,50,224,-0.4992755778358788,-1.1550339062273345,-0.9852417065597622,-0.6954368436432777,-0.4009136998771872,0.4657142857142857,0.43116071428571434,8.721615948067441,-18.78203091865104,0.40089686098654703,30.368905832816612,0.4592894112934295,2.606852846427038,0.23181533530642623,-1.3878812683132382,-0.08310509498174544,-0.6900582331212118,-0.6406777658228497
V15b_M_volscaled_T_halfR,atr<=2.5xMed,20,224,-0.4528484482522968,-0.8314847690161609,-0.9371336847885195,-0.5468179114546023,-0.3544865702936053,0.46406249999999993,0.428125,6.177995178455764,-20.90574959695315,0.334304932735426,29.518311033112532,1.1428526158214167,2.518218729563849,0.16287552587606008,-2.0016433682617105,0.5274296883698597,-0.24540295612958457,-0.9833748708852388
V15b_M_volscaled_T_halfR,atr<=2.5xMed,50,224,-0.5521038434066932,-1.2150182429996217,-0.663309368780759,-0.43018020607682406,-0.45374196544800144,0.45526785714285717,0.4305357142857143,6.912948706659439,-19.678580266352252,0.283677130044843,32.47020541957439,1.0150627531423928,2.7561797278024733,-0.11074933594384812,-1.4867182761195057,0.04372278030752245,-0.32404123885017533,-1.2409148913666213
V15b_M_volscaled_T_halfR,ext<=4&atr<=2.5xMed,20,224,-0.4447066537370351,-0.8187924885696939,-0.9966711148745042,-0.5745363972584132,-0.3463447757783436,0.4662946428571428,0.42812500000000003,6.0548575762765955,-22.739421029489204,0.3493273542600897,29.586122209407712,1.0432547521125073,2.5280843788251794,0.15807188477907191,-1.9431553152609657,0.42211123978040854,-0.20834466304911048,-0.8770186562319201
V15b_M_volscaled_T_halfR,ext<=4&atr<=2.5xMed,50,224,-0.5749625211615362,-1.2692456667546428,-0.6968275767637806,-0.4519621867475729,-0.47660064320284456,0.4562500000000001,0.4310714285714286,5.7745625306417026,-19.958146311392266,0.2979372197309416,32.39905515885204,0.9287123757917944,2.7513122071790628,-0.09145624382047551,-1.454004521361211,-0.062053909327739215,-0.35921020945045423,-1.2689733559245882
V15c_M_volscaled_only_plus_resid,none,20,224,-0.25810463858918103,-0.3761397883351653,-0.13068096960496248,-0.054364150571567335,-0.15974276063048942,0.459375,0.425,5.739394649640217,-27.364598689758058,0.33161434977578474,51.365492914407284,1.0295039346950345,4.314072797771399,-0.1549834223907635,-1.0181918377721932,-0.2822663988434871,0.5429307970874577,-0.5079123311678019
V15c_M_volscaled_only_plus_resid,none,50,224,-0.2944621706630606,-0.539055870987209,-0.333866195207276,-0.17638370203476364,-0.19610029270436896,0.46116071428571426,0.42616071428571434,7.496482405277094,-27.66956299490898,0.28116591928251117,46.344834728971364,0.9361504745192313,3.902405055940606,0.03922719065854388,-1.0186584667954999,-0.3623658091474003,0.24347572195758288,-0.46014408592445394
V15c_M_volscaled_only_plus_resid,atr<=2.0xMed,20,224,-0.24256803692079182,-0.3927663044781891,-0.052872684144633586,-0.026394615654678995,-0.1442061589621003,0.46696428571428567,0.43191964285714285,6.32067524055222,-28.341657578895287,0.3488789237668161,37.406366307702385,1.066368078259612,3.1665070838891363,-0.19764938529875362,-1.014452862253458,0.45070719079588734,0.20215198380007213,-1.0988786092685312
V15c_M_volscaled_only_plus_resid,atr<=2.0xMed,50,224,-0.30451311083850874,-0.6209401331825587,-0.19932047495395275,-0.12177607927786537,-0.20615123287981715,0.46714285714285714,0.438125,7.614659795168421,-24.585988564194217,0.29677130044843053,36.16734850709206,0.9737088309956355,3.062647825485808,0.08789756329355358,-1.0498639668966567,-0.04498512094058625,-0.17494215939552665,-0.3798438596193809
V15c_M_volscaled_only_plus_resid,atr<=3.0xMed,20,224,-0.33051698726025275,-0.5202488335174662,-0.2717004195189971,-0.12396357412925266,-0.2321551093015612,0.4636160714285714,0.42946428571428574,4.787223400773044,-32.200568871262746,0.34327354260089693,42.88535626005627,1.054587046687543,3.612356583953623,-0.17425334692815217,-1.0981030117477142,0.4071507804753822,0.09727870695599548,-1.4849775660030073
V15c_M_volscaled_only_plus_resid,atr<=3.0xMed,50,224,-0.2744163234022472,-0.5255578152788452,-0.24942547223210199,-0.1376372216959385,-0.17605444544355572,0.46348214285714284,0.43125,7.3342660390638414,-27.84757421006233,0.29103139013452917,40.69532068349865,0.9660964556038516,3.407607233545108,0.03604648860480211,-1.1032992357575102,-0.022273304148907932,0.27552190664979787,-0.8653770503963524
V15c_M_volscaled_only_plus_resid,ext<=2,20,224,-0.03345925531892473,-0.05223995464901082,0.3635119485542621,0.1528174462066529,0.06490262263976679,0.4669642857142858,0.4316964285714286,8.502988289688208,-29.760395614985203,0.44999999999999996,50.64171111396589,0.4147174981642893,4.3166930630321,0.22149788788381916,-0.9445596005023639,-0.1372400066112925,0.7549486454426786,-0.09280081258671719
V15c_M_volscaled_only_plus_resid,ext<=2,50,224,-0.3062363598072557,-0.572803936490052,-0.4608829817868666,-0.24902282356839958,-0.20787448184856422,0.4633928571428572,0.42607142857142855,7.216367902099452,-28.460005338936266,0.39793721973094176,45.17751559814247,0.3661051348466146,3.873667728599439,0.3999497948326703,-1.1525564047896075,-0.5066715307349389,0.09413240263652822,-0.4308190705857455
V15c_M_volscaled_only_plus_resid,ext<=3,20,224,-0.06335462135186655,-0.09680546457607382,0.023111407163405435,0.009861022456879523,0.035007256606824994,0.4654017857142857,0.4301339285714286,8.054130225120804,-26.545861750051493,0.37959641255605386,50.861835693948784,0.7393912713299385,4.307907529836641,-0.004843029991732792,-0.7430656364404047,-0.35000081347520823,0.8927926693336694,-0.16398311058892848
V15c_M_volscaled_only_plus_resid,ext<=3,50,224,-0.3176121401126019,-0.5955920851277854,-0.48478841299157155,-0.25857762441171206,-0.21925026215391047,0.46133928571428573,0.42464285714285716,7.409000510135044,-26.675892854140937,0.32672645739910305,45.75126919706199,0.6881946659232069,3.888656471208478,0.17703081733378986,-1.0325669445922678,-0.5286241206972454,0.20039175203754972,-0.49819560788808986
V15c_M_volscaled_only_plus_resid,atr<=1.75xMed,20,224,-0.2718809325930152,-0.46368756154353485,-0.02677491305529979,-0.013987579154300756,-0.17351905463432366,0.46450892857142856,0.4348214285714286,5.328211960031259,-25.418757318674757,0.3495515695067264,35.487360802902224,1.0726390456890225,2.9971020941613014,-0.03820592966192614,-1.0289487451874748,0.3914857133435129,-0.023130345017740972,-1.0817234822772477
V15c_M_volscaled_only_plus_resid,atr<=1.75xMed,50,224,-0.3388108755766435,-0.7275967996191498,-0.4156299432402321,-0.26874471784095044,-0.24044899761795194,0.4667857142857143,0.4373214285714286,7.797578096194768,-23.18183803857593,0.29784753363228694,34.33778399988322,0.9801461492975001,2.9140158026442897,0.20712820544268118,-1.050730348628575,-0.14881137688641083,-0.3596305608871755,-0.34547633671642175
V15c_M_volscaled_only_plus_resid,ext<=2&atr<=1.75xMed,20,224,-0.1514098772707174,-0.27629101827304464,-0.22497846107167527,-0.12041080193375849,-0.05304799931202598,0.4772321428571429,0.43571428571428567,11.627223657654383,-24.730593978142913,0.47017937219730943,34.89675679759327,0.47882751072241597,2.9844845325619755,0.37807438246756075,-1.2415553585934929,0.452943221798296,-0.2455987358649767,-0.04620783329208518
V15c_M_volscaled_only_plus_resid,ext<=2&atr<=1.75xMed,50,224,-0.2756454910495643,-0.6238170773937283,-0.5110100068409195,-0.33255514386124063,-0.17728361309087284,0.4735714285714286,0.4349107142857143,10.423317666839615,-21.025110382122982,0.4071748878923767,33.930830202666215,0.40482013373588865,2.9066197594628034,0.5281887482778931,-1.265640631006703,-0.19815346268182188,-0.24680648105596564,-0.10933327799052296
V15c_M_volscaled_only_plus_resid,atr<=2.5xMed,20,224,-0.3528856513157548,-0.5530574078457137,-0.09476442629898105,-0.04521157793739629,-0.2545237733570633,0.4647321428571428,0.43124999999999997,5.461729336499932,-30.435287410893373,0.34260089686098655,40.43328994267542,1.0630044420611924,3.4204863471097675,-0.1405272211487065,-1.2929724111690026,0.47826812319338413,-0.0003724870686801496,-1.302757753544951
V15c_M_volscaled_only_plus_resid,atr<=2.5xMed,50,224,-0.3603936305858435,-0.7071270107893126,-0.2551962930347806,-0.1453734186198849,-0.262031752627152,0.46258928571428576,0.4325,7.868946510706909,-26.29808123512165,0.29300448430493276,38.8128935856592,0.9696204255330034,3.266114459758659,0.06366984415308166,-1.264240606030416,0.034838202891596705,-0.0938123132440501,-0.7396220683224817
V15c_M_volscaled_only_plus_resid,ext<=4&atr<=2.5xMed,20,224,-0.3605732163938118,-0.5785526454152289,-0.1097804015255417,-0.05249506079669688,-0.2622113384351203,0.46584821428571427,0.43124999999999997,2.5135755088535605,-30.842001042382872,0.3585201793721973,40.30190406095638,0.9483820366023935,3.409032937452565,-0.20875962228277894,-1.1963604190213344,0.3123187475648705,0.08477766800230752,-1.2653007993902954
V15c_M_volscaled_only_plus_resid,ext<=4&atr<=2.5xMed,50,224,-0.3609007218146149,-0.712334146357241,-0.33235870420215025,-0.19034466266608685,-0.26253884385592335,0.4644642857142857,0.43294642857142857,6.799384646818529,-26.717135527011827,0.3053811659192825,38.5849905247936,0.8776222702146821,3.2552226811435077,0.11934904766494378,-1.2515560125041163,-0.08443687794770863,-0.03697196922554416,-0.7567071285771861
V14_like_alpha05,none,20,224,-0.5317676482986465,-1.1401593741589948,-1.5388870835971475,-1.1135587013430623,-0.4334057703399551,0.46584821428571427,0.4245535714285714,6.896928380248313,-18.432263908018378,0.34484304932735427,23.990141825186107,0.8937355821174408,2.081072564291028,0.27949904124799946,-1.940225808718862,-0.10540576231079074,-0.33928787780354497,-0.5768722016515391
V14_like_alpha05,none,50,224,-0.6534402691716653,-1.5778089436912592,-1.2547702749684007,-0.9394914009219175,-0.5550783912129736,0.45491071428571433,0.4287500000000001,6.428757578666322,-18.020077766454147,0.29282511210762324,27.27400184746747,0.7939826138111954,2.352965598524912,0.16302093744783747,-1.6313298164038998,-0.07754811161962098,-0.8859614654950115,-1.0324873954549283
V14_like_alpha05,atr<=2.0xMed,20,224,-0.5270887141320333,-1.1314736485931116,-1.536218607792844,-1.1120153975336915,-0.4287268361733419,0.4660714285714285,0.4245535714285714,6.896928380248313,-18.432263908018378,0.3446188340807175,23.980964724162078,0.8937074633548221,2.0803235206435304,0.27949904124799946,-1.9192641836524347,-0.10540576231079074,-0.33928787780354497,-0.5768722016515391
V14_like_alpha05,atr<=2.0xMed,50,224,-0.6113708430285565,-1.4536182272884492,-1.1837196189634211,-0.8956888918150352,-0.5130089650698649,0.4563392857142857,0.43044642857142856,7.2923620515350285,-17.208942323421837,0.29174887892376683,26.47567119184583,0.7901464764424482,2.2805565778908665,0.13503193722957996,-1.593781718389177,-0.06249491058635551,-0.7367817470621056,-1.0019061207497397
V14_like_alpha05,atr<=3.0xMed,20,224,-0.5317676482986465,-1.1401593741589948,-1.5388870835971475,-1.1135587013430623,-0.4334057703399551,0.46584821428571427,0.4245535714285714,6.896928380248313,-18.432263908018378,0.34484304932735427,23.990141825186107,0.8937355821174408,2.081072564291028,0.27949904124799946,-1.940225808718862,-0.10540576231079074,-0.33928787780354497,-0.5768722016515391
V14_like_alpha05,atr<=3.0xMed,50,224,-0.5983538108545482,-1.4238513453586437,-1.1996422879342188,-0.8975113637007353,-0.49999193289585664,0.4559821428571428,0.4294642857142858,7.622389747169067,-17.20894232342185,0.2922869955156951,26.811256183149652,0.791710313658536,2.3076551047993275,0.1634713454464614,-1.6320709964492535,-0.02511200089889969,-0.6900991877350009,-1.0350296520660058
V14_like_alpha05,ext<=2,20,224,-0.5717434513346015,-1.23483837974746,-1.613531129400804,-1.1732627540263274,-0.4733815733759099,0.46875,0.4252232142857143,5.862712412920734,-20.033862400575796,0.4522421524663677,24.803625239004027,0.41472905929559495,2.145018011751489,0.22766893661027582,-1.8437608318825076,0.018873359421858193,-0.8933486636626982,-0.14759054680404796
V14_like_alpha05,ext<=2,50,224,-0.5872185090537969,-1.4441205274673956,-1.248095190370156,-0.9100704841963265,-0.48885663109510535,0.46053571428571427,0.42794642857142856,7.638430587201017,-18.741453887075966,0.4042152466367712,28.537448084668217,0.3219378746910798,2.4815739992848322,0.3111082513731086,-1.484323671966237,-0.21292619803996823,-0.7896809431124477,-0.9477424141988872
V14_like_alpha05,ext<=3,20,224,-0.5062311918014513,-1.0873342374625292,-1.6266670065454976,-1.1757866431854918,-0.4078693138427597,0.4680803571428571,0.42589285714285713,6.146851984819146,-19.408526325433918,0.38026905829596414,24.139543705239717,0.7164362573039392,2.0981681947756528,0.31306192967612384,-1.8956599886979744,-0.21611195207543935,-0.39882208270507635,-0.14663259472528264
V14_like_alpha05,ext<=3,50,224,-0.6252835233444006,-1.5055965228062613,-1.403628440456115,-1.0432016990780353,-0.5269216453857091,0.4569642857142857,0.4262500000000001,6.885334902206686,-18.22371679443979,0.3295964125560538,27.658691044450006,0.6149289603360335,2.387559729229211,0.15755440398503384,-1.5304664795675553,-0.16294486184886764,-0.833400930066187,-0.9000256605944562
V14_like_alpha05,atr<=1.75xMed,20,224,-0.5270887141320333,-1.1314736485931116,-1.536218607792844,-1.1120153975336915,-0.4287268361733419,0.4660714285714285,0.4245535714285714,6.896928380248313,-18.432263908018378,0.3446188340807175,23.980964724162078,0.8937074633548221,2.0803235206435304,0.27949904124799946,-1.9192641836524347,-0.10540576231079074,-0.33928787780354497,-0.5768722016515391
V14_like_alpha05,atr<=1.75xMed,50,224,-0.623835280593906,-1.4858661600532368,-1.2308294796847221,-0.9459169873407479,-0.5254734026352145,0.4558035714285714,0.43062500000000004,6.991288456061273,-17.20894232342185,0.2904932735426009,26.31898235436651,0.7903802133781023,2.2633955569072937,0.1387622692762433,-1.5940556797091447,-0.04548046233980693,-0.8124751797753917,-1.003193759401248
V14_like_alpha05,ext<=2&atr<=1.75xMed,20,224,-0.5841405857360595,-1.2725699713967176,-1.5901033444180708,-1.1578320265340973,-0.48577870777736804,0.46875,0.4263392857142857,5.077197944586476,-20.033862400575764,0.452017937219731,24.717215027783247,0.41490349101103685,2.135909727329652,0.23754327813084258,-1.8325661255568861,-0.0046092886550755385,-0.9451543975233391,-0.15034018852726752
V14_like_alpha05,ext<=2&atr<=1.75xMed,50,224,-0.579913471984737,-1.4111128077298274,-1.2889924398975654,-0.9933837010470379,-0.4815515940260454,0.46035714285714285,0.43008928571428573,7.727065412075795,-17.786772129971396,0.40179372197309415,26.882848015153726,0.3224522126454473,2.324847478779261,0.2911307404220448,-1.459413062774379,-0.150547027883269,-0.841007021260249,-0.9128666312411857
V14_like_alpha05,atr<=2.5xMed,20,224,-0.5317676482986465,-1.1401593741589948,-1.5388870835971475,-1.1135587013430623,-0.4334057703399551,0.46584821428571427,0.4245535714285714,6.896928380248313,-18.432263908018378,0.34484304932735427,23.990141825186107,0.8937355821174408,2.081072564291028,0.27949904124799946,-1.940225808718862,-0.10540576231079074,-0.33928787780354497,-0.5768722016515391
V14_like_alpha05,atr<=2.5xMed,50,224,-0.6139872924823464,-1.457547364588432,-1.2132622307072944,-0.9162467820897601,-0.5156254145236548,0.4558035714285715,0.42964285714285716,7.71155651825739,-17.208942323421837,0.2918385650224215,26.7240029008481,0.7908960495400399,2.300018109771742,0.14828299411140955,-1.6320709964492535,-0.03159546330182268,-0.7285309185297784,-1.0557264294822224
V14_like_alpha05,ext<=4&atr<=2.5xMed,20,224,-0.5375916193113052,-1.1496556675511245,-1.5614673725301589,-1.129878890665189,-0.4392297413526136,0.4674107142857143,0.4263392857142857,6.052985231348118,-19.523512610146575,0.35336322869955156,24.015617790180936,0.8340165637622727,2.0852889014402947,0.27824988616419993,-1.930656384130207,-0.11788938627442491,-0.396036603201066,-0.5043290980690623
V14_like_alpha05,ext<=4&atr<=2.5xMed,50,224,-0.6265189201430329,-1.485719481452769,-1.254445854987132,-0.9408440715952561,-0.5281570421843413,0.45607142857142857,0.42892857142857144,7.126537935770583,-17.301968235605848,0.30466367713004483,26.795186155553825,0.7306099467872932,2.304982114635127,0.13985847898997034,-1.6112087939746893,-0.07555460378352527,-0.7507090567942041,-1.060814138913206
V1_raw_RS,none,20,224,0.4182785014477252,0.38839701497775136,2.259657767051302,0.765201211609867,0.5166403794064167,0.4595982142857143,0.44308035714285715,11.951934689041499,-34.48155087695507,0.2596412556053812,88.4519753743304,0.6776984770527065,6.840147782945,1.1430999531167367,-0.8513425649094554,1.336386864522104,-1.0654102335993005,2.7315701403244264
V1_raw_RS,none,50,224,0.49376900287828057,0.5908331323558803,1.4543810698708282,0.635333527539902,0.5921308808369723,0.4708035714285715,0.4530357142857143,16.27510205397298,-29.941089520381205,0.24529147982062782,70.07270752556093,0.7482845767190517,5.662740836481459,0.8407092461260088,-1.050746433931612,1.1633603292161554,0.4086995687335949,1.7709633807303127
V1_raw_RS,atr<=2.0xMed,20,224,0.8068053686555239,1.0359667600125042,2.7123295489115136,1.1295488027764837,0.9051672466142158,0.4955357142857143,0.484375,15.813691652625783,-28.930136080374414,0.35605381165919286,57.40099862921687,0.9600062713224976,4.340657180030196,0.9643059411826544,-0.6091235333380527,1.3605546851458765,0.8812031793214473,2.119891206801712
V1_raw_RS,atr<=2.0xMed,50,224,0.3025434295511986,0.47300763293104064,1.4169363126807384,0.7117684868211266,0.40090530750989006,0.48321428571428576,0.47053571428571433,14.0045931352621,-22.45792463184494,0.29300448430493276,50.038306359507146,0.8823944507153569,4.000744220765954,0.6339290142826708,-0.9859695310568781,0.5438768461294047,0.4786748424791663,1.4268404011562619
V1_raw_RS,atr<=3.0xMed,20,224,1.2458996924260093,1.3793782571550182,3.2565354827238204,1.1491878836526226,1.3442615703847007,0.4888392857142857,0.47343750000000007,27.835632512307495,-32.97418141824148,0.312780269058296,71.01382519484719,0.8480582982365183,5.31906371430363,1.3272497768076172,-0.4942372101022944,2.100264825850111,1.633747797951099,2.113761315754145
V1_raw_RS,atr<=3.0xMed,50,224,0.74962772837706,1.0168303462198716,1.758878091286589,0.8023113378766605,0.8479896063357516,0.48276785714285714,0.4634821428571429,21.306551031485,-28.634026006428883,0.2725560538116592,59.51665856105907,0.8282761112946541,4.727116904686412,0.8831180685115714,-0.9047103428244534,1.0243778403802712,1.5538966345521814,1.6701042135617876
V1_raw_RS,ext<=2,20,224,0.28933030176046304,0.27301842288390443,2.261612306554708,0.7560357988955517,0.38769217971915454,0.4582589285714286,0.4466517857142857,11.968012870884316,-34.77012106354604,0.3591928251121076,85.01159108912911,0.1698312429174797,6.746271638488898,1.4631339373870627,-1.2427284702021044,1.0138513454707974,-1.1384772888313734,2.500875475130192
V1_raw_RS,ext<=2,50,224,0.3179124234676584,0.41199160231139575,1.0370842543955605,0.46961479474216244,0.4162743014263501,0.4653571428571429,0.4467857142857143,18.529935779267227,-28.853795677365024,0.3472645739910314,66.88049635159174,0.2142698547469905,5.53269001491213,0.9316562738884984,-1.2658964237315966,0.8519185643368519,0.057529213677664365,1.7688333936743583
V1_raw_RS,ext<=3,20,224,0.40949764066846567,0.3830486556576318,2.363046266325694,0.7795167784012458,0.5078595186271572,0.4611607142857143,0.44419642857142855,11.50295914713848,-35.47369491305384,0.29686098654708515,86.70378547383038,0.4358438380181101,6.794736709288495,1.376768302618677,-0.920941309968569,0.8466148176326408,-0.8014268527214583,2.7781968179863243
V1_raw_RS,ext<=3,50,224,0.3949469513717969,0.48512465127973564,1.3108582390496728,0.5722941166454492,0.4933088293304884,0.4677678571428571,0.45142857142857146,14.769302376508463,-28.219951339135584,0.2825112107623318,68.51623963653047,0.5025013039345414,5.604567429273463,0.7772854040077781,-1.059325840376549,0.6820098803713125,0.49448341481515573,1.8227280902665681
V1_raw_RS,atr<=1.75xMed,20,224,0.45856490119149634,0.6349636049481012,1.6066012059086223,0.7223336452245763,0.5569267791501878,0.4883928571428572,0.47477678571428567,10.404229898504024,-27.749384519347366,0.37533632286995516,51.90940326215959,1.0188874909321362,3.9398066777124408,1.2495198891625836,-0.6351517570404539,0.8432223357343396,0.19099016888966544,0.8453960845661859
V1_raw_RS,atr<=1.75xMed,50,224,0.14485782115461288,0.23655971254083008,0.892655824029309,0.49783025896255373,0.24321969911330443,0.48107142857142854,0.466875,12.400230837432025,-22.803035687403785,0.30825112107623315,46.12386290411637,0.9061134291772509,3.6829266848828572,0.6268838620871471,-0.9495182778254038,0.2495293865967561,0.2649139035816207,0.9524045090261372
V1_raw_RS,ext<=2&atr<=1.75xMed,20,224,0.31541096631166204,0.45099388966635745,1.1243026282881505,0.4908938762444942,0.4137728442703537,0.48995535714285715,0.4660714285714286,19.525168955939943,-25.664485407445024,0.4632286995515695,50.191106430101506,0.4201676541766144,3.8894401672006964,1.328416813878999,-0.6273550653761999,0.41102454215656803,0.019953787617136613,0.5854188558327966
V1_raw_RS,ext<=2&atr<=1.75xMed,50,224,0.06362393353266932,0.11302123887149641,0.4323819388478017,0.2479500583066983,0.16198581149136076,0.4791964285714286,0.4624107142857143,16.150015820876938,-22.247312818877763,0.4026905829596412,44.596329218810304,0.34916928250578744,3.6140107563273367,0.6868493813115453,-1.1429215596693558,0.009227137794623128,0.4224816322690108,0.6445804802511148
V1_raw_RS,atr<=2.5xMed,20,224,0.9293213101101766,1.1123288414255748,2.7004739388959984,1.0744582007108312,1.027683188068868,0.48861607142857144,0.4765625,21.397138010781024,-30.469448940474287,0.3282511210762332,65.09272736147037,0.8908122115709792,4.8929304770337305,1.2073152022538585,-0.7313453283207808,2.258059029507308,0.8207586443546595,1.2678581697886384
V1_raw_RS,atr<=2.5xMed,50,224,0.6028502568554038,0.8823922210075967,1.6142247985498281,0.7541022685779085,0.7012121348140953,0.48276785714285714,0.4666964285714286,18.299184990107918,-24.244431933303055,0.27937219730941704,55.42647502167696,0.8486089845460603,4.420362047816065,0.8564722059945967,-1.0686561270563222,0.9329936397091756,1.2543348372183856,1.5117179059299435
V1_raw_RS,ext<=4&atr<=2.5xMed,20,224,0.9312835534474163,1.1176716255338663,2.702852404940226,1.0695542598104955,1.0296454314061079,0.48660714285714285,0.47522321428571435,22.558839452358104,-28.618442045701308,0.3309417040358744,64.55268239398939,0.7760670538511473,4.884265525285952,1.2775930383509135,-0.8119305104321523,1.74532304804726,1.1977624024700204,1.5904215437674663
V1_raw_RS,ext<=4&atr<=2.5xMed,50,224,0.5675850621617822,0.8354320635073667,1.6156160503444132,0.7433371238316,0.665946940120474,0.48276785714285714,0.4666964285714286,18.605512530580626,-23.408131848635193,0.28484304932735427,54.95473927668299,0.7458402115073854,4.404350154665438,0.8519238528182569,-1.0683128719654857,0.6238967138451993,1.3286430270404015,1.6804799098883598
