variant,profile,view,list_type,cost_bps,bound,holding,before_portfolio,after_portfolio,delta_portfolio,before_spy,after_spy,delta_spy,before_relative,after_relative,delta_relative,before_relative_passive,after_relative_passive,delta_relative_passive,before_end_date,after_end_date,delta_end_date,after_open_positions,after_unlabelled_positions,after_positions_without_final_bar,after_invested_sleeves,after_cash_share
cons17+nofund,aggressive,long,mixed,0.0,legacy,ledger_h63,1.960014,1.938138,-0.021876,1.675407,1.696978,0.021571,1.169873,1.142111,-0.027762,1.086488,1.074362,-0.012126,2026-09-25,2026-09-25,,220,220,6,11,0.12889669
cons17+nofund,aggressive,long,mixed,0.0,zero,ledger_h63,1.995466,1.973322,-0.022144,1.675407,1.696978,0.021571,1.191034,1.162845,-0.028189,1.106141,1.093865,-0.012276,2026-09-25,2026-09-25,,220,220,6,11,0.12860729
cons17+nofund,aggressive,long,mixed,0.0,loss,ledger_h63,1.153949,1.140051,-0.013898,1.675407,1.696978,0.021571,0.688757,0.671813,-0.016944,0.639665,0.631961,-0.007704,2026-09-25,2026-09-25,,220,220,6,11,0.125644
cons17+nofund,aggressive,long,mixed,10.0,legacy,ledger_h63,1.918986,1.895865,-0.023121,1.640327,1.66006,0.019733,1.16988,1.142046,-0.027834,1.063746,1.050929,-0.012817,2026-09-25,2026-09-25,,220,220,6,11,0.12890203
cons17+nofund,aggressive,long,mixed,10.0,zero,ledger_h63,1.953698,1.930282,-0.023416,1.640327,1.66006,0.019733,1.191041,1.162779,-0.028262,1.082987,1.070007,-0.01298,2026-09-25,2026-09-25,,220,220,6,11,0.12861258
cons17+nofund,aggressive,long,mixed,10.0,loss,ledger_h63,1.129867,1.115254,-0.014613,1.640327,1.66006,0.019733,0.688806,0.671816,-0.01699,0.626316,0.618215,-0.008101,2026-09-25,2026-09-25,,220,220,6,11,0.12564146
cons17+nofund,aggressive,long,mixed,0.0,legacy,ledger_weekly,1.518389,1.518389,0.0,1.675251,1.675251,0.0,0.906365,0.906365,0.0,0.841684,0.841684,0.0,2026-09-25,2026-09-25,,0,0,0,0,1.0
cons17+nofund,aggressive,long,mixed,0.0,zero,ledger_weekly,1.513543,1.513543,0.0,1.675251,1.675251,0.0,0.903472,0.903472,0.0,0.838998,0.838998,0.0,2026-09-25,2026-09-25,,0,0,0,0,1.0
cons17+nofund,aggressive,long,mixed,0.0,loss,ledger_weekly,0.825418,0.825418,0.0,1.675251,1.675251,0.0,0.492713,0.492713,0.0,0.457551,0.457551,0.0,2026-09-25,2026-09-25,,0,0,0,0,1.0
cons17+nofund,aggressive,long,mixed,10.0,legacy,ledger_weekly,1.129759,1.129759,0.0,1.245846,1.245846,0.0,0.906821,0.906821,0.0,0.626256,0.626256,0.0,2026-09-25,2026-09-25,,0,0,0,0,1.0
cons17+nofund,aggressive,long,mixed,10.0,zero,ledger_weekly,1.126153,1.126153,0.0,1.245846,1.245846,0.0,0.903926,0.903926,0.0,0.624257,0.624257,0.0,2026-09-25,2026-09-25,,0,0,0,0,1.0
cons17+nofund,aggressive,long,mixed,10.0,loss,ledger_weekly,0.614153,0.614153,0.0,1.245846,1.245846,0.0,0.49296,0.49296,0.0,0.340441,0.340441,0.0,2026-09-25,2026-09-25,,0,0,0,0,1.0
cons17+nofund,aggressive,long,stock,0.0,legacy,ledger_h63,1.987084,1.969179,-0.017905,1.675407,1.696978,0.021571,1.186031,1.160403,-0.025628,1.101494,1.091569,-0.009925,2026-09-25,2026-09-25,,220,220,7,11,0.12788143
cons17+nofund,aggressive,long,stock,0.0,zero,ledger_h63,2.024417,2.006256,-0.018161,1.675407,1.696978,0.021571,1.208314,1.182252,-0.026062,1.122189,1.112122,-0.010067,2026-09-25,2026-09-25,,220,220,7,11,0.12782462
cons17+nofund,aggressive,long,stock,0.0,loss,ledger_h63,1.1476,1.135884,-0.011716,1.675407,1.696978,0.021571,0.684968,0.669357,-0.015611,0.636145,0.629651,-0.006494,2026-09-25,2026-09-25,,220,220,7,11,0.12046883
cons17+nofund,aggressive,long,stock,10.0,legacy,ledger_h63,1.945489,1.92623,-0.019259,1.640327,1.66006,0.019733,1.186037,1.160338,-0.025699,1.078437,1.067761,-0.010676,2026-09-25,2026-09-25,,220,220,7,11,0.12788667
cons17+nofund,aggressive,long,stock,10.0,zero,ledger_h63,1.982042,1.9625,-0.019542,1.640327,1.66006,0.019733,1.208321,1.182186,-0.026135,1.098699,1.087867,-0.010832,2026-09-25,2026-09-25,,220,220,7,11,0.12782976
cons17+nofund,aggressive,long,stock,10.0,loss,ledger_h63,1.123652,1.111175,-0.012477,1.640327,1.66006,0.019733,0.685017,0.669358,-0.015659,0.62287,0.615954,-0.006916,2026-09-25,2026-09-25,,220,220,7,11,0.12046673
cons17+nofund,aggressive,long,stock,0.0,legacy,ledger_weekly,1.543001,1.543001,0.0,1.675251,1.675251,0.0,0.921057,0.921057,0.0,0.855327,0.855327,0.0,2026-09-25,2026-09-25,,0,0,0,0,1.0
cons17+nofund,aggressive,long,stock,0.0,zero,ledger_weekly,1.538489,1.538489,0.0,1.675251,1.675251,0.0,0.918363,0.918363,0.0,0.852826,0.852826,0.0,2026-09-25,2026-09-25,,0,0,0,0,1.0
cons17+nofund,aggressive,long,stock,0.0,loss,ledger_weekly,0.795735,0.795735,0.0,1.675251,1.675251,0.0,0.474995,0.474995,0.0,0.441098,0.441098,0.0,2026-09-25,2026-09-25,,0,0,0,0,1.0
cons17+nofund,aggressive,long,stock,10.0,legacy,ledger_weekly,1.148071,1.148071,0.0,1.245846,1.245846,0.0,0.921519,0.921519,0.0,0.636407,0.636407,0.0,2026-09-25,2026-09-25,,0,0,0,0,1.0
cons17+nofund,aggressive,long,stock,10.0,zero,ledger_weekly,1.144714,1.144714,0.0,1.245846,1.245846,0.0,0.918825,0.918825,0.0,0.634546,0.634546,0.0,2026-09-25,2026-09-25,,0,0,0,0,1.0
cons17+nofund,aggressive,long,stock,10.0,loss,ledger_weekly,0.592068,0.592068,0.0,1.245846,1.245846,0.0,0.475233,0.475233,0.0,0.328199,0.328199,0.0,2026-09-25,2026-09-25,,0,0,0,0,1.0
cons17+nofund,aggressive,mid,mixed,0.0,legacy,ledger_h63,1.925945,1.915217,-0.010728,1.675407,1.696978,0.021571,1.149539,1.128605,-0.020934,1.067603,1.061656,-0.005947,2026-09-25,2026-09-25,,220,220,6,11,0.11988394
cons17+nofund,aggressive,mid,mixed,0.0,zero,ledger_h63,1.963695,1.95279,-0.010905,1.675407,1.696978,0.021571,1.172071,1.150746,-0.021325,1.088529,1.082484,-0.006045,2026-09-25,2026-09-25,,220,220,6,11,0.11995639
cons17+nofund,aggressive,mid,mixed,0.0,loss,ledger_h63,1.139792,1.133283,-0.006509,1.675407,1.696978,0.021571,0.680308,0.667824,-0.012484,0.631817,0.628209,-0.003608,2026-09-25,2026-09-25,,220,220,6,11,0.11719053
cons17+nofund,aggressive,mid,mixed,10.0,legacy,ledger_h63,1.885596,1.873385,-0.012211,1.640327,1.66006,0.019733,1.149524,1.128504,-0.02102,1.045236,1.038467,-0.006769,2026-09-25,2026-09-25,,220,220,6,11,0.11989273
cons17+nofund,aggressive,mid,mixed,10.0,zero,ledger_h63,1.922556,1.910139,-0.012417,1.640327,1.66006,0.019733,1.172056,1.150644,-0.021412,1.065725,1.058841,-0.006884,2026-09-25,2026-09-25,,220,220,6,11,0.11996506
cons17+nofund,aggressive,mid,mixed,10.0,loss,ledger_h63,1.115967,1.108579,-0.007388,1.640327,1.66006,0.019733,0.680332,0.667794,-0.012538,0.61861,0.614515,-0.004095,2026-09-25,2026-09-25,,220,220,6,11,0.11719394
cons17+nofund,aggressive,mid,mixed,0.0,legacy,ledger_weekly,1.669825,1.669825,0.0,1.675251,1.675251,0.0,0.996761,0.996761,0.0,0.925629,0.925629,0.0,2026-09-25,2026-09-25,,0,0,0,0,1.0
cons17+nofund,aggressive,mid,mixed,0.0,zero,ledger_weekly,1.666706,1.666706,0.0,1.675251,1.675251,0.0,0.994899,0.994899,0.0,0.9239,0.9239,0.0,2026-09-25,2026-09-25,,0,0,0,0,1.0
cons17+nofund,aggressive,mid,mixed,0.0,loss,ledger_weekly,0.857192,0.857192,0.0,1.675251,1.675251,0.0,0.51168,0.51168,0.0,0.475165,0.475165,0.0,2026-09-25,2026-09-25,,0,0,0,0,1.0
cons17+nofund,aggressive,mid,mixed,10.0,legacy,ledger_weekly,1.242435,1.242435,0.0,1.245846,1.245846,0.0,0.997262,0.997262,0.0,0.688715,0.688715,0.0,2026-09-25,2026-09-25,,0,0,0,0,1.0
cons17+nofund,aggressive,mid,mixed,10.0,zero,ledger_weekly,1.240114,1.240114,0.0,1.245846,1.245846,0.0,0.995399,0.995399,0.0,0.687429,0.687429,0.0,2026-09-25,2026-09-25,,0,0,0,0,1.0
cons17+nofund,aggressive,mid,mixed,10.0,loss,ledger_weekly,0.637795,0.637795,0.0,1.245846,1.245846,0.0,0.511937,0.511937,0.0,0.353547,0.353547,0.0,2026-09-25,2026-09-25,,0,0,0,0,1.0
cons17+nofund,aggressive,mid,stock,0.0,legacy,ledger_h63,1.942138,1.928003,-0.014135,1.675407,1.696978,0.021571,1.159204,1.136139,-0.023065,1.076579,1.068744,-0.007835,2026-09-25,2026-09-25,,220,220,6,11,0.12300491
cons17+nofund,aggressive,mid,stock,0.0,zero,ledger_h63,1.982019,1.967558,-0.014461,1.675407,1.696978,0.021571,1.183008,1.159448,-0.02356,1.098687,1.09067,-0.008017,2026-09-25,2026-09-25,,220,220,6,11,0.1234088
cons17+nofund,aggressive,mid,stock,0.0,loss,ledger_h63,1.135703,1.127919,-0.007784,1.675407,1.696978,0.021571,0.677867,0.664663,-0.013204,0.629551,0.625236,-0.004315,2026-09-25,2026-09-25,,220,220,6,11,0.11476199
cons17+nofund,aggressive,mid,stock,10.0,legacy,ledger_h63,1.901435,1.885887,-0.015548,1.640327,1.66006,0.019733,1.15918,1.136036,-0.023144,1.054017,1.045398,-0.008619,2026-09-25,2026-09-25,,220,220,6,11,0.12301419
cons17+nofund,aggressive,mid,stock,10.0,zero,ledger_h63,1.940483,1.924581,-0.015902,1.640327,1.66006,0.019733,1.182985,1.159344,-0.023641,1.075662,1.066847,-0.008815,2026-09-25,2026-09-25,,220,220,6,11,0.12341793
cons17+nofund,aggressive,mid,stock,10.0,loss,ledger_h63,1.111955,1.103323,-0.008632,1.640327,1.66006,0.019733,0.677886,0.664628,-0.013258,0.616387,0.611601,-0.004786,2026-09-25,2026-09-25,,220,220,6,11,0.11476624
cons17+nofund,aggressive,mid,stock,0.0,legacy,ledger_weekly,1.660157,1.660157,0.0,1.675251,1.675251,0.0,0.99099,0.99099,0.0,0.92027,0.92027,0.0,2026-09-25,2026-09-25,,0,0,0,0,1.0
cons17+nofund,aggressive,mid,stock,0.0,zero,ledger_weekly,1.657071,1.657071,0.0,1.675251,1.675251,0.0,0.989148,0.989148,0.0,0.918559,0.918559,0.0,2026-09-25,2026-09-25,,0,0,0,0,1.0
cons17+nofund,aggressive,mid,stock,0.0,loss,ledger_weekly,0.852552,0.852552,0.0,1.675251,1.675251,0.0,0.50891,0.50891,0.0,0.472592,0.472592,0.0,2026-09-25,2026-09-25,,0,0,0,0,1.0
cons17+nofund,aggressive,mid,stock,10.0,legacy,ledger_weekly,1.235242,1.235242,0.0,1.245846,1.245846,0.0,0.991489,0.991489,0.0,0.684728,0.684728,0.0,2026-09-25,2026-09-25,,0,0,0,0,1.0
cons17+nofund,aggressive,mid,stock,10.0,zero,ledger_weekly,1.232946,1.232946,0.0,1.245846,1.245846,0.0,0.989646,0.989646,0.0,0.683455,0.683455,0.0,2026-09-25,2026-09-25,,0,0,0,0,1.0
cons17+nofund,aggressive,mid,stock,10.0,loss,ledger_weekly,0.634342,0.634342,0.0,1.245846,1.245846,0.0,0.509166,0.509166,0.0,0.351633,0.351633,0.0,2026-09-25,2026-09-25,,0,0,0,0,1.0
cons17+nofund,aggressive,short,mixed,0.0,legacy,ledger_h63,1.669463,1.665859,-0.003604,1.675407,1.696978,0.021571,0.996453,0.981662,-0.014791,0.925428,0.92343,-0.001998,2026-09-25,2026-09-25,,220,220,4,11,0.12612797
cons17+nofund,aggressive,short,mixed,0.0,zero,ledger_h63,1.702989,1.699252,-0.003737,1.675407,1.696978,0.021571,1.016463,1.00134,-0.015123,0.944013,0.941941,-0.002072,2026-09-25,2026-09-25,,220,220,4,11,0.12613562
cons17+nofund,aggressive,short,mixed,0.0,loss,ledger_h63,0.999991,0.997736,-0.002255,1.675407,1.696978,0.021571,0.596865,0.587949,-0.008916,0.554322,0.553072,-0.00125,2026-09-25,2026-09-25,,220,220,4,11,0.12502428
cons17+nofund,aggressive,short,mixed,10.0,legacy,ledger_h63,1.63437,1.629388,-0.004982,1.640327,1.66006,0.019733,0.996368,0.981524,-0.014844,0.905975,0.903213,-0.002762,2026-09-25,2026-09-25,,220,220,4,11,0.12614377
cons17+nofund,aggressive,short,mixed,10.0,zero,ledger_h63,1.667197,1.662056,-0.005141,1.640327,1.66006,0.019733,1.01638,1.001202,-0.015178,0.924172,0.921322,-0.00285,2026-09-25,2026-09-25,,220,220,4,11,0.12615102
cons17+nofund,aggressive,short,mixed,10.0,loss,ledger_h63,0.97898,0.9759,-0.00308,1.640327,1.66006,0.019733,0.59682,0.587871,-0.008949,0.542675,0.540968,-0.001707,2026-09-25,2026-09-25,,220,220,4,11,0.1250389
cons17+nofund,aggressive,short,mixed,0.0,legacy,ledger_weekly,1.435244,1.435244,0.0,1.675251,1.675251,0.0,0.856733,0.856733,0.0,0.795594,0.795594,0.0,2026-09-25,2026-09-25,,0,0,0,0,1.0
cons17+nofund,aggressive,short,mixed,0.0,zero,ledger_weekly,1.431785,1.431785,0.0,1.675251,1.675251,0.0,0.854669,0.854669,0.0,0.793677,0.793677,0.0,2026-09-25,2026-09-25,,0,0,0,0,1.0
cons17+nofund,aggressive,short,mixed,0.0,loss,ledger_weekly,0.812191,0.812191,0.0,1.675251,1.675251,0.0,0.484817,0.484817,0.0,0.450219,0.450219,0.0,2026-09-25,2026-09-25,,0,0,0,0,1.0
cons17+nofund,aggressive,short,mixed,10.0,legacy,ledger_weekly,1.067789,1.067789,0.0,1.245846,1.245846,0.0,0.857079,0.857079,0.0,0.591904,0.591904,0.0,2026-09-25,2026-09-25,,0,0,0,0,1.0
cons17+nofund,aggressive,short,mixed,10.0,zero,ledger_weekly,1.065216,1.065216,0.0,1.245846,1.245846,0.0,0.855014,0.855014,0.0,0.590478,0.590478,0.0,2026-09-25,2026-09-25,,0,0,0,0,1.0
cons17+nofund,aggressive,short,mixed,10.0,loss,ledger_weekly,0.604252,0.604252,0.0,1.245846,1.245846,0.0,0.485013,0.485013,0.0,0.334953,0.334953,0.0,2026-09-25,2026-09-25,,0,0,0,0,1.0
cons17+nofund,aggressive,short,stock,0.0,legacy,ledger_h63,1.675697,1.675279,-0.000418,1.675407,1.696978,0.021571,1.000173,0.987213,-0.01296,0.928884,0.928652,-0.000232,2026-09-25,2026-09-25,,220,220,5,11,0.13095665
cons17+nofund,aggressive,short,stock,0.0,zero,ledger_h63,1.710205,1.70963,-0.000575,1.675407,1.696978,0.021571,1.02077,1.007456,-0.013314,0.948013,0.947694,-0.000319,2026-09-25,2026-09-25,,220,220,5,11,0.13094851
cons17+nofund,aggressive,short,stock,0.0,loss,ledger_h63,0.998634,0.99898,0.000346,1.675407,1.696978,0.021571,0.596054,0.588682,-0.007372,0.553569,0.553761,0.000192,2026-09-25,2026-09-25,,220,220,5,11,0.12892854
cons17+nofund,aggressive,short,stock,10.0,legacy,ledger_h63,1.640468,1.638599,-0.001869,1.640327,1.66006,0.019733,1.000086,0.987072,-0.013014,0.909355,0.908319,-0.001036,2026-09-25,2026-09-25,,220,220,5,11,0.1309733
cons17+nofund,aggressive,short,stock,10.0,zero,ledger_h63,1.674257,1.672204,-0.002053,1.640327,1.66006,0.019733,1.020685,1.007315,-0.01337,0.928085,0.926947,-0.001138,2026-09-25,2026-09-25,,220,220,5,11,0.1309647
cons17+nofund,aggressive,short,stock,10.0,loss,ledger_h63,0.977645,0.977111,-0.000534,1.640327,1.66006,0.019733,0.596006,0.5886,-0.007406,0.541935,0.541639,-0.000296,2026-09-25,2026-09-25,,220,220,5,11,0.12894442
cons17+nofund,aggressive,short,stock,0.0,legacy,ledger_weekly,1.429007,1.429007,0.0,1.675251,1.675251,0.0,0.853011,0.853011,0.0,0.792137,0.792137,0.0,2026-09-25,2026-09-25,,0,0,0,0,1.0
cons17+nofund,aggressive,short,stock,0.0,zero,ledger_weekly,1.425548,1.425548,0.0,1.675251,1.675251,0.0,0.850946,0.850946,0.0,0.79022,0.79022,0.0,2026-09-25,2026-09-25,,0,0,0,0,1.0
cons17+nofund,aggressive,short,stock,0.0,loss,ledger_weekly,0.808766,0.808766,0.0,1.675251,1.675251,0.0,0.482773,0.482773,0.0,0.448321,0.448321,0.0,2026-09-25,2026-09-25,,0,0,0,0,1.0
cons17+nofund,aggressive,short,stock,10.0,legacy,ledger_weekly,1.063149,1.063149,0.0,1.245846,1.245846,0.0,0.853355,0.853355,0.0,0.589332,0.589332,0.0,2026-09-25,2026-09-25,,0,0,0,0,1.0
cons17+nofund,aggressive,short,stock,10.0,zero,ledger_weekly,1.060576,1.060576,0.0,1.245846,1.245846,0.0,0.85129,0.85129,0.0,0.587906,0.587906,0.0,2026-09-25,2026-09-25,,0,0,0,0,1.0
cons17+nofund,aggressive,short,stock,10.0,loss,ledger_weekly,0.601703,0.601703,0.0,1.245846,1.245846,0.0,0.482968,0.482968,0.0,0.33354,0.33354,0.0,2026-09-25,2026-09-25,,0,0,0,0,1.0
cons17+nofund,balanced,long,mixed,0.0,legacy,ledger_h63,2.012001,1.995016,-0.016985,1.675407,1.696978,0.021571,1.200903,1.175629,-0.025274,1.115306,1.105891,-0.009415,2026-09-25,2026-09-25,,220,220,7,11,0.14537855
cons17+nofund,balanced,long,mixed,0.0,zero,ledger_h63,2.050455,2.033208,-0.017247,1.675407,1.696978,0.021571,1.223855,1.198135,-0.02572,1.136622,1.127062,-0.00956,2026-09-25,2026-09-25,,220,220,7,11,0.14545326
cons17+nofund,balanced,long,mixed,0.0,loss,ledger_h63,1.149416,1.139685,-0.009731,1.675407,1.696978,0.021571,0.686052,0.671597,-0.014455,0.637152,0.631758,-0.005394,2026-09-25,2026-09-25,,220,220,7,11,0.13221694
cons17+nofund,balanced,long,mixed,10.0,legacy,ledger_h63,1.969874,1.951532,-0.018342,1.640327,1.66006,0.019733,1.200903,1.17558,-0.025323,1.091954,1.081787,-0.010167,2026-09-25,2026-09-25,,220,220,7,11,0.14538238
cons17+nofund,balanced,long,mixed,10.0,zero,ledger_h63,2.007522,1.988891,-0.018631,1.640327,1.66006,0.019733,1.223854,1.198084,-0.02577,1.112823,1.102496,-0.010327,2026-09-25,2026-09-25,,220,220,7,11,0.14545713
cons17+nofund,balanced,long,mixed,10.0,loss,ledger_h63,1.125448,1.114927,-0.010521,1.640327,1.66006,0.019733,0.686112,0.671618,-0.014494,0.623866,0.618034,-0.005832,2026-09-25,2026-09-25,,220,220,7,11,0.13221061
cons17+nofund,balanced,long,mixed,0.0,legacy,ledger_weekly,1.708829,1.708829,0.0,1.675251,1.675251,0.0,1.020044,1.020044,0.0,0.94725,0.94725,0.0,2026-09-25,2026-09-25,,0,0,0,0,1.0
cons17+nofund,balanced,long,mixed,0.0,zero,ledger_weekly,1.706306,1.706306,0.0,1.675251,1.675251,0.0,1.018537,1.018537,0.0,0.945851,0.945851,0.0,2026-09-25,2026-09-25,,0,0,0,0,1.0
cons17+nofund,balanced,long,mixed,0.0,loss,ledger_weekly,0.879742,0.879742,0.0,1.675251,1.675251,0.0,0.52514,0.52514,0.0,0.487665,0.487665,0.0,2026-09-25,2026-09-25,,0,0,0,0,1.0
cons17+nofund,balanced,long,mixed,10.0,legacy,ledger_weekly,1.271462,1.271462,0.0,1.245846,1.245846,0.0,1.020561,1.020561,0.0,0.704805,0.704805,0.0,2026-09-25,2026-09-25,,0,0,0,0,1.0
cons17+nofund,balanced,long,mixed,10.0,zero,ledger_weekly,1.269584,1.269584,0.0,1.245846,1.245846,0.0,1.019054,1.019054,0.0,0.703765,0.703765,0.0,2026-09-25,2026-09-25,,0,0,0,0,1.0
cons17+nofund,balanced,long,mixed,10.0,loss,ledger_weekly,0.654576,0.654576,0.0,1.245846,1.245846,0.0,0.525407,0.525407,0.0,0.362849,0.362849,0.0,2026-09-25,2026-09-25,,0,0,0,0,1.0
cons17+nofund,balanced,long,stock,0.0,legacy,ledger_h63,2.028072,2.010871,-0.017201,1.675407,1.696978,0.021571,1.210495,1.184972,-0.025523,1.124215,1.11468,-0.009535,2026-09-25,2026-09-25,,220,220,7,11,0.14393922
cons17+nofund,balanced,long,stock,0.0,zero,ledger_h63,2.067686,2.050195,-0.017491,1.675407,1.696978,0.021571,1.23414,1.208145,-0.025995,1.146174,1.136478,-0.009696,2026-09-25,2026-09-25,,220,220,7,11,0.14398117
cons17+nofund,balanced,long,stock,0.0,loss,ledger_h63,1.149144,1.139819,-0.009325,1.675407,1.696978,0.021571,0.685889,0.671676,-0.014213,0.637001,0.631832,-0.005169,2026-09-25,2026-09-25,,220,220,7,11,0.13183648
cons17+nofund,balanced,long,stock,10.0,legacy,ledger_h63,1.985583,1.967019,-0.018564,1.640327,1.66006,0.019733,1.21048,1.184909,-0.025571,1.100662,1.090372,-0.01029,2026-09-25,2026-09-25,,220,220,7,11,0.14394464
cons17+nofund,balanced,long,stock,10.0,zero,ledger_h63,2.024366,2.005484,-0.018882,1.640327,1.66006,0.019733,1.234123,1.208079,-0.026044,1.12216,1.111694,-0.010466,2026-09-25,2026-09-25,,220,220,7,11,0.14398666
cons17+nofund,balanced,long,stock,10.0,loss,ledger_h63,1.125167,1.115046,-0.010121,1.640327,1.66006,0.019733,0.68594,0.67169,-0.01425,0.62371,0.6181,-0.00561,2026-09-25,2026-09-25,,220,220,7,11,0.13183157
cons17+nofund,balanced,long,stock,0.0,legacy,ledger_weekly,1.742567,1.742567,0.0,1.675251,1.675251,0.0,1.040182,1.040182,0.0,0.965952,0.965952,0.0,2026-09-25,2026-09-25,,0,0,0,0,1.0
cons17+nofund,balanced,long,stock,0.0,zero,ledger_weekly,1.739557,1.739557,0.0,1.675251,1.675251,0.0,1.038386,1.038386,0.0,0.964283,0.964283,0.0,2026-09-25,2026-09-25,,0,0,0,0,1.0
cons17+nofund,balanced,long,stock,0.0,loss,ledger_weekly,0.852308,0.852308,0.0,1.675251,1.675251,0.0,0.508765,0.508765,0.0,0.472457,0.472457,0.0,2026-09-25,2026-09-25,,0,0,0,0,1.0
cons17+nofund,balanced,long,stock,10.0,legacy,ledger_weekly,1.296565,1.296565,0.0,1.245846,1.245846,0.0,1.04071,1.04071,0.0,0.718721,0.718721,0.0,2026-09-25,2026-09-25,,0,0,0,0,1.0
cons17+nofund,balanced,long,stock,10.0,zero,ledger_weekly,1.294326,1.294326,0.0,1.245846,1.245846,0.0,1.038913,1.038913,0.0,0.717479,0.717479,0.0,2026-09-25,2026-09-25,,0,0,0,0,1.0
cons17+nofund,balanced,long,stock,10.0,loss,ledger_weekly,0.634164,0.634164,0.0,1.245846,1.245846,0.0,0.509023,0.509023,0.0,0.351534,0.351534,0.0,2026-09-25,2026-09-25,,0,0,0,0,1.0
cons17+nofund,balanced,mid,mixed,0.0,legacy,ledger_h63,1.928878,1.913639,-0.015239,1.675407,1.696978,0.021571,1.151289,1.127675,-0.023614,1.069229,1.060781,-0.008448,2026-09-25,2026-09-25,,220,220,7,11,0.13570936
cons17+nofund,balanced,mid,mixed,0.0,zero,ledger_h63,1.968033,1.952554,-0.015479,1.675407,1.696978,0.021571,1.17466,1.150607,-0.024053,1.090934,1.082353,-0.008581,2026-09-25,2026-09-25,,220,220,7,11,0.13550967
cons17+nofund,balanced,mid,mixed,0.0,loss,ledger_h63,1.089495,1.081926,-0.007569,1.675407,1.696978,0.021571,0.650287,0.63756,-0.012727,0.603936,0.59974,-0.004196,2026-09-25,2026-09-25,,220,220,7,11,0.13126302
cons17+nofund,balanced,mid,mixed,10.0,legacy,ledger_h63,1.888494,1.871924,-0.01657,1.640327,1.66006,0.019733,1.151291,1.127625,-0.023666,1.046843,1.037658,-0.009185,2026-09-25,2026-09-25,,220,220,7,11,0.13571325
cons17+nofund,balanced,mid,mixed,10.0,zero,ledger_h63,1.926834,1.909995,-0.016839,1.640327,1.66006,0.019733,1.174664,1.150558,-0.024106,1.068096,1.058762,-0.009334,2026-09-25,2026-09-25,,220,220,7,11,0.13551327
cons17+nofund,balanced,mid,mixed,10.0,loss,ledger_h63,1.066734,1.058385,-0.008349,1.640327,1.66006,0.019733,0.650318,0.637558,-0.01276,0.591319,0.586691,-0.004628,2026-09-25,2026-09-25,,220,220,7,11,0.13126136
cons17+nofund,balanced,mid,mixed,0.0,legacy,ledger_weekly,1.753947,1.753947,0.0,1.675251,1.675251,0.0,1.046976,1.046976,0.0,0.97226,0.97226,0.0,2026-09-25,2026-09-25,,0,0,0,0,1.0
cons17+nofund,balanced,mid,mixed,0.0,zero,ledger_weekly,1.751651,1.751651,0.0,1.675251,1.675251,0.0,1.045605,1.045605,0.0,0.970987,0.970987,0.0,2026-09-25,2026-09-25,,0,0,0,0,1.0
cons17+nofund,balanced,mid,mixed,0.0,loss,ledger_weekly,0.858136,0.858136,0.0,1.675251,1.675251,0.0,0.512243,0.512243,0.0,0.475688,0.475688,0.0,2026-09-25,2026-09-25,,0,0,0,0,1.0
cons17+nofund,balanced,mid,mixed,10.0,legacy,ledger_weekly,1.305162,1.305162,0.0,1.245846,1.245846,0.0,1.047611,1.047611,0.0,0.723486,0.723486,0.0,2026-09-25,2026-09-25,,0,0,0,0,1.0
cons17+nofund,balanced,mid,mixed,10.0,zero,ledger_weekly,1.303453,1.303453,0.0,1.245846,1.245846,0.0,1.046239,1.046239,0.0,0.722539,0.722539,0.0,2026-09-25,2026-09-25,,0,0,0,0,1.0
cons17+nofund,balanced,mid,mixed,10.0,loss,ledger_weekly,0.638563,0.638563,0.0,1.245846,1.245846,0.0,0.512554,0.512554,0.0,0.353973,0.353973,0.0,2026-09-25,2026-09-25,,0,0,0,0,1.0
cons17+nofund,balanced,mid,stock,0.0,legacy,ledger_h63,1.938944,1.92649,-0.012454,1.675407,1.696978,0.021571,1.157298,1.135247,-0.022051,1.074809,1.067905,-0.006904,2026-09-25,2026-09-25,,220,220,7,11,0.13434806
cons17+nofund,balanced,mid,stock,0.0,zero,ledger_h63,1.979569,1.966901,-0.012668,1.675407,1.696978,0.021571,1.181545,1.159061,-0.022484,1.097328,1.090306,-0.007022,2026-09-25,2026-09-25,,220,220,7,11,0.13440698
cons17+nofund,balanced,mid,stock,0.0,loss,ledger_h63,1.080734,1.075587,-0.005147,1.675407,1.696978,0.021571,0.645058,0.633825,-0.011233,0.59908,0.596227,-0.002853,2026-09-25,2026-09-25,,220,220,7,11,0.12690044
cons17+nofund,balanced,mid,stock,10.0,legacy,ledger_h63,1.898346,1.884494,-0.013852,1.640327,1.66006,0.019733,1.157297,1.135197,-0.0221,1.052304,1.044626,-0.007678,2026-09-25,2026-09-25,,220,220,7,11,0.13435197
cons17+nofund,balanced,mid,stock,10.0,zero,ledger_h63,1.938123,1.924029,-0.014094,1.640327,1.66006,0.019733,1.181547,1.159012,-0.022535,1.074354,1.066541,-0.007813,2026-09-25,2026-09-25,,220,220,7,11,0.13441058
cons17+nofund,balanced,mid,stock,10.0,loss,ledger_h63,1.05816,1.052186,-0.005974,1.640327,1.66006,0.019733,0.645091,0.633824,-0.011267,0.586566,0.583255,-0.003311,2026-09-25,2026-09-25,,220,220,7,11,0.12689862
cons17+nofund,balanced,mid,stock,0.0,legacy,ledger_weekly,1.73261,1.73261,0.0,1.675251,1.675251,0.0,1.034239,1.034239,0.0,0.960432,0.960432,0.0,2026-09-25,2026-09-25,,0,0,0,0,1.0
cons17+nofund,balanced,mid,stock,0.0,zero,ledger_weekly,1.730348,1.730348,0.0,1.675251,1.675251,0.0,1.032889,1.032889,0.0,0.959178,0.959178,0.0,2026-09-25,2026-09-25,,0,0,0,0,1.0
cons17+nofund,balanced,mid,stock,0.0,loss,ledger_weekly,0.848599,0.848599,0.0,1.675251,1.675251,0.0,0.50655,0.50655,0.0,0.470401,0.470401,0.0,2026-09-25,2026-09-25,,0,0,0,0,1.0
cons17+nofund,balanced,mid,stock,10.0,legacy,ledger_weekly,1.289284,1.289284,0.0,1.245846,1.245846,0.0,1.034866,1.034866,0.0,0.714685,0.714685,0.0,2026-09-25,2026-09-25,,0,0,0,0,1.0
cons17+nofund,balanced,mid,stock,10.0,zero,ledger_weekly,1.287601,1.287601,0.0,1.245846,1.245846,0.0,1.033515,1.033515,0.0,0.713752,0.713752,0.0,2026-09-25,2026-09-25,,0,0,0,0,1.0
cons17+nofund,balanced,mid,stock,10.0,loss,ledger_weekly,0.631467,0.631467,0.0,1.245846,1.245846,0.0,0.506858,0.506858,0.0,0.350039,0.350039,0.0,2026-09-25,2026-09-25,,0,0,0,0,1.0
cons17+nofund,balanced,short,mixed,0.0,legacy,ledger_h63,1.636891,1.628974,-0.007917,1.675407,1.696978,0.021571,0.977011,0.959927,-0.017084,0.907373,0.902984,-0.004389,2026-09-25,2026-09-25,,220,220,5,11,0.13177598
cons17+nofund,balanced,short,mixed,0.0,zero,ledger_h63,1.669769,1.661565,-0.008204,1.675407,1.696978,0.021571,0.996635,0.979132,-0.017503,0.925598,0.92105,-0.004548,2026-09-25,2026-09-25,,220,220,5,11,0.13123741
cons17+nofund,balanced,short,mixed,0.0,loss,ledger_h63,0.974694,0.972315,-0.002379,1.675407,1.696978,0.021571,0.581765,0.572969,-0.008796,0.540299,0.53898,-0.001319,2026-09-25,2026-09-25,,220,220,5,11,0.1406041
cons17+nofund,balanced,short,mixed,10.0,legacy,ledger_h63,1.60257,1.593422,-0.009148,1.640327,1.66006,0.019733,0.976982,0.959858,-0.017124,0.888347,0.883277,-0.00507,2026-09-25,2026-09-25,,220,220,5,11,0.13178328
cons17+nofund,balanced,short,mixed,10.0,zero,ledger_h63,1.634762,1.625305,-0.009457,1.640327,1.66006,0.019733,0.996607,0.979064,-0.017543,0.906193,0.90095,-0.005243,2026-09-25,2026-09-25,,220,220,5,11,0.13124445
cons17+nofund,balanced,short,mixed,10.0,loss,ledger_h63,0.954277,0.951123,-0.003154,1.640327,1.66006,0.019733,0.58176,0.572945,-0.008815,0.528981,0.527233,-0.001748,2026-09-25,2026-09-25,,220,220,5,11,0.14060763
cons17+nofund,balanced,short,mixed,0.0,legacy,ledger_weekly,1.492812,1.492812,0.0,1.675251,1.675251,0.0,0.891098,0.891098,0.0,0.827506,0.827506,0.0,2026-09-25,2026-09-25,,0,0,0,0,1.0
cons17+nofund,balanced,short,mixed,0.0,zero,ledger_weekly,1.491478,1.491478,0.0,1.675251,1.675251,0.0,0.890301,0.890301,0.0,0.826766,0.826766,0.0,2026-09-25,2026-09-25,,0,0,0,0,1.0
cons17+nofund,balanced,short,mixed,0.0,loss,ledger_weekly,0.848732,0.848732,0.0,1.675251,1.675251,0.0,0.50663,0.50663,0.0,0.470475,0.470475,0.0,2026-09-25,2026-09-25,,0,0,0,0,1.0
cons17+nofund,balanced,short,mixed,10.0,legacy,ledger_weekly,1.11073,1.11073,0.0,1.245846,1.245846,0.0,0.891547,0.891547,0.0,0.615707,0.615707,0.0,2026-09-25,2026-09-25,,0,0,0,0,1.0
cons17+nofund,balanced,short,mixed,10.0,zero,ledger_weekly,1.109737,1.109737,0.0,1.245846,1.245846,0.0,0.89075,0.89075,0.0,0.615157,0.615157,0.0,2026-09-25,2026-09-25,,0,0,0,0,1.0
cons17+nofund,balanced,short,mixed,10.0,loss,ledger_weekly,0.631501,0.631501,0.0,1.245846,1.245846,0.0,0.506885,0.506885,0.0,0.350058,0.350058,0.0,2026-09-25,2026-09-25,,0,0,0,0,1.0
cons17+nofund,balanced,short,stock,0.0,legacy,ledger_h63,1.648014,1.645122,-0.002892,1.675407,1.696978,0.021571,0.98365,0.969442,-0.014208,0.913538,0.911935,-0.001603,2026-09-25,2026-09-25,,220,220,5,11,0.1295728
cons17+nofund,balanced,short,stock,0.0,zero,ledger_h63,1.682086,1.679058,-0.003028,1.675407,1.696978,0.021571,1.003986,0.98944,-0.014546,0.932425,0.930747,-0.001678,2026-09-25,2026-09-25,,220,220,5,11,0.12907593
cons17+nofund,balanced,short,stock,0.0,loss,ledger_h63,0.972096,0.972023,-7.3e-05,1.675407,1.696978,0.021571,0.580215,0.572796,-0.007419,0.538859,0.538818,-4.1e-05,2026-09-25,2026-09-25,,220,220,5,11,0.13673922
cons17+nofund,balanced,short,stock,10.0,legacy,ledger_h63,1.613465,1.609216,-0.004249,1.640327,1.66006,0.019733,0.983624,0.969372,-0.014252,0.894387,0.892032,-0.002355,2026-09-25,2026-09-25,,220,220,5,11,0.1295801
cons17+nofund,balanced,short,stock,10.0,zero,ledger_h63,1.646828,1.642416,-0.004412,1.640327,1.66006,0.019733,1.003963,0.989371,-0.014592,0.912881,0.910435,-0.002446,2026-09-25,2026-09-25,,220,220,5,11,0.1290829
cons17+nofund,balanced,short,stock,10.0,loss,ledger_h63,0.951731,0.950829,-0.000902,1.640327,1.66006,0.019733,0.580208,0.572768,-0.00744,0.52757,0.52707,-0.0005,2026-09-25,2026-09-25,,220,220,5,11,0.13674386
cons17+nofund,balanced,short,stock,0.0,legacy,ledger_weekly,1.541341,1.541341,0.0,1.675251,1.675251,0.0,0.920066,0.920066,0.0,0.854407,0.854407,0.0,2026-09-25,2026-09-25,,0,0,0,0,1.0
cons17+nofund,balanced,short,stock,0.0,zero,ledger_weekly,1.540034,1.540034,0.0,1.675251,1.675251,0.0,0.919285,0.919285,0.0,0.853682,0.853682,0.0,2026-09-25,2026-09-25,,0,0,0,0,1.0
cons17+nofund,balanced,short,stock,0.0,loss,ledger_weekly,0.876828,0.876828,0.0,1.675251,1.675251,0.0,0.523401,0.523401,0.0,0.486049,0.486049,0.0,2026-09-25,2026-09-25,,0,0,0,0,1.0
cons17+nofund,balanced,short,stock,10.0,legacy,ledger_weekly,1.146838,1.146838,0.0,1.245846,1.245846,0.0,0.920529,0.920529,0.0,0.635723,0.635723,0.0,2026-09-25,2026-09-25,,0,0,0,0,1.0
cons17+nofund,balanced,short,stock,10.0,zero,ledger_weekly,1.145865,1.145865,0.0,1.245846,1.245846,0.0,0.919748,0.919748,0.0,0.635184,0.635184,0.0,2026-09-25,2026-09-25,,0,0,0,0,1.0
cons17+nofund,balanced,short,stock,10.0,loss,ledger_weekly,0.652405,0.652405,0.0,1.245846,1.245846,0.0,0.523664,0.523664,0.0,0.361646,0.361646,0.0,2026-09-25,2026-09-25,,0,0,0,0,1.0
cons17+nofund,conservative,long,mixed,0.0,legacy,ledger_h63,1.824992,1.78949,-0.035502,1.675407,1.696978,0.021571,1.089283,1.054516,-0.034767,1.011642,0.991963,-0.019679,2026-09-25,2026-09-25,,220,220,9,11,0.15702216
cons17+nofund,conservative,long,mixed,0.0,zero,ledger_h63,1.845478,1.809434,-0.036044,1.675407,1.696978,0.021571,1.101511,1.066269,-0.035242,1.022998,1.003018,-0.01998,2026-09-25,2026-09-25,,220,220,9,11,0.15637325
cons17+nofund,conservative,long,mixed,0.0,loss,ledger_h63,1.268948,1.244496,-0.024452,1.675407,1.696978,0.021571,0.757397,0.73336,-0.024037,0.703412,0.689858,-0.013554,2026-09-25,2026-09-25,,220,220,9,11,0.14531659
cons17+nofund,conservative,long,mixed,10.0,legacy,ledger_h63,1.786782,1.750528,-0.036254,1.640327,1.66006,0.019733,1.089283,1.054497,-0.034786,0.990461,0.970364,-0.020097,2026-09-25,2026-09-25,,220,220,9,11,0.15702257
cons17+nofund,conservative,long,mixed,10.0,zero,ledger_h63,1.806839,1.770036,-0.036803,1.640327,1.66006,0.019733,1.101511,1.066248,-0.035263,1.001579,0.981178,-0.020401,2026-09-25,2026-09-25,,220,220,9,11,0.15637378
cons17+nofund,conservative,long,mixed,10.0,loss,ledger_h63,1.242479,1.217484,-0.024995,1.640327,1.66006,0.019733,0.757458,0.733398,-0.02406,0.68874,0.674884,-0.013856,2026-09-25,2026-09-25,,220,220,9,11,0.14530696
cons17+nofund,conservative,long,mixed,0.0,legacy,ledger_weekly,1.930047,1.930047,0.0,1.675251,1.675251,0.0,1.152094,1.152094,0.0,1.069877,1.069877,0.0,2026-09-25,2026-09-25,,0,0,0,0,1.0
cons17+nofund,conservative,long,mixed,0.0,zero,ledger_weekly,1.92168,1.92168,0.0,1.675251,1.675251,0.0,1.1471,1.1471,0.0,1.065239,1.065239,0.0,2026-09-25,2026-09-25,,0,0,0,0,1.0
cons17+nofund,conservative,long,mixed,0.0,loss,ledger_weekly,1.153832,1.153832,0.0,1.675251,1.675251,0.0,0.688752,0.688752,0.0,0.6396,0.6396,0.0,2026-09-25,2026-09-25,,0,0,0,0,1.0
cons17+nofund,conservative,long,mixed,10.0,legacy,ledger_weekly,1.435623,1.435623,0.0,1.245846,1.245846,0.0,1.152328,1.152328,0.0,0.795805,0.795805,0.0,2026-09-25,2026-09-25,,0,0,0,0,1.0
cons17+nofund,conservative,long,mixed,10.0,zero,ledger_weekly,1.4294,1.4294,0.0,1.245846,1.245846,0.0,1.147332,1.147332,0.0,0.792355,0.792355,0.0,2026-09-25,2026-09-25,,0,0,0,0,1.0
cons17+nofund,conservative,long,mixed,10.0,loss,ledger_weekly,0.858253,0.858253,0.0,1.245846,1.245846,0.0,0.688891,0.688891,0.0,0.475752,0.475752,0.0,2026-09-25,2026-09-25,,0,0,0,0,1.0
cons17+nofund,conservative,long,stock,0.0,legacy,ledger_h63,1.846932,1.815558,-0.031374,1.675407,1.696978,0.021571,1.102378,1.069877,-0.032501,1.023804,1.006412,-0.017392,2026-09-25,2026-09-25,,220,220,9,11,0.15369671
cons17+nofund,conservative,long,stock,0.0,zero,ledger_h63,1.867733,1.835899,-0.031834,1.675407,1.696978,0.021571,1.114794,1.081864,-0.03293,1.035335,1.017688,-0.017647,2026-09-25,2026-09-25,,220,220,9,11,0.15305329
cons17+nofund,conservative,long,stock,0.0,loss,ledger_h63,1.285668,1.264011,-0.021657,1.675407,1.696978,0.021571,0.767377,0.74486,-0.022517,0.712681,0.700675,-0.012006,2026-09-25,2026-09-25,,220,220,9,11,0.14204104
cons17+nofund,conservative,long,stock,10.0,legacy,ledger_h63,1.808279,1.776036,-0.032243,1.640327,1.66006,0.019733,1.102389,1.069863,-0.032526,1.002378,0.984505,-0.017873,2026-09-25,2026-09-25,,220,220,9,11,0.15369634
cons17+nofund,conservative,long,stock,10.0,zero,ledger_h63,1.828645,1.795933,-0.032712,1.640327,1.66006,0.019733,1.114805,1.081849,-0.032956,1.013667,0.995534,-0.018133,2026-09-25,2026-09-25,,220,220,9,11,0.15305304
cons17+nofund,conservative,long,stock,10.0,loss,ledger_h63,1.258864,1.236582,-0.022282,1.640327,1.66006,0.019733,0.767447,0.744902,-0.022545,0.697822,0.685471,-0.012351,2026-09-25,2026-09-25,,220,220,9,11,0.14203075
cons17+nofund,conservative,long,stock,0.0,legacy,ledger_weekly,1.975509,1.975509,0.0,1.675251,1.675251,0.0,1.179232,1.179232,0.0,1.095078,1.095078,0.0,2026-09-25,2026-09-25,,0,0,0,0,1.0
cons17+nofund,conservative,long,stock,0.0,zero,ledger_weekly,1.966945,1.966945,0.0,1.675251,1.675251,0.0,1.17412,1.17412,0.0,1.090331,1.090331,0.0,2026-09-25,2026-09-25,,0,0,0,0,1.0
cons17+nofund,conservative,long,stock,0.0,loss,ledger_weekly,1.181095,1.181095,0.0,1.675251,1.675251,0.0,0.705025,0.705025,0.0,0.654712,0.654712,0.0,2026-09-25,2026-09-25,,0,0,0,0,1.0
cons17+nofund,conservative,long,stock,10.0,legacy,ledger_weekly,1.469439,1.469439,0.0,1.245846,1.245846,0.0,1.179471,1.179471,0.0,0.81455,0.81455,0.0,2026-09-25,2026-09-25,,0,0,0,0,1.0
cons17+nofund,conservative,long,stock,10.0,zero,ledger_weekly,1.463069,1.463069,0.0,1.245846,1.245846,0.0,1.174358,1.174358,0.0,0.811018,0.811018,0.0,2026-09-25,2026-09-25,,0,0,0,0,1.0
cons17+nofund,conservative,long,stock,10.0,loss,ledger_weekly,0.878531,0.878531,0.0,1.245846,1.245846,0.0,0.705168,0.705168,0.0,0.486994,0.486994,0.0,2026-09-25,2026-09-25,,0,0,0,0,1.0
cons17+nofund,conservative,mid,mixed,0.0,legacy,ledger_h63,1.790997,1.765769,-0.025228,1.675407,1.696978,0.021571,1.068993,1.040537,-0.028456,0.992798,0.978813,-0.013985,2026-09-25,2026-09-25,,220,220,7,11,0.14849705
cons17+nofund,conservative,mid,mixed,0.0,zero,ledger_h63,1.80867,1.783093,-0.025577,1.675407,1.696978,0.021571,1.079541,1.050746,-0.028795,1.002594,0.988416,-0.014178,2026-09-25,2026-09-25,,220,220,7,11,0.14793336
cons17+nofund,conservative,mid,mixed,0.0,loss,ledger_h63,1.316752,1.298192,-0.01856,1.675407,1.696978,0.021571,0.78593,0.765002,-0.020928,0.729911,0.719623,-0.010288,2026-09-25,2026-09-25,,220,220,7,11,0.13245236
cons17+nofund,conservative,mid,mixed,10.0,legacy,ledger_h63,1.753495,1.727315,-0.02618,1.640327,1.66006,0.019733,1.068991,1.040513,-0.028478,0.972009,0.957497,-0.014512,2026-09-25,2026-09-25,,220,220,7,11,0.14849811
cons17+nofund,conservative,mid,mixed,10.0,zero,ledger_h63,1.770797,1.74426,-0.026537,1.640327,1.66006,0.019733,1.079539,1.050721,-0.028818,0.981601,0.96689,-0.014711,2026-09-25,2026-09-25,,220,220,7,11,0.14793454
cons17+nofund,conservative,mid,mixed,10.0,loss,ledger_h63,1.289271,1.26999,-0.019281,1.640327,1.66006,0.019733,0.785984,0.765027,-0.020957,0.714677,0.70399,-0.010687,2026-09-25,2026-09-25,,220,220,7,11,0.13244606
cons17+nofund,conservative,mid,mixed,0.0,legacy,ledger_weekly,1.733254,1.733254,0.0,1.675251,1.675251,0.0,1.034624,1.034624,0.0,0.960789,0.960789,0.0,2026-09-25,2026-09-25,,0,0,0,0,1.0
cons17+nofund,conservative,mid,mixed,0.0,zero,ledger_weekly,1.725261,1.725261,0.0,1.675251,1.675251,0.0,1.029852,1.029852,0.0,0.956359,0.956359,0.0,2026-09-25,2026-09-25,,0,0,0,0,1.0
cons17+nofund,conservative,mid,mixed,0.0,loss,ledger_weekly,1.147488,1.147488,0.0,1.675251,1.675251,0.0,0.684965,0.684965,0.0,0.636083,0.636083,0.0,2026-09-25,2026-09-25,,0,0,0,0,1.0
cons17+nofund,conservative,mid,mixed,10.0,legacy,ledger_weekly,1.289244,1.289244,0.0,1.245846,1.245846,0.0,1.034834,1.034834,0.0,0.714663,0.714663,0.0,2026-09-25,2026-09-25,,0,0,0,0,1.0
cons17+nofund,conservative,mid,mixed,10.0,zero,ledger_weekly,1.283299,1.283299,0.0,1.245846,1.245846,0.0,1.030062,1.030062,0.0,0.711367,0.711367,0.0,2026-09-25,2026-09-25,,0,0,0,0,1.0
cons17+nofund,conservative,mid,mixed,10.0,loss,ledger_weekly,0.853534,0.853534,0.0,1.245846,1.245846,0.0,0.685104,0.685104,0.0,0.473137,0.473137,0.0,2026-09-25,2026-09-25,,0,0,0,0,1.0
cons17+nofund,conservative,mid,stock,0.0,legacy,ledger_h63,1.802964,1.779853,-0.023111,1.675407,1.696978,0.021571,1.076135,1.048837,-0.027298,0.999431,0.98662,-0.012811,2026-09-25,2026-09-25,,220,220,7,11,0.14605949
cons17+nofund,conservative,mid,stock,0.0,zero,ledger_h63,1.820779,1.797343,-0.023436,1.675407,1.696978,0.021571,1.086768,1.059143,-0.027625,1.009307,0.996315,-0.012992,2026-09-25,2026-09-25,,220,220,7,11,0.1455022
cons17+nofund,conservative,mid,stock,0.0,loss,ledger_h63,1.325571,1.308672,-0.016899,1.675407,1.696978,0.021571,0.791193,0.771178,-0.020015,0.734799,0.725432,-0.009367,2026-09-25,2026-09-25,,220,220,7,11,0.130189
cons17+nofund,conservative,mid,stock,10.0,legacy,ledger_h63,1.765218,1.741093,-0.024125,1.640327,1.66006,0.019733,1.076137,1.048814,-0.027323,0.978508,0.965135,-0.013373,2026-09-25,2026-09-25,,220,220,7,11,0.14606041
cons17+nofund,conservative,mid,stock,10.0,zero,ledger_h63,1.782659,1.758201,-0.024458,1.640327,1.66006,0.019733,1.08677,1.059119,-0.027651,0.988176,0.974618,-0.013558,2026-09-25,2026-09-25,,220,220,7,11,0.14550324
cons17+nofund,conservative,mid,stock,10.0,loss,ledger_h63,1.297909,1.280243,-0.017666,1.640327,1.66006,0.019733,0.79125,0.771203,-0.020047,0.719466,0.709673,-0.009793,2026-09-25,2026-09-25,,220,220,7,11,0.13018272
cons17+nofund,conservative,mid,stock,0.0,legacy,ledger_weekly,1.74784,1.74784,0.0,1.675251,1.675251,0.0,1.04333,1.04333,0.0,0.968875,0.968875,0.0,2026-09-25,2026-09-25,,0,0,0,0,1.0
cons17+nofund,conservative,mid,stock,0.0,zero,ledger_weekly,1.739779,1.739779,0.0,1.675251,1.675251,0.0,1.038519,1.038519,0.0,0.964406,0.964406,0.0,2026-09-25,2026-09-25,,0,0,0,0,1.0
cons17+nofund,conservative,mid,stock,0.0,loss,ledger_weekly,1.157119,1.157119,0.0,1.675251,1.675251,0.0,0.690714,0.690714,0.0,0.641422,0.641422,0.0,2026-09-25,2026-09-25,,0,0,0,0,1.0
cons17+nofund,conservative,mid,stock,10.0,legacy,ledger_weekly,1.300093,1.300093,0.0,1.245846,1.245846,0.0,1.043543,1.043543,0.0,0.720677,0.720677,0.0,2026-09-25,2026-09-25,,0,0,0,0,1.0
cons17+nofund,conservative,mid,stock,10.0,zero,ledger_weekly,1.294098,1.294098,0.0,1.245846,1.245846,0.0,1.03873,1.03873,0.0,0.717353,0.717353,0.0,2026-09-25,2026-09-25,,0,0,0,0,1.0
cons17+nofund,conservative,mid,stock,10.0,loss,ledger_weekly,0.860698,0.860698,0.0,1.245846,1.245846,0.0,0.690854,0.690854,0.0,0.477108,0.477108,0.0,2026-09-25,2026-09-25,,0,0,0,0,1.0
cons17+nofund,conservative,short,mixed,0.0,legacy,ledger_h63,1.72775,1.727656,-9.4e-05,1.675407,1.696978,0.021571,1.031242,1.018078,-0.013164,0.957738,0.957686,-5.2e-05,2026-09-25,2026-09-25,,220,220,6,11,0.14414096
cons17+nofund,conservative,short,mixed,0.0,zero,ledger_h63,1.740721,1.740587,-0.000134,1.675407,1.696978,0.021571,1.038984,1.025698,-0.013286,0.964928,0.964854,-7.4e-05,2026-09-25,2026-09-25,,220,220,6,11,0.14381932
cons17+nofund,conservative,short,mixed,0.0,loss,ledger_h63,1.379926,1.381868,0.001942,1.675407,1.696978,0.021571,0.823637,0.814311,-0.009326,0.76493,0.766006,0.001076,2026-09-25,2026-09-25,,220,220,6,11,0.14344024
cons17+nofund,conservative,short,mixed,10.0,legacy,ledger_h63,1.691581,1.69005,-0.001531,1.640327,1.66006,0.019733,1.031246,1.018066,-0.01318,0.937689,0.93684,-0.000849,2026-09-25,2026-09-25,,220,220,6,11,0.14414046
cons17+nofund,conservative,short,mixed,10.0,zero,ledger_h63,1.704283,1.702702,-0.001581,1.640327,1.66006,0.019733,1.038989,1.025687,-0.013302,0.94473,0.943853,-0.000877,2026-09-25,2026-09-25,,220,220,6,11,0.14381859
cons17+nofund,conservative,short,mixed,10.0,loss,ledger_h63,1.351053,1.351804,0.000751,1.640327,1.66006,0.019733,0.823649,0.81431,-0.009339,0.748925,0.749341,0.000416,2026-09-25,2026-09-25,,220,220,6,11,0.14343814
cons17+nofund,conservative,short,mixed,0.0,legacy,ledger_weekly,1.814457,1.814457,0.0,1.675251,1.675251,0.0,1.083096,1.083096,0.0,1.005802,1.005802,0.0,2026-09-25,2026-09-25,,0,0,0,0,1.0
cons17+nofund,conservative,short,mixed,0.0,zero,ledger_weekly,1.806454,1.806454,0.0,1.675251,1.675251,0.0,1.078318,1.078318,0.0,1.001366,1.001366,0.0,2026-09-25,2026-09-25,,0,0,0,0,1.0
cons17+nofund,conservative,short,mixed,0.0,loss,ledger_weekly,1.329261,1.329261,0.0,1.675251,1.675251,0.0,0.79347,0.79347,0.0,0.736845,0.736845,0.0,2026-09-25,2026-09-25,,0,0,0,0,1.0
cons17+nofund,conservative,short,mixed,10.0,legacy,ledger_weekly,1.349648,1.349648,0.0,1.245846,1.245846,0.0,1.083318,1.083318,0.0,0.748146,0.748146,0.0,2026-09-25,2026-09-25,,0,0,0,0,1.0
cons17+nofund,conservative,short,mixed,10.0,zero,ledger_weekly,1.343695,1.343695,0.0,1.245846,1.245846,0.0,1.07854,1.07854,0.0,0.744846,0.744846,0.0,2026-09-25,2026-09-25,,0,0,0,0,1.0
cons17+nofund,conservative,short,mixed,10.0,loss,ledger_weekly,0.988744,0.988744,0.0,1.245846,1.245846,0.0,0.793633,0.793633,0.0,0.548087,0.548087,0.0,2026-09-25,2026-09-25,,0,0,0,0,1.0
cons17+nofund,conservative,short,stock,0.0,legacy,ledger_h63,1.732875,1.735065,0.00219,1.675407,1.696978,0.021571,1.034301,1.022444,-0.011857,0.960579,0.961793,0.001214,2026-09-25,2026-09-25,,220,220,6,11,0.14312776
cons17+nofund,conservative,short,stock,0.0,zero,ledger_h63,1.74591,1.748083,0.002173,1.675407,1.696978,0.021571,1.042081,1.030115,-0.011966,0.967805,0.969009,0.001204,2026-09-25,2026-09-25,,220,220,6,11,0.14280656
cons17+nofund,conservative,short,stock,0.0,loss,ledger_h63,1.383942,1.3877,0.003758,1.675407,1.696978,0.021571,0.826034,0.817748,-0.008286,0.767156,0.76924,0.002084,2026-09-25,2026-09-25,,220,220,6,11,0.14240762
cons17+nofund,conservative,short,stock,10.0,legacy,ledger_h63,1.696598,1.697296,0.000698,1.640327,1.66006,0.019733,1.034305,1.022431,-0.011874,0.94047,0.940857,0.000387,2026-09-25,2026-09-25,,220,220,6,11,0.14312737
cons17+nofund,conservative,short,stock,10.0,zero,ledger_h63,1.709363,1.710034,0.000671,1.640327,1.66006,0.019733,1.042087,1.030104,-0.011983,0.947546,0.947918,0.000372,2026-09-25,2026-09-25,,220,220,6,11,0.14280595
cons17+nofund,conservative,short,stock,10.0,loss,ledger_h63,1.354985,1.357508,0.002523,1.640327,1.66006,0.019733,0.826046,0.817747,-0.008299,0.751105,0.752503,0.001398,2026-09-25,2026-09-25,,220,220,6,11,0.14240564
cons17+nofund,conservative,short,stock,0.0,legacy,ledger_weekly,1.828011,1.828011,0.0,1.675251,1.675251,0.0,1.091186,1.091186,0.0,1.013315,1.013315,0.0,2026-09-25,2026-09-25,,0,0,0,0,1.0
cons17+nofund,conservative,short,stock,0.0,zero,ledger_weekly,1.819948,1.819948,0.0,1.675251,1.675251,0.0,1.086373,1.086373,0.0,1.008846,1.008846,0.0,2026-09-25,2026-09-25,,0,0,0,0,1.0
cons17+nofund,conservative,short,stock,0.0,loss,ledger_weekly,1.339194,1.339194,0.0,1.675251,1.675251,0.0,0.799399,0.799399,0.0,0.742351,0.742351,0.0,2026-09-25,2026-09-25,,0,0,0,0,1.0
cons17+nofund,conservative,short,stock,10.0,legacy,ledger_weekly,1.359729,1.359729,0.0,1.245846,1.245846,0.0,1.09141,1.09141,0.0,0.753734,0.753734,0.0,2026-09-25,2026-09-25,,0,0,0,0,1.0
cons17+nofund,conservative,short,stock,10.0,zero,ledger_weekly,1.353732,1.353732,0.0,1.245846,1.245846,0.0,1.086596,1.086596,0.0,0.75041,0.75041,0.0,2026-09-25,2026-09-25,,0,0,0,0,1.0
cons17+nofund,conservative,short,stock,10.0,loss,ledger_weekly,0.996133,0.996133,0.0,1.245846,1.245846,0.0,0.799563,0.799563,0.0,0.552183,0.552183,0.0,2026-09-25,2026-09-25,,0,0,0,0,1.0
v16,aggressive,long,mixed,0.0,legacy,ledger_h63,1.653966,1.634218,-0.019748,1.675407,1.696978,0.021571,0.987203,0.963017,-0.024186,0.916838,0.905891,-0.010947,2026-09-25,2026-09-25,,220,220,6,11,0.12960082
v16,aggressive,long,mixed,0.0,zero,ledger_h63,1.677575,1.657704,-0.019871,1.675407,1.696978,0.021571,1.001294,0.976856,-0.024438,0.929925,0.91891,-0.011015,2026-09-25,2026-09-25,,220,220,6,11,0.12921118
v16,aggressive,long,mixed,0.0,loss,ledger_h63,1.040704,1.027384,-0.01332,1.675407,1.696978,0.021571,0.621165,0.60542,-0.015745,0.57689,0.569506,-0.007384,2026-09-25,2026-09-25,,220,220,6,11,0.1215923
v16,aggressive,long,mixed,10.0,legacy,ledger_h63,1.619406,1.598635,-0.020771,1.640327,1.66006,0.019733,0.987245,0.962998,-0.024247,0.89768,0.886166,-0.011514,2026-09-25,2026-09-25,,220,220,6,11,0.12960124
v16,aggressive,long,mixed,10.0,zero,ledger_h63,1.642524,1.621612,-0.020912,1.640327,1.66006,0.019733,1.001339,0.976839,-0.0245,0.910495,0.898903,-0.011592,2026-09-25,2026-09-25,,220,220,6,11,0.12921142
v16,aggressive,long,mixed,10.0,loss,ledger_h63,1.019014,1.005061,-0.013953,1.640327,1.66006,0.019733,0.621226,0.605437,-0.015789,0.564867,0.557132,-0.007735,2026-09-25,2026-09-25,,220,220,6,11,0.12158697
v16,aggressive,long,mixed,0.0,legacy,ledger_weekly,1.413262,1.413262,0.0,1.675251,1.675251,0.0,0.843612,0.843612,0.0,0.783409,0.783409,0.0,2026-09-25,2026-09-25,,0,0,0,0,1.0
v16,aggressive,long,mixed,0.0,zero,ledger_weekly,1.409765,1.409765,0.0,1.675251,1.675251,0.0,0.841525,0.841525,0.0,0.781471,0.781471,0.0,2026-09-25,2026-09-25,,0,0,0,0,1.0
v16,aggressive,long,mixed,0.0,loss,ledger_weekly,0.847547,0.847547,0.0,1.675251,1.675251,0.0,0.505923,0.505923,0.0,0.469818,0.469818,0.0,2026-09-25,2026-09-25,,0,0,0,0,1.0
v16,aggressive,long,mixed,10.0,legacy,ledger_weekly,1.051535,1.051535,0.0,1.245846,1.245846,0.0,0.844033,0.844033,0.0,0.582894,0.582894,0.0,2026-09-25,2026-09-25,,0,0,0,0,1.0
v16,aggressive,long,mixed,10.0,zero,ledger_weekly,1.048933,1.048933,0.0,1.245846,1.245846,0.0,0.841945,0.841945,0.0,0.581452,0.581452,0.0,2026-09-25,2026-09-25,,0,0,0,0,1.0
v16,aggressive,long,mixed,10.0,loss,ledger_weekly,0.630616,0.630616,0.0,1.245846,1.245846,0.0,0.506175,0.506175,0.0,0.349568,0.349568,0.0,2026-09-25,2026-09-25,,0,0,0,0,1.0
v16,aggressive,long,stock,0.0,legacy,ledger_h63,1.987084,1.969179,-0.017905,1.675407,1.696978,0.021571,1.186031,1.160403,-0.025628,1.101494,1.091569,-0.009925,2026-09-25,2026-09-25,,220,220,7,11,0.12788143
v16,aggressive,long,stock,0.0,zero,ledger_h63,2.024417,2.006256,-0.018161,1.675407,1.696978,0.021571,1.208314,1.182252,-0.026062,1.122189,1.112122,-0.010067,2026-09-25,2026-09-25,,220,220,7,11,0.12782462
v16,aggressive,long,stock,0.0,loss,ledger_h63,1.1476,1.135884,-0.011716,1.675407,1.696978,0.021571,0.684968,0.669357,-0.015611,0.636145,0.629651,-0.006494,2026-09-25,2026-09-25,,220,220,7,11,0.12046883
v16,aggressive,long,stock,10.0,legacy,ledger_h63,1.945489,1.92623,-0.019259,1.640327,1.66006,0.019733,1.186037,1.160338,-0.025699,1.078437,1.067761,-0.010676,2026-09-25,2026-09-25,,220,220,7,11,0.12788667
v16,aggressive,long,stock,10.0,zero,ledger_h63,1.982042,1.9625,-0.019542,1.640327,1.66006,0.019733,1.208321,1.182186,-0.026135,1.098699,1.087867,-0.010832,2026-09-25,2026-09-25,,220,220,7,11,0.12782976
v16,aggressive,long,stock,10.0,loss,ledger_h63,1.123652,1.111175,-0.012477,1.640327,1.66006,0.019733,0.685017,0.669358,-0.015659,0.62287,0.615954,-0.006916,2026-09-25,2026-09-25,,220,220,7,11,0.12046673
v16,aggressive,long,stock,0.0,legacy,ledger_weekly,1.543001,1.543001,0.0,1.675251,1.675251,0.0,0.921057,0.921057,0.0,0.855327,0.855327,0.0,2026-09-25,2026-09-25,,0,0,0,0,1.0
v16,aggressive,long,stock,0.0,zero,ledger_weekly,1.538489,1.538489,0.0,1.675251,1.675251,0.0,0.918363,0.918363,0.0,0.852826,0.852826,0.0,2026-09-25,2026-09-25,,0,0,0,0,1.0
v16,aggressive,long,stock,0.0,loss,ledger_weekly,0.795735,0.795735,0.0,1.675251,1.675251,0.0,0.474995,0.474995,0.0,0.441098,0.441098,0.0,2026-09-25,2026-09-25,,0,0,0,0,1.0
v16,aggressive,long,stock,10.0,legacy,ledger_weekly,1.148071,1.148071,0.0,1.245846,1.245846,0.0,0.921519,0.921519,0.0,0.636407,0.636407,0.0,2026-09-25,2026-09-25,,0,0,0,0,1.0
v16,aggressive,long,stock,10.0,zero,ledger_weekly,1.144714,1.144714,0.0,1.245846,1.245846,0.0,0.918825,0.918825,0.0,0.634546,0.634546,0.0,2026-09-25,2026-09-25,,0,0,0,0,1.0
v16,aggressive,long,stock,10.0,loss,ledger_weekly,0.592068,0.592068,0.0,1.245846,1.245846,0.0,0.475233,0.475233,0.0,0.328199,0.328199,0.0,2026-09-25,2026-09-25,,0,0,0,0,1.0
v16,aggressive,mid,mixed,0.0,legacy,ledger_h63,1.59422,1.560355,-0.033865,1.675407,1.696978,0.021571,0.951542,0.91949,-0.032052,0.883719,0.864946,-0.018773,2026-09-25,2026-09-25,,220,220,6,11,0.1281133
v16,aggressive,mid,mixed,0.0,zero,ledger_h63,1.618313,1.583956,-0.034357,1.675407,1.696978,0.021571,0.965922,0.933398,-0.032524,0.897074,0.87803,-0.019044,2026-09-25,2026-09-25,,220,220,6,11,0.1277869
v16,aggressive,mid,mixed,0.0,loss,ledger_h63,1.040289,1.019216,-0.021073,1.675407,1.696978,0.021571,0.620917,0.600607,-0.02031,0.57666,0.564979,-0.011681,2026-09-25,2026-09-25,,220,220,6,11,0.12552618
v16,aggressive,mid,mixed,10.0,legacy,ledger_h63,1.560857,1.52633,-0.034527,1.640327,1.66006,0.019733,0.951552,0.919443,-0.032109,0.865225,0.846085,-0.01914,2026-09-25,2026-09-25,,220,220,6,11,0.12811795
v16,aggressive,mid,mixed,10.0,zero,ledger_h63,1.584448,1.549419,-0.035029,1.640327,1.66006,0.019733,0.965934,0.933351,-0.032583,0.878302,0.858884,-0.019418,2026-09-25,2026-09-25,,220,220,6,11,0.12779137
v16,aggressive,mid,mixed,10.0,loss,ledger_h63,1.018551,0.99702,-0.021531,1.640327,1.66006,0.019733,0.620944,0.600593,-0.020351,0.56461,0.552675,-0.011935,2026-09-25,2026-09-25,,220,220,6,11,0.12552714
v16,aggressive,mid,mixed,0.0,legacy,ledger_weekly,1.349778,1.349778,0.0,1.675251,1.675251,0.0,0.805717,0.805717,0.0,0.748218,0.748218,0.0,2026-09-25,2026-09-25,,0,0,0,0,1.0
v16,aggressive,mid,mixed,0.0,zero,ledger_weekly,1.347192,1.347192,0.0,1.675251,1.675251,0.0,0.804173,0.804173,0.0,0.746785,0.746785,0.0,2026-09-25,2026-09-25,,0,0,0,0,1.0
v16,aggressive,mid,mixed,0.0,loss,ledger_weekly,0.728099,0.728099,0.0,1.675251,1.675251,0.0,0.434621,0.434621,0.0,0.403605,0.403605,0.0,2026-09-25,2026-09-25,,0,0,0,0,1.0
v16,aggressive,mid,mixed,10.0,legacy,ledger_weekly,1.004303,1.004303,0.0,1.245846,1.245846,0.0,0.806121,0.806121,0.0,0.556712,0.556712,0.0,2026-09-25,2026-09-25,,0,0,0,0,1.0
v16,aggressive,mid,mixed,10.0,zero,ledger_weekly,1.002379,1.002379,0.0,1.245846,1.245846,0.0,0.804577,0.804577,0.0,0.555646,0.555646,0.0,2026-09-25,2026-09-25,,0,0,0,0,1.0
v16,aggressive,mid,mixed,10.0,loss,ledger_weekly,0.541742,0.541742,0.0,1.245846,1.245846,0.0,0.434839,0.434839,0.0,0.300302,0.300302,0.0,2026-09-25,2026-09-25,,0,0,0,0,1.0
v16,aggressive,mid,stock,0.0,legacy,ledger_h63,1.942138,1.928003,-0.014135,1.675407,1.696978,0.021571,1.159204,1.136139,-0.023065,1.076579,1.068744,-0.007835,2026-09-25,2026-09-25,,220,220,6,11,0.12300491
v16,aggressive,mid,stock,0.0,zero,ledger_h63,1.982019,1.967558,-0.014461,1.675407,1.696978,0.021571,1.183008,1.159448,-0.02356,1.098687,1.09067,-0.008017,2026-09-25,2026-09-25,,220,220,6,11,0.1234088
v16,aggressive,mid,stock,0.0,loss,ledger_h63,1.135703,1.127919,-0.007784,1.675407,1.696978,0.021571,0.677867,0.664663,-0.013204,0.629551,0.625236,-0.004315,2026-09-25,2026-09-25,,220,220,6,11,0.11476199
v16,aggressive,mid,stock,10.0,legacy,ledger_h63,1.901435,1.885887,-0.015548,1.640327,1.66006,0.019733,1.15918,1.136036,-0.023144,1.054017,1.045398,-0.008619,2026-09-25,2026-09-25,,220,220,6,11,0.12301419
v16,aggressive,mid,stock,10.0,zero,ledger_h63,1.940483,1.924581,-0.015902,1.640327,1.66006,0.019733,1.182985,1.159344,-0.023641,1.075662,1.066847,-0.008815,2026-09-25,2026-09-25,,220,220,6,11,0.12341793
v16,aggressive,mid,stock,10.0,loss,ledger_h63,1.111955,1.103323,-0.008632,1.640327,1.66006,0.019733,0.677886,0.664628,-0.013258,0.616387,0.611601,-0.004786,2026-09-25,2026-09-25,,220,220,6,11,0.11476624
v16,aggressive,mid,stock,0.0,legacy,ledger_weekly,1.660157,1.660157,0.0,1.675251,1.675251,0.0,0.99099,0.99099,0.0,0.92027,0.92027,0.0,2026-09-25,2026-09-25,,0,0,0,0,1.0
v16,aggressive,mid,stock,0.0,zero,ledger_weekly,1.657071,1.657071,0.0,1.675251,1.675251,0.0,0.989148,0.989148,0.0,0.918559,0.918559,0.0,2026-09-25,2026-09-25,,0,0,0,0,1.0
v16,aggressive,mid,stock,0.0,loss,ledger_weekly,0.852552,0.852552,0.0,1.675251,1.675251,0.0,0.50891,0.50891,0.0,0.472592,0.472592,0.0,2026-09-25,2026-09-25,,0,0,0,0,1.0
v16,aggressive,mid,stock,10.0,legacy,ledger_weekly,1.235242,1.235242,0.0,1.245846,1.245846,0.0,0.991489,0.991489,0.0,0.684728,0.684728,0.0,2026-09-25,2026-09-25,,0,0,0,0,1.0
v16,aggressive,mid,stock,10.0,zero,ledger_weekly,1.232946,1.232946,0.0,1.245846,1.245846,0.0,0.989646,0.989646,0.0,0.683455,0.683455,0.0,2026-09-25,2026-09-25,,0,0,0,0,1.0
v16,aggressive,mid,stock,10.0,loss,ledger_weekly,0.634342,0.634342,0.0,1.245846,1.245846,0.0,0.509166,0.509166,0.0,0.351633,0.351633,0.0,2026-09-25,2026-09-25,,0,0,0,0,1.0
v16,aggressive,short,mixed,0.0,legacy,ledger_h63,1.482269,1.471717,-0.010552,1.675407,1.696978,0.021571,0.884722,0.867257,-0.017465,0.821661,0.815812,-0.005849,2026-09-25,2026-09-25,,220,220,3,11,0.13912974
v16,aggressive,short,mixed,0.0,zero,ledger_h63,1.507306,1.496574,-0.010732,1.675407,1.696978,0.021571,0.899666,0.881906,-0.01776,0.83554,0.829591,-0.005949,2026-09-25,2026-09-25,,220,220,3,11,0.13898602
v16,aggressive,short,mixed,0.0,loss,ledger_h63,0.967059,0.95992,-0.007139,1.675407,1.696978,0.021571,0.577208,0.565664,-0.011544,0.536066,0.532109,-0.003957,2026-09-25,2026-09-25,,220,220,3,11,0.14037488
v16,aggressive,short,mixed,10.0,legacy,ledger_h63,1.451121,1.43953,-0.011591,1.640327,1.66006,0.019733,0.884653,0.867156,-0.017497,0.804395,0.79797,-0.006425,2026-09-25,2026-09-25,,220,220,3,11,0.13914389
v16,aggressive,short,mixed,10.0,zero,ledger_h63,1.475635,1.463847,-0.011788,1.640327,1.66006,0.019733,0.899598,0.881804,-0.017794,0.817984,0.81145,-0.006534,2026-09-25,2026-09-25,,220,220,3,11,0.13899991
v16,aggressive,short,mixed,10.0,loss,ledger_h63,0.946746,0.938936,-0.00781,1.640327,1.66006,0.019733,0.577169,0.565604,-0.011565,0.524807,0.520478,-0.004329,2026-09-25,2026-09-25,,220,220,3,11,0.14038769
v16,aggressive,short,mixed,0.0,legacy,ledger_weekly,1.4957,1.4957,0.0,1.675251,1.675251,0.0,0.892821,0.892821,0.0,0.829107,0.829107,0.0,2026-09-25,2026-09-25,,0,0,0,0,1.0
v16,aggressive,short,mixed,0.0,zero,ledger_weekly,1.492033,1.492033,0.0,1.675251,1.675251,0.0,0.890633,0.890633,0.0,0.827074,0.827074,0.0,2026-09-25,2026-09-25,,0,0,0,0,1.0
v16,aggressive,short,mixed,0.0,loss,ledger_weekly,0.891254,0.891254,0.0,1.675251,1.675251,0.0,0.532012,0.532012,0.0,0.494046,0.494046,0.0,2026-09-25,2026-09-25,,0,0,0,0,1.0
v16,aggressive,short,mixed,10.0,legacy,ledger_weekly,1.112653,1.112653,0.0,1.245846,1.245846,0.0,0.89309,0.89309,0.0,0.616773,0.616773,0.0,2026-09-25,2026-09-25,,0,0,0,0,1.0
v16,aggressive,short,mixed,10.0,zero,ledger_weekly,1.109925,1.109925,0.0,1.245846,1.245846,0.0,0.890901,0.890901,0.0,0.615261,0.615261,0.0,2026-09-25,2026-09-25,,0,0,0,0,1.0
v16,aggressive,short,mixed,10.0,loss,ledger_weekly,0.663005,0.663005,0.0,1.245846,1.245846,0.0,0.532172,0.532172,0.0,0.367521,0.367521,0.0,2026-09-25,2026-09-25,,0,0,0,0,1.0
v16,aggressive,short,stock,0.0,legacy,ledger_h63,1.675697,1.675279,-0.000418,1.675407,1.696978,0.021571,1.000173,0.987213,-0.01296,0.928884,0.928652,-0.000232,2026-09-25,2026-09-25,,220,220,5,11,0.13095665
v16,aggressive,short,stock,0.0,zero,ledger_h63,1.710205,1.70963,-0.000575,1.675407,1.696978,0.021571,1.02077,1.007456,-0.013314,0.948013,0.947694,-0.000319,2026-09-25,2026-09-25,,220,220,5,11,0.13094851
v16,aggressive,short,stock,0.0,loss,ledger_h63,0.998634,0.99898,0.000346,1.675407,1.696978,0.021571,0.596054,0.588682,-0.007372,0.553569,0.553761,0.000192,2026-09-25,2026-09-25,,220,220,5,11,0.12892854
v16,aggressive,short,stock,10.0,legacy,ledger_h63,1.640468,1.638599,-0.001869,1.640327,1.66006,0.019733,1.000086,0.987072,-0.013014,0.909355,0.908319,-0.001036,2026-09-25,2026-09-25,,220,220,5,11,0.1309733
v16,aggressive,short,stock,10.0,zero,ledger_h63,1.674257,1.672204,-0.002053,1.640327,1.66006,0.019733,1.020685,1.007315,-0.01337,0.928085,0.926947,-0.001138,2026-09-25,2026-09-25,,220,220,5,11,0.1309647
v16,aggressive,short,stock,10.0,loss,ledger_h63,0.977645,0.977111,-0.000534,1.640327,1.66006,0.019733,0.596006,0.5886,-0.007406,0.541935,0.541639,-0.000296,2026-09-25,2026-09-25,,220,220,5,11,0.12894442
v16,aggressive,short,stock,0.0,legacy,ledger_weekly,1.429007,1.429007,0.0,1.675251,1.675251,0.0,0.853011,0.853011,0.0,0.792137,0.792137,0.0,2026-09-25,2026-09-25,,0,0,0,0,1.0
v16,aggressive,short,stock,0.0,zero,ledger_weekly,1.425548,1.425548,0.0,1.675251,1.675251,0.0,0.850946,0.850946,0.0,0.79022,0.79022,0.0,2026-09-25,2026-09-25,,0,0,0,0,1.0
v16,aggressive,short,stock,0.0,loss,ledger_weekly,0.808766,0.808766,0.0,1.675251,1.675251,0.0,0.482773,0.482773,0.0,0.448321,0.448321,0.0,2026-09-25,2026-09-25,,0,0,0,0,1.0
v16,aggressive,short,stock,10.0,legacy,ledger_weekly,1.063149,1.063149,0.0,1.245846,1.245846,0.0,0.853355,0.853355,0.0,0.589332,0.589332,0.0,2026-09-25,2026-09-25,,0,0,0,0,1.0
v16,aggressive,short,stock,10.0,zero,ledger_weekly,1.060576,1.060576,0.0,1.245846,1.245846,0.0,0.85129,0.85129,0.0,0.587906,0.587906,0.0,2026-09-25,2026-09-25,,0,0,0,0,1.0
v16,aggressive,short,stock,10.0,loss,ledger_weekly,0.601703,0.601703,0.0,1.245846,1.245846,0.0,0.482968,0.482968,0.0,0.33354,0.33354,0.0,2026-09-25,2026-09-25,,0,0,0,0,1.0
v16,balanced,long,mixed,0.0,legacy,ledger_h63,1.7267,1.712039,-0.014661,1.675407,1.696978,0.021571,1.030615,1.008875,-0.02174,0.957156,0.949029,-0.008127,2026-09-25,2026-09-25,,220,220,6,11,0.14653191
v16,balanced,long,mixed,0.0,zero,ledger_h63,1.752866,1.737988,-0.014878,1.675407,1.696978,0.021571,1.046233,1.024167,-0.022066,0.971661,0.963414,-0.008247,2026-09-25,2026-09-25,,220,220,6,11,0.14567463
v16,balanced,long,mixed,0.0,loss,ledger_h63,1.063147,1.055075,-0.008072,1.675407,1.696978,0.021571,0.634561,0.621737,-0.012824,0.589331,0.584856,-0.004475,2026-09-25,2026-09-25,,220,220,6,11,0.14189007
v16,balanced,long,mixed,10.0,legacy,ledger_h63,1.690592,1.674785,-0.015807,1.640327,1.66006,0.019733,1.030643,1.00887,-0.021773,0.93714,0.928378,-0.008762,2026-09-25,2026-09-25,,220,220,6,11,0.14653033
v16,balanced,long,mixed,10.0,zero,ledger_h63,1.716212,1.70017,-0.016042,1.640327,1.66006,0.019733,1.046262,1.024162,-0.0221,0.951342,0.94245,-0.008892,2026-09-25,2026-09-25,,220,220,6,11,0.14567303
v16,balanced,long,mixed,10.0,loss,ledger_h63,1.040991,1.032188,-0.008803,1.640327,1.66006,0.019733,0.634624,0.621778,-0.012846,0.577049,0.572169,-0.00488,2026-09-25,2026-09-25,,220,220,6,11,0.14187868
v16,balanced,long,mixed,0.0,legacy,ledger_weekly,1.545203,1.545203,0.0,1.675251,1.675251,0.0,0.922371,0.922371,0.0,0.856547,0.856547,0.0,2026-09-25,2026-09-25,,0,0,0,0,1.0
v16,balanced,long,mixed,0.0,zero,ledger_weekly,1.542834,1.542834,0.0,1.675251,1.675251,0.0,0.920957,0.920957,0.0,0.855235,0.855235,0.0,2026-09-25,2026-09-25,,0,0,0,0,1.0
v16,balanced,long,mixed,0.0,loss,ledger_weekly,0.837915,0.837915,0.0,1.675251,1.675251,0.0,0.500173,0.500173,0.0,0.464479,0.464479,0.0,2026-09-25,2026-09-25,,0,0,0,0,1.0
v16,balanced,long,mixed,10.0,legacy,ledger_weekly,1.149711,1.149711,0.0,1.245846,1.245846,0.0,0.922836,0.922836,0.0,0.637316,0.637316,0.0,2026-09-25,2026-09-25,,0,0,0,0,1.0
v16,balanced,long,mixed,10.0,zero,ledger_weekly,1.147949,1.147949,0.0,1.245846,1.245846,0.0,0.921421,0.921421,0.0,0.636339,0.636339,0.0,2026-09-25,2026-09-25,,0,0,0,0,1.0
v16,balanced,long,mixed,10.0,loss,ledger_weekly,0.623452,0.623452,0.0,1.245846,1.245846,0.0,0.500425,0.500425,0.0,0.345596,0.345596,0.0,2026-09-25,2026-09-25,,0,0,0,0,1.0
v16,balanced,long,stock,0.0,legacy,ledger_h63,2.028072,2.010871,-0.017201,1.675407,1.696978,0.021571,1.210495,1.184972,-0.025523,1.124215,1.11468,-0.009535,2026-09-25,2026-09-25,,220,220,7,11,0.14393922
v16,balanced,long,stock,0.0,zero,ledger_h63,2.067686,2.050195,-0.017491,1.675407,1.696978,0.021571,1.23414,1.208145,-0.025995,1.146174,1.136478,-0.009696,2026-09-25,2026-09-25,,220,220,7,11,0.14398117
v16,balanced,long,stock,0.0,loss,ledger_h63,1.149144,1.139819,-0.009325,1.675407,1.696978,0.021571,0.685889,0.671676,-0.014213,0.637001,0.631832,-0.005169,2026-09-25,2026-09-25,,220,220,7,11,0.13183648
v16,balanced,long,stock,10.0,legacy,ledger_h63,1.985583,1.967019,-0.018564,1.640327,1.66006,0.019733,1.21048,1.184909,-0.025571,1.100662,1.090372,-0.01029,2026-09-25,2026-09-25,,220,220,7,11,0.14394464
v16,balanced,long,stock,10.0,zero,ledger_h63,2.024366,2.005484,-0.018882,1.640327,1.66006,0.019733,1.234123,1.208079,-0.026044,1.12216,1.111694,-0.010466,2026-09-25,2026-09-25,,220,220,7,11,0.14398666
v16,balanced,long,stock,10.0,loss,ledger_h63,1.125167,1.115046,-0.010121,1.640327,1.66006,0.019733,0.68594,0.67169,-0.01425,0.62371,0.6181,-0.00561,2026-09-25,2026-09-25,,220,220,7,11,0.13183157
v16,balanced,long,stock,0.0,legacy,ledger_weekly,1.742567,1.742567,0.0,1.675251,1.675251,0.0,1.040182,1.040182,0.0,0.965952,0.965952,0.0,2026-09-25,2026-09-25,,0,0,0,0,1.0
v16,balanced,long,stock,0.0,zero,ledger_weekly,1.739557,1.739557,0.0,1.675251,1.675251,0.0,1.038386,1.038386,0.0,0.964283,0.964283,0.0,2026-09-25,2026-09-25,,0,0,0,0,1.0
v16,balanced,long,stock,0.0,loss,ledger_weekly,0.852308,0.852308,0.0,1.675251,1.675251,0.0,0.508765,0.508765,0.0,0.472457,0.472457,0.0,2026-09-25,2026-09-25,,0,0,0,0,1.0
v16,balanced,long,stock,10.0,legacy,ledger_weekly,1.296565,1.296565,0.0,1.245846,1.245846,0.0,1.04071,1.04071,0.0,0.718721,0.718721,0.0,2026-09-25,2026-09-25,,0,0,0,0,1.0
v16,balanced,long,stock,10.0,zero,ledger_weekly,1.294326,1.294326,0.0,1.245846,1.245846,0.0,1.038913,1.038913,0.0,0.717479,0.717479,0.0,2026-09-25,2026-09-25,,0,0,0,0,1.0
v16,balanced,long,stock,10.0,loss,ledger_weekly,0.634164,0.634164,0.0,1.245846,1.245846,0.0,0.509023,0.509023,0.0,0.351534,0.351534,0.0,2026-09-25,2026-09-25,,0,0,0,0,1.0
v16,balanced,mid,mixed,0.0,legacy,ledger_h63,1.630559,1.61822,-0.012339,1.675407,1.696978,0.021571,0.973232,0.953589,-0.019643,0.903863,0.897023,-0.00684,2026-09-25,2026-09-25,,220,220,7,11,0.14042722
v16,balanced,mid,mixed,0.0,zero,ledger_h63,1.6586,1.64615,-0.01245,1.675407,1.696978,0.021571,0.989969,0.970048,-0.019921,0.919407,0.912505,-0.006902,2026-09-25,2026-09-25,,220,220,7,11,0.13975056
v16,balanced,mid,mixed,0.0,loss,ledger_h63,0.998539,0.992793,-0.005746,1.675407,1.696978,0.021571,0.595998,0.585036,-0.010962,0.553517,0.550332,-0.003185,2026-09-25,2026-09-25,,220,220,7,11,0.13949259
v16,balanced,mid,mixed,10.0,legacy,ledger_h63,1.596443,1.582978,-0.013465,1.640327,1.66006,0.019733,0.973247,0.953567,-0.01968,0.884951,0.877487,-0.007464,2026-09-25,2026-09-25,,220,220,7,11,0.14042831
v16,balanced,mid,mixed,10.0,zero,ledger_h63,1.6239,1.610301,-0.013599,1.640327,1.66006,0.019733,0.989985,0.970026,-0.019959,0.900171,0.892633,-0.007538,2026-09-25,2026-09-25,,220,220,7,11,0.13975152
v16,balanced,mid,mixed,10.0,loss,ledger_h63,0.977689,0.971213,-0.006476,1.640327,1.66006,0.019733,0.596033,0.585047,-0.010986,0.541959,0.538369,-0.00359,2026-09-25,2026-09-25,,220,220,7,11,0.13948771
v16,balanced,mid,mixed,0.0,legacy,ledger_weekly,1.532997,1.532997,0.0,1.675251,1.675251,0.0,0.915085,0.915085,0.0,0.849782,0.849782,0.0,2026-09-25,2026-09-25,,0,0,0,0,1.0
v16,balanced,mid,mixed,0.0,zero,ledger_weekly,1.531215,1.531215,0.0,1.675251,1.675251,0.0,0.914021,0.914021,0.0,0.848794,0.848794,0.0,2026-09-25,2026-09-25,,0,0,0,0,1.0
v16,balanced,mid,mixed,0.0,loss,ledger_weekly,0.747576,0.747576,0.0,1.675251,1.675251,0.0,0.446247,0.446247,0.0,0.414401,0.414401,0.0,2026-09-25,2026-09-25,,0,0,0,0,1.0
v16,balanced,mid,mixed,10.0,legacy,ledger_weekly,1.140631,1.140631,0.0,1.245846,1.245846,0.0,0.915547,0.915547,0.0,0.632282,0.632282,0.0,2026-09-25,2026-09-25,,0,0,0,0,1.0
v16,balanced,mid,mixed,10.0,zero,ledger_weekly,1.139305,1.139305,0.0,1.245846,1.245846,0.0,0.914483,0.914483,0.0,0.631547,0.631547,0.0,2026-09-25,2026-09-25,,0,0,0,0,1.0
v16,balanced,mid,mixed,10.0,loss,ledger_weekly,0.556236,0.556236,0.0,1.245846,1.245846,0.0,0.446472,0.446472,0.0,0.308336,0.308336,0.0,2026-09-25,2026-09-25,,0,0,0,0,1.0
v16,balanced,mid,stock,0.0,legacy,ledger_h63,1.938944,1.92649,-0.012454,1.675407,1.696978,0.021571,1.157298,1.135247,-0.022051,1.074809,1.067905,-0.006904,2026-09-25,2026-09-25,,220,220,7,11,0.13434806
v16,balanced,mid,stock,0.0,zero,ledger_h63,1.979569,1.966901,-0.012668,1.675407,1.696978,0.021571,1.181545,1.159061,-0.022484,1.097328,1.090306,-0.007022,2026-09-25,2026-09-25,,220,220,7,11,0.13440698
v16,balanced,mid,stock,0.0,loss,ledger_h63,1.080734,1.075587,-0.005147,1.675407,1.696978,0.021571,0.645058,0.633825,-0.011233,0.59908,0.596227,-0.002853,2026-09-25,2026-09-25,,220,220,7,11,0.12690044
v16,balanced,mid,stock,10.0,legacy,ledger_h63,1.898346,1.884494,-0.013852,1.640327,1.66006,0.019733,1.157297,1.135197,-0.0221,1.052304,1.044626,-0.007678,2026-09-25,2026-09-25,,220,220,7,11,0.13435197
v16,balanced,mid,stock,10.0,zero,ledger_h63,1.938123,1.924029,-0.014094,1.640327,1.66006,0.019733,1.181547,1.159012,-0.022535,1.074354,1.066541,-0.007813,2026-09-25,2026-09-25,,220,220,7,11,0.13441058
v16,balanced,mid,stock,10.0,loss,ledger_h63,1.05816,1.052186,-0.005974,1.640327,1.66006,0.019733,0.645091,0.633824,-0.011267,0.586566,0.583255,-0.003311,2026-09-25,2026-09-25,,220,220,7,11,0.12689862
v16,balanced,mid,stock,0.0,legacy,ledger_weekly,1.73261,1.73261,0.0,1.675251,1.675251,0.0,1.034239,1.034239,0.0,0.960432,0.960432,0.0,2026-09-25,2026-09-25,,0,0,0,0,1.0
v16,balanced,mid,stock,0.0,zero,ledger_weekly,1.730348,1.730348,0.0,1.675251,1.675251,0.0,1.032889,1.032889,0.0,0.959178,0.959178,0.0,2026-09-25,2026-09-25,,0,0,0,0,1.0
v16,balanced,mid,stock,0.0,loss,ledger_weekly,0.848599,0.848599,0.0,1.675251,1.675251,0.0,0.50655,0.50655,0.0,0.470401,0.470401,0.0,2026-09-25,2026-09-25,,0,0,0,0,1.0
v16,balanced,mid,stock,10.0,legacy,ledger_weekly,1.289284,1.289284,0.0,1.245846,1.245846,0.0,1.034866,1.034866,0.0,0.714685,0.714685,0.0,2026-09-25,2026-09-25,,0,0,0,0,1.0
v16,balanced,mid,stock,10.0,zero,ledger_weekly,1.287601,1.287601,0.0,1.245846,1.245846,0.0,1.033515,1.033515,0.0,0.713752,0.713752,0.0,2026-09-25,2026-09-25,,0,0,0,0,1.0
v16,balanced,mid,stock,10.0,loss,ledger_weekly,0.631467,0.631467,0.0,1.245846,1.245846,0.0,0.506858,0.506858,0.0,0.350039,0.350039,0.0,2026-09-25,2026-09-25,,0,0,0,0,1.0
v16,balanced,short,mixed,0.0,legacy,ledger_h63,1.448804,1.43996,-0.008844,1.675407,1.696978,0.021571,0.864748,0.848544,-0.016204,0.803111,0.798209,-0.004902,2026-09-25,2026-09-25,,220,220,4,11,0.14050125
v16,balanced,short,mixed,0.0,zero,ledger_h63,1.471591,1.462555,-0.009036,1.675407,1.696978,0.021571,0.878348,0.861859,-0.016489,0.815742,0.810734,-0.005008,2026-09-25,2026-09-25,,220,220,4,11,0.14024635
v16,balanced,short,mixed,0.0,loss,ledger_h63,0.93774,0.933264,-0.004476,1.675407,1.696978,0.021571,0.559709,0.549956,-0.009753,0.519815,0.517333,-0.002482,2026-09-25,2026-09-25,,220,220,4,11,0.14134994
v16,balanced,short,mixed,10.0,legacy,ledger_h63,1.41843,1.408549,-0.009881,1.640327,1.66006,0.019733,0.864724,0.848493,-0.016231,0.786274,0.780796,-0.005478,2026-09-25,2026-09-25,,220,220,4,11,0.14050749
v16,balanced,short,mixed,10.0,zero,ledger_h63,1.440738,1.43065,-0.010088,1.640327,1.66006,0.019733,0.878323,0.861806,-0.016517,0.79864,0.793048,-0.005592,2026-09-25,2026-09-25,,220,220,4,11,0.14025266
v16,balanced,short,mixed,10.0,loss,ledger_h63,0.918107,0.912933,-0.005174,1.640327,1.66006,0.019733,0.559709,0.54994,-0.009769,0.508931,0.506063,-0.002868,2026-09-25,2026-09-25,,220,220,4,11,0.14135206
v16,balanced,short,mixed,0.0,legacy,ledger_weekly,1.448399,1.448399,0.0,1.675251,1.675251,0.0,0.864586,0.864586,0.0,0.802886,0.802886,0.0,2026-09-25,2026-09-25,,0,0,0,0,1.0
v16,balanced,short,mixed,0.0,zero,ledger_weekly,1.445111,1.445111,0.0,1.675251,1.675251,0.0,0.862623,0.862623,0.0,0.801064,0.801064,0.0,2026-09-25,2026-09-25,,0,0,0,0,1.0
v16,balanced,short,mixed,0.0,loss,ledger_weekly,0.914188,0.914188,0.0,1.675251,1.675251,0.0,0.545702,0.545702,0.0,0.506759,0.506759,0.0,2026-09-25,2026-09-25,,0,0,0,0,1.0
v16,balanced,short,mixed,10.0,legacy,ledger_weekly,1.077467,1.077467,0.0,1.245846,1.245846,0.0,0.864848,0.864848,0.0,0.597269,0.597269,0.0,2026-09-25,2026-09-25,,0,0,0,0,1.0
v16,balanced,short,mixed,10.0,zero,ledger_weekly,1.075021,1.075021,0.0,1.245846,1.245846,0.0,0.862884,0.862884,0.0,0.595913,0.595913,0.0,2026-09-25,2026-09-25,,0,0,0,0,1.0
v16,balanced,short,mixed,10.0,loss,ledger_weekly,0.680067,0.680067,0.0,1.245846,1.245846,0.0,0.545867,0.545867,0.0,0.376979,0.376979,0.0,2026-09-25,2026-09-25,,0,0,0,0,1.0
v16,balanced,short,stock,0.0,legacy,ledger_h63,1.648014,1.645122,-0.002892,1.675407,1.696978,0.021571,0.98365,0.969442,-0.014208,0.913538,0.911935,-0.001603,2026-09-25,2026-09-25,,220,220,5,11,0.1295728
v16,balanced,short,stock,0.0,zero,ledger_h63,1.682086,1.679058,-0.003028,1.675407,1.696978,0.021571,1.003986,0.98944,-0.014546,0.932425,0.930747,-0.001678,2026-09-25,2026-09-25,,220,220,5,11,0.12907593
v16,balanced,short,stock,0.0,loss,ledger_h63,0.972096,0.972023,-7.3e-05,1.675407,1.696978,0.021571,0.580215,0.572796,-0.007419,0.538859,0.538818,-4.1e-05,2026-09-25,2026-09-25,,220,220,5,11,0.13673922
v16,balanced,short,stock,10.0,legacy,ledger_h63,1.613465,1.609216,-0.004249,1.640327,1.66006,0.019733,0.983624,0.969372,-0.014252,0.894387,0.892032,-0.002355,2026-09-25,2026-09-25,,220,220,5,11,0.1295801
v16,balanced,short,stock,10.0,zero,ledger_h63,1.646828,1.642416,-0.004412,1.640327,1.66006,0.019733,1.003963,0.989371,-0.014592,0.912881,0.910435,-0.002446,2026-09-25,2026-09-25,,220,220,5,11,0.1290829
v16,balanced,short,stock,10.0,loss,ledger_h63,0.951731,0.950829,-0.000902,1.640327,1.66006,0.019733,0.580208,0.572768,-0.00744,0.52757,0.52707,-0.0005,2026-09-25,2026-09-25,,220,220,5,11,0.13674386
v16,balanced,short,stock,0.0,legacy,ledger_weekly,1.541341,1.541341,0.0,1.675251,1.675251,0.0,0.920066,0.920066,0.0,0.854407,0.854407,0.0,2026-09-25,2026-09-25,,0,0,0,0,1.0
v16,balanced,short,stock,0.0,zero,ledger_weekly,1.540034,1.540034,0.0,1.675251,1.675251,0.0,0.919285,0.919285,0.0,0.853682,0.853682,0.0,2026-09-25,2026-09-25,,0,0,0,0,1.0
v16,balanced,short,stock,0.0,loss,ledger_weekly,0.876828,0.876828,0.0,1.675251,1.675251,0.0,0.523401,0.523401,0.0,0.486049,0.486049,0.0,2026-09-25,2026-09-25,,0,0,0,0,1.0
v16,balanced,short,stock,10.0,legacy,ledger_weekly,1.146838,1.146838,0.0,1.245846,1.245846,0.0,0.920529,0.920529,0.0,0.635723,0.635723,0.0,2026-09-25,2026-09-25,,0,0,0,0,1.0
v16,balanced,short,stock,10.0,zero,ledger_weekly,1.145865,1.145865,0.0,1.245846,1.245846,0.0,0.919748,0.919748,0.0,0.635184,0.635184,0.0,2026-09-25,2026-09-25,,0,0,0,0,1.0
v16,balanced,short,stock,10.0,loss,ledger_weekly,0.652405,0.652405,0.0,1.245846,1.245846,0.0,0.523664,0.523664,0.0,0.361646,0.361646,0.0,2026-09-25,2026-09-25,,0,0,0,0,1.0
v16,conservative,long,mixed,0.0,legacy,ledger_h63,1.208737,1.147268,-0.061469,1.675407,1.696978,0.021571,0.721459,0.676065,-0.045394,0.670036,0.635961,-0.034075,2026-09-25,2026-09-25,,220,220,5,11,0.15291131
v16,conservative,long,mixed,0.0,zero,ledger_h63,1.220726,1.158597,-0.062129,1.675407,1.696978,0.021571,0.728614,0.682741,-0.045873,0.676681,0.642242,-0.034439,2026-09-25,2026-09-25,,220,220,5,11,0.15265322
v16,conservative,long,mixed,0.0,loss,ledger_h63,0.932032,0.885232,-0.0468,1.675407,1.696978,0.021571,0.556302,0.521652,-0.03465,0.51665,0.490708,-0.025942,2026-09-25,2026-09-25,,220,220,5,11,0.16140418
v16,conservative,long,mixed,10.0,legacy,ledger_h63,1.183484,1.122336,-0.061148,1.640327,1.66006,0.019733,0.721492,0.676082,-0.04541,0.656037,0.622141,-0.033896,2026-09-25,2026-09-25,,220,220,5,11,0.15290516
v16,conservative,long,mixed,10.0,zero,ledger_h63,1.195218,1.133416,-0.061802,1.640327,1.66006,0.019733,0.728646,0.682756,-0.04589,0.662541,0.628283,-0.034258,2026-09-25,2026-09-25,,220,220,5,11,0.15264754
v16,conservative,long,mixed,10.0,loss,ledger_h63,0.912596,0.866037,-0.046559,1.640327,1.66006,0.019733,0.55635,0.52169,-0.03466,0.505877,0.480067,-0.02581,2026-09-25,2026-09-25,,220,220,5,11,0.1613899
v16,conservative,long,mixed,0.0,legacy,ledger_weekly,1.077723,1.077723,0.0,1.675251,1.675251,0.0,0.64332,0.64332,0.0,0.597411,0.597411,0.0,2026-09-25,2026-09-25,,0,0,0,0,1.0
v16,conservative,long,mixed,0.0,zero,ledger_weekly,1.079044,1.079044,0.0,1.675251,1.675251,0.0,0.644109,0.644109,0.0,0.598143,0.598143,0.0,2026-09-25,2026-09-25,,0,0,0,0,1.0
v16,conservative,long,mixed,0.0,loss,ledger_weekly,0.832961,0.832961,0.0,1.675251,1.675251,0.0,0.497216,0.497216,0.0,0.461733,0.461733,0.0,2026-09-25,2026-09-25,,0,0,0,0,1.0
v16,conservative,long,mixed,10.0,legacy,ledger_weekly,0.801478,0.801478,0.0,1.245846,1.245846,0.0,0.64332,0.64332,0.0,0.444281,0.444281,0.0,2026-09-25,2026-09-25,,0,0,0,0,1.0
v16,conservative,long,mixed,10.0,zero,ledger_weekly,0.80246,0.80246,0.0,1.245846,1.245846,0.0,0.644109,0.644109,0.0,0.444825,0.444825,0.0,2026-09-25,2026-09-25,,0,0,0,0,1.0
v16,conservative,long,mixed,10.0,loss,ledger_weekly,0.619454,0.619454,0.0,1.245846,1.245846,0.0,0.497216,0.497216,0.0,0.34338,0.34338,0.0,2026-09-25,2026-09-25,,0,0,0,0,1.0
v16,conservative,long,stock,0.0,legacy,ledger_h63,1.235964,1.172464,-0.0635,1.675407,1.696978,0.021571,0.73771,0.690913,-0.046797,0.685128,0.649928,-0.0352,2026-09-25,2026-09-25,,220,220,5,11,0.15169993
v16,conservative,long,stock,0.0,zero,ledger_h63,1.248196,1.184029,-0.064167,1.675407,1.696978,0.021571,0.745011,0.697728,-0.047283,0.691908,0.656339,-0.035569,2026-09-25,2026-09-25,,220,220,5,11,0.15144966
v16,conservative,long,stock,0.0,loss,ledger_h63,0.940652,0.892912,-0.04774,1.675407,1.696978,0.021571,0.561447,0.526178,-0.035269,0.521429,0.494965,-0.026464,2026-09-25,2026-09-25,,220,220,5,11,0.16222828
v16,conservative,long,stock,10.0,legacy,ledger_h63,1.21015,1.146992,-0.063158,1.640327,1.66006,0.019733,0.737749,0.690934,-0.046815,0.670819,0.635808,-0.035011,2026-09-25,2026-09-25,,220,220,5,11,0.15169288
v16,conservative,long,stock,10.0,zero,ledger_h63,1.222124,1.158303,-0.063821,1.640327,1.66006,0.019733,0.745049,0.697748,-0.047301,0.677456,0.642078,-0.035378,2026-09-25,2026-09-25,,220,220,5,11,0.15144302
v16,conservative,long,stock,10.0,loss,ledger_h63,0.921044,0.873557,-0.047487,1.640327,1.66006,0.019733,0.5615,0.52622,-0.03528,0.51056,0.484236,-0.026324,2026-09-25,2026-09-25,,220,220,5,11,0.16221258
v16,conservative,long,stock,0.0,legacy,ledger_weekly,1.1543,1.1543,0.0,1.675251,1.675251,0.0,0.689031,0.689031,0.0,0.63986,0.63986,0.0,2026-09-25,2026-09-25,,0,0,0,0,1.0
v16,conservative,long,stock,0.0,zero,ledger_weekly,1.155705,1.155705,0.0,1.675251,1.675251,0.0,0.68987,0.68987,0.0,0.640638,0.640638,0.0,2026-09-25,2026-09-25,,0,0,0,0,1.0
v16,conservative,long,stock,0.0,loss,ledger_weekly,0.893006,0.893006,0.0,1.675251,1.675251,0.0,0.533058,0.533058,0.0,0.495017,0.495017,0.0,2026-09-25,2026-09-25,,0,0,0,0,1.0
v16,conservative,long,stock,10.0,legacy,ledger_weekly,0.858427,0.858427,0.0,1.245846,1.245846,0.0,0.689031,0.689031,0.0,0.475849,0.475849,0.0,2026-09-25,2026-09-25,,0,0,0,0,1.0
v16,conservative,long,stock,10.0,zero,ledger_weekly,0.859472,0.859472,0.0,1.245846,1.245846,0.0,0.68987,0.68987,0.0,0.476428,0.476428,0.0,2026-09-25,2026-09-25,,0,0,0,0,1.0
v16,conservative,long,stock,10.0,loss,ledger_weekly,0.664108,0.664108,0.0,1.245846,1.245846,0.0,0.533058,0.533058,0.0,0.368133,0.368133,0.0,2026-09-25,2026-09-25,,0,0,0,0,1.0
v16,conservative,mid,mixed,0.0,legacy,ledger_h63,1.216428,1.1557,-0.060728,1.675407,1.696978,0.021571,0.726049,0.681034,-0.045015,0.674299,0.640635,-0.033664,2026-09-25,2026-09-25,,220,220,4,11,0.15745251
v16,conservative,mid,mixed,0.0,zero,ledger_h63,1.226662,1.165334,-0.061328,1.675407,1.696978,0.021571,0.732158,0.686711,-0.045447,0.679972,0.645976,-0.033996,2026-09-25,2026-09-25,,220,220,4,11,0.15678733
v16,conservative,mid,mixed,0.0,loss,ledger_h63,0.956833,0.910233,-0.0466,1.675407,1.696978,0.021571,0.571105,0.536385,-0.03472,0.530398,0.504567,-0.025831,2026-09-25,2026-09-25,,220,220,4,11,0.17234082
v16,conservative,mid,mixed,10.0,legacy,ledger_h63,1.191005,1.130582,-0.060423,1.640327,1.66006,0.019733,0.726078,0.681049,-0.045029,0.660206,0.626712,-0.033494,2026-09-25,2026-09-25,,220,220,4,11,0.15744662
v16,conservative,mid,mixed,10.0,zero,ledger_h63,1.201024,1.140005,-0.061019,1.640327,1.66006,0.019733,0.732185,0.686725,-0.04546,0.66576,0.631935,-0.033825,2026-09-25,2026-09-25,,220,220,4,11,0.15678169
v16,conservative,mid,mixed,10.0,loss,ledger_h63,0.936856,0.890483,-0.046373,1.640327,1.66006,0.019733,0.57114,0.536416,-0.034724,0.519324,0.493618,-0.025706,2026-09-25,2026-09-25,,220,220,4,11,0.17232814
v16,conservative,mid,mixed,0.0,legacy,ledger_weekly,1.079525,1.079525,0.0,1.675251,1.675251,0.0,0.644396,0.644396,0.0,0.59841,0.59841,0.0,2026-09-25,2026-09-25,,0,0,0,0,1.0
v16,conservative,mid,mixed,0.0,zero,ledger_weekly,1.08085,1.08085,0.0,1.675251,1.675251,0.0,0.645187,0.645187,0.0,0.599144,0.599144,0.0,2026-09-25,2026-09-25,,0,0,0,0,1.0
v16,conservative,mid,mixed,0.0,loss,ledger_weekly,0.834324,0.834324,0.0,1.675251,1.675251,0.0,0.49803,0.49803,0.0,0.462488,0.462488,0.0,2026-09-25,2026-09-25,,0,0,0,0,1.0
v16,conservative,mid,mixed,10.0,legacy,ledger_weekly,0.802819,0.802819,0.0,1.245846,1.245846,0.0,0.644396,0.644396,0.0,0.445024,0.445024,0.0,2026-09-25,2026-09-25,,0,0,0,0,1.0
v16,conservative,mid,mixed,10.0,zero,ledger_weekly,0.803803,0.803803,0.0,1.245846,1.245846,0.0,0.645187,0.645187,0.0,0.44557,0.44557,0.0,2026-09-25,2026-09-25,,0,0,0,0,1.0
v16,conservative,mid,mixed,10.0,loss,ledger_weekly,0.620468,0.620468,0.0,1.245846,1.245846,0.0,0.49803,0.49803,0.0,0.343942,0.343942,0.0,2026-09-25,2026-09-25,,0,0,0,0,1.0
v16,conservative,mid,stock,0.0,legacy,ledger_h63,1.247497,1.184624,-0.062873,1.675407,1.696978,0.021571,0.744594,0.698079,-0.046515,0.691521,0.656669,-0.034852,2026-09-25,2026-09-25,,220,220,4,11,0.16043505
v16,conservative,mid,stock,0.0,zero,ledger_h63,1.258566,1.195049,-0.063517,1.675407,1.696978,0.021571,0.7512,0.704222,-0.046978,0.697657,0.662448,-0.035209,2026-09-25,2026-09-25,,220,220,4,11,0.15970734
v16,conservative,mid,stock,0.0,loss,ledger_h63,0.970982,0.923236,-0.047746,1.675407,1.696978,0.021571,0.57955,0.544047,-0.035503,0.538241,0.511774,-0.026467,2026-09-25,2026-09-25,,220,220,4,11,0.17717256
v16,conservative,mid,stock,10.0,legacy,ledger_h63,1.221437,1.158893,-0.062544,1.640327,1.66006,0.019733,0.74463,0.698103,-0.046527,0.677075,0.642406,-0.034669,2026-09-25,2026-09-25,,220,220,4,11,0.16042693
v16,conservative,mid,stock,10.0,zero,ledger_h63,1.232274,1.169089,-0.063185,1.640327,1.66006,0.019733,0.751236,0.704245,-0.046991,0.683082,0.648057,-0.035025,2026-09-25,2026-09-25,,220,220,4,11,0.15969957
v16,conservative,mid,stock,10.0,loss,ledger_h63,0.950724,0.903221,-0.047503,1.640327,1.66006,0.019733,0.579594,0.544089,-0.035505,0.527012,0.500679,-0.026333,2026-09-25,2026-09-25,,220,220,4,11,0.17715608
v16,conservative,mid,stock,0.0,legacy,ledger_weekly,1.143127,1.143127,0.0,1.675251,1.675251,0.0,0.682362,0.682362,0.0,0.633666,0.633666,0.0,2026-09-25,2026-09-25,,0,0,0,0,1.0
v16,conservative,mid,stock,0.0,zero,ledger_weekly,1.144519,1.144519,0.0,1.675251,1.675251,0.0,0.683193,0.683193,0.0,0.634438,0.634438,0.0,2026-09-25,2026-09-25,,0,0,0,0,1.0
v16,conservative,mid,stock,0.0,loss,ledger_weekly,0.88433,0.88433,0.0,1.675251,1.675251,0.0,0.527879,0.527879,0.0,0.490208,0.490208,0.0,2026-09-25,2026-09-25,,0,0,0,0,1.0
v16,conservative,mid,stock,10.0,legacy,ledger_weekly,0.850118,0.850118,0.0,1.245846,1.245846,0.0,0.682362,0.682362,0.0,0.471243,0.471243,0.0,2026-09-25,2026-09-25,,0,0,0,0,1.0
v16,conservative,mid,stock,10.0,zero,ledger_weekly,0.851153,0.851153,0.0,1.245846,1.245846,0.0,0.683193,0.683193,0.0,0.471817,0.471817,0.0,2026-09-25,2026-09-25,,0,0,0,0,1.0
v16,conservative,mid,stock,10.0,loss,ledger_weekly,0.657656,0.657656,0.0,1.245846,1.245846,0.0,0.527879,0.527879,0.0,0.364557,0.364557,0.0,2026-09-25,2026-09-25,,0,0,0,0,1.0
v16,conservative,short,mixed,0.0,legacy,ledger_h63,1.214516,1.156467,-0.058049,1.675407,1.696978,0.021571,0.724908,0.681486,-0.043422,0.673239,0.641061,-0.032178,2026-09-25,2026-09-25,,220,220,3,11,0.16361214
v16,conservative,short,mixed,0.0,zero,ledger_h63,1.222883,1.164341,-0.058542,1.675407,1.696978,0.021571,0.729902,0.686126,-0.043776,0.677877,0.645426,-0.032451,2026-09-25,2026-09-25,,220,220,3,11,0.16266463
v16,conservative,short,mixed,0.0,loss,ledger_h63,0.985602,0.940024,-0.045578,1.675407,1.696978,0.021571,0.588277,0.55394,-0.034337,0.546346,0.521081,-0.025265,2026-09-25,2026-09-25,,220,220,3,11,0.18600113
v16,conservative,short,mixed,10.0,legacy,ledger_h63,1.189119,1.131329,-0.05779,1.640327,1.66006,0.019733,0.724928,0.681499,-0.043429,0.659161,0.627126,-0.032035,2026-09-25,2026-09-25,,220,220,3,11,0.16360658
v16,conservative,short,mixed,10.0,zero,ledger_h63,1.197311,1.139031,-0.05828,1.640327,1.66006,0.019733,0.729922,0.686138,-0.043784,0.663702,0.631395,-0.032307,2026-09-25,2026-09-25,,220,220,3,11,0.16265924
v16,conservative,short,mixed,10.0,loss,ledger_h63,0.965007,0.919624,-0.045383,1.640327,1.66006,0.019733,0.588302,0.553971,-0.034331,0.53493,0.509772,-0.025158,2026-09-25,2026-09-25,,220,220,3,11,0.18598801
v16,conservative,short,mixed,0.0,legacy,ledger_weekly,1.069862,1.069862,0.0,1.675251,1.675251,0.0,0.638628,0.638628,0.0,0.593053,0.593053,0.0,2026-09-25,2026-09-25,,0,0,0,0,1.0
v16,conservative,short,mixed,0.0,zero,ledger_weekly,1.071155,1.071155,0.0,1.675251,1.675251,0.0,0.6394,0.6394,0.0,0.59377,0.59377,0.0,2026-09-25,2026-09-25,,0,0,0,0,1.0
v16,conservative,short,mixed,0.0,loss,ledger_weekly,0.870578,0.870578,0.0,1.675251,1.675251,0.0,0.51967,0.51967,0.0,0.482585,0.482585,0.0,2026-09-25,2026-09-25,,0,0,0,0,1.0
v16,conservative,short,mixed,10.0,legacy,ledger_weekly,0.795632,0.795632,0.0,1.245846,1.245846,0.0,0.638628,0.638628,0.0,0.44104,0.44104,0.0,2026-09-25,2026-09-25,,0,0,0,0,1.0
v16,conservative,short,mixed,10.0,zero,ledger_weekly,0.796594,0.796594,0.0,1.245846,1.245846,0.0,0.6394,0.6394,0.0,0.441573,0.441573,0.0,2026-09-25,2026-09-25,,0,0,0,0,1.0
v16,conservative,short,mixed,10.0,loss,ledger_weekly,0.647429,0.647429,0.0,1.245846,1.245846,0.0,0.51967,0.51967,0.0,0.358887,0.358887,0.0,2026-09-25,2026-09-25,,0,0,0,0,1.0
v16,conservative,short,stock,0.0,legacy,ledger_h63,1.260008,1.198758,-0.06125,1.675407,1.696978,0.021571,0.752061,0.706408,-0.045653,0.698456,0.664504,-0.033952,2026-09-25,2026-09-25,,220,220,3,11,0.16677071
v16,conservative,short,stock,0.0,zero,ledger_h63,1.268866,1.207086,-0.06178,1.675407,1.696978,0.021571,0.757348,0.711315,-0.046033,0.703366,0.66912,-0.034246,2026-09-25,2026-09-25,,220,220,3,11,0.16578789
v16,conservative,short,stock,0.0,loss,ledger_h63,1.021993,0.974005,-0.047988,1.675407,1.696978,0.021571,0.609997,0.573965,-0.036032,0.566518,0.539917,-0.026601,2026-09-25,2026-09-25,,220,220,3,11,0.18983742
v16,conservative,short,stock,10.0,legacy,ledger_h63,1.233671,1.172714,-0.060957,1.640327,1.66006,0.019733,0.752088,0.706428,-0.04566,0.683857,0.650067,-0.03379,2026-09-25,2026-09-25,,220,220,3,11,0.16676315
v16,conservative,short,stock,10.0,zero,ledger_h63,1.242343,1.18086,-0.061483,1.640327,1.66006,0.019733,0.757375,0.711336,-0.046039,0.688664,0.654582,-0.034082,2026-09-25,2026-09-25,,220,220,3,11,0.16578056
v16,conservative,short,stock,10.0,loss,ledger_h63,1.00065,0.952882,-0.047768,1.640327,1.66006,0.019733,0.610031,0.574005,-0.036026,0.554687,0.528208,-0.026479,2026-09-25,2026-09-25,,220,220,3,11,0.18982113
v16,conservative,short,stock,0.0,legacy,ledger_weekly,1.121473,1.121473,0.0,1.675251,1.675251,0.0,0.669436,0.669436,0.0,0.621663,0.621663,0.0,2026-09-25,2026-09-25,,0,0,0,0,1.0
v16,conservative,short,stock,0.0,zero,ledger_weekly,1.122818,1.122818,0.0,1.675251,1.675251,0.0,0.670239,0.670239,0.0,0.622408,0.622408,0.0,2026-09-25,2026-09-25,,0,0,0,0,1.0
v16,conservative,short,stock,0.0,loss,ledger_weekly,0.913453,0.913453,0.0,1.675251,1.675251,0.0,0.545264,0.545264,0.0,0.506352,0.506352,0.0,2026-09-25,2026-09-25,,0,0,0,0,1.0
v16,conservative,short,stock,10.0,legacy,ledger_weekly,0.834014,0.834014,0.0,1.245846,1.245846,0.0,0.669436,0.669436,0.0,0.462316,0.462316,0.0,2026-09-25,2026-09-25,,0,0,0,0,1.0
v16,conservative,short,stock,10.0,zero,ledger_weekly,0.835015,0.835015,0.0,1.245846,1.245846,0.0,0.670239,0.670239,0.0,0.462871,0.462871,0.0,2026-09-25,2026-09-25,,0,0,0,0,1.0
v16,conservative,short,stock,10.0,loss,ledger_weekly,0.679314,0.679314,0.0,1.245846,1.245846,0.0,0.545264,0.545264,0.0,0.376562,0.376562,0.0,2026-09-25,2026-09-25,,0,0,0,0,1.0
