ticker,trading_date,origin,prod_triggered_at,replay_triggered_at,minutes_apart,price_diff_pct,prod_last_state,replay_last_state
ARM,2026-09-21,OPENING_RANGE_BREAKOUT,2026-09-21T16:08:12.969176+00:00,2026-09-21T16:08:12.969176+00:00,0.0,0.0,EXPIRED,EXPIRED
VNET,2026-09-21,OPENING_RANGE_BREAKOUT,2026-09-21T16:14:49.049993+00:00,2026-09-21T16:20:55.058448+00:00,6.1,0.0,EXPIRED,EXPIRED
VNET,2026-09-21,DAILY_BASE_BREAKOUT,2026-09-21T16:14:49.049993+00:00,2026-09-21T16:20:55.058448+00:00,6.1,0.0,EXPIRED,EXPIRED
ARM,2026-09-21,DAILY_BASE_BREAKOUT,2026-09-21T16:08:12.969176+00:00,2026-09-21T16:08:12.969176+00:00,0.0,0.0,EXPIRED,EXPIRED
GRAL,2026-09-21,OPENING_RANGE_BREAKOUT,2026-09-21T15:39:48.641390+00:00,2026-09-21T15:46:44.227281+00:00,6.9,0.995,EXPIRED,EXPIRED
WBD,2026-09-21,OPENING_RANGE_BREAKOUT,2026-09-21T14:45:07.958218+00:00,2026-09-21T14:45:07.958218+00:00,0.0,0.016,EXPIRED,EXPIRED
MSBT,2026-09-21,OPENING_RANGE_BREAKOUT,2026-09-21T15:19:06.328673+00:00,2026-09-21T15:25:55.704228+00:00,6.8,0.0,EXPIRED,EXPIRED
MSBT,2026-09-21,DAILY_BASE_BREAKOUT,2026-09-21T15:12:08.058683+00:00,2026-09-21T15:12:08.058683+00:00,0.0,0.0,EXPIRED,EXPIRED
FIGR,2026-09-21,PREMARKET_GAP,2026-09-21T14:25:15.087081+00:00,2026-09-21T14:25:15.087081+00:00,0.0,0.112,FAILED,EXPIRED
ZCSH,2026-09-21,PREMARKET_GAP,2026-09-21T14:16:29.172269+00:00,,,,EXPIRED,
MSTR,2026-09-21,PREMARKET_GAP,2026-09-21T14:16:29.172269+00:00,2026-09-21T14:16:29.172269+00:00,0.0,0.0,EXPIRED,EXPIRED
SECZ,2026-09-21,PREMARKET_GAP,2026-09-21T14:16:29.172269+00:00,2026-09-21T14:16:29.172269+00:00,0.0,0.0,EXPIRED,EXPIRED
FWDI,2026-09-21,PREMARKET_GAP,2026-09-21T14:16:29.172269+00:00,2026-09-21T14:16:29.172269+00:00,0.0,0.0,EXPIRED,EXPIRED
SBET,2026-09-21,PREMARKET_GAP,2026-09-21T14:16:29.172269+00:00,2026-09-21T14:16:29.172269+00:00,0.0,0.0,EXPIRED,EXPIRED
BNC,2026-09-21,PREMARKET_GAP,2026-09-21T14:16:29.172269+00:00,2026-09-21T14:16:29.172269+00:00,0.0,0.0,EXPIRED,EXPIRED
NUAI,2026-09-21,DAILY_BASE_BREAKOUT,2026-09-21T14:16:29.172269+00:00,2026-09-21T14:25:15.087081+00:00,8.8,0.261,EXPIRED,EXPIRED
XRP,2026-09-21,PREMARKET_GAP,2026-09-21T14:16:29.172269+00:00,2026-09-21T14:16:29.172269+00:00,0.0,0.0,EXPIRED,EXPIRED
WBD,2026-09-21,DAILY_BASE_BREAKOUT,2026-09-21T14:16:29.172269+00:00,2026-09-21T14:16:29.172269+00:00,0.0,0.0,EXPIRED,EXPIRED
BTDR,2026-09-21,PREMARKET_GAP,2026-09-21T14:16:29.172269+00:00,2026-09-21T14:16:29.172269+00:00,0.0,0.0,EXPIRED,EXPIRED
ARM,2026-09-21,PREMARKET_GAP,2026-09-21T14:16:29.172269+00:00,2026-09-21T14:16:29.172269+00:00,0.0,0.0,EXPIRED,EXPIRED
CRCL,2026-09-21,PREMARKET_GAP,2026-09-21T14:16:29.172269+00:00,2026-09-21T14:16:29.172269+00:00,0.0,0.0,EXPIRED,EXPIRED
USDE,2026-09-21,PREMARKET_GAP,2026-09-21T14:16:29.172269+00:00,2026-09-21T14:16:29.172269+00:00,0.0,0.0,EXPIRED,EXPIRED
AXTI,2026-09-21,PREMARKET_GAP,2026-09-21T14:16:29.172269+00:00,2026-09-21T14:16:29.172269+00:00,0.0,0.0,EXPIRED,EXPIRED
ACN,2026-09-21,PREMARKET_GAP,2026-09-21T14:16:29.172269+00:00,2026-09-21T14:16:29.172269+00:00,0.0,0.0,EXPIRED,EXPIRED
PSKY,2026-09-21,PREMARKET_GAP,2026-09-21T14:16:29.172269+00:00,2026-09-21T14:16:29.172269+00:00,0.0,0.0,FAILED,EXPIRED
XXI,2026-09-21,PREMARKET_GAP,2026-09-21T14:16:29.172269+00:00,2026-09-21T14:16:29.172269+00:00,0.0,0.0,EXPIRED,EXPIRED
HIVE,2026-09-21,PREMARKET_GAP,2026-09-21T14:16:29.172269+00:00,2026-09-21T14:16:29.172269+00:00,0.0,0.0,EXPIRED,EXPIRED
ABTC,2026-09-21,PREMARKET_GAP,2026-09-21T14:16:29.172269+00:00,2026-09-21T14:16:29.172269+00:00,0.0,0.0,EXPIRED,EXPIRED
VNET,2026-09-21,PREMARKET_GAP,2026-09-21T14:16:29.172269+00:00,2026-09-21T14:16:29.172269+00:00,0.0,0.0,EXPIRED,EXPIRED
CRML,2026-09-21,DAILY_BASE_BREAKOUT,2026-09-21T13:52:51.768911+00:00,2026-09-21T13:52:51.768911+00:00,0.0,2.451,EXPIRED,EXPIRED
BMNR,2026-09-21,PREMARKET_GAP,2026-09-21T13:45:59.307525+00:00,2026-09-21T13:45:59.307525+00:00,0.0,-1.289,EXPIRED,EXPIRED
INTC,2026-09-21,PREMARKET_GAP,2026-09-21T13:45:59.307525+00:00,2026-09-21T13:45:59.307525+00:00,0.0,-2.202,EXPIRED,EXPIRED
MSTY,2026-09-21,PREMARKET_GAP,2026-09-21T13:45:59.307525+00:00,2026-09-21T13:45:59.307525+00:00,0.0,-0.475,EXPIRED,EXPIRED
NUAI,2026-09-21,PREMARKET_GAP,2026-09-21T13:45:59.307525+00:00,2026-09-21T13:45:59.307525+00:00,0.0,-2.521,EXPIRED,EXPIRED
WBD,2026-09-21,PREMARKET_GAP,2026-09-21T13:45:59.307525+00:00,2026-09-21T13:45:59.307525+00:00,0.0,0.202,EXPIRED,EXPIRED
BKKT,2026-09-21,PREMARKET_GAP,2026-09-21T13:45:59.307525+00:00,2026-09-21T13:45:59.307525+00:00,0.0,-0.16,EXPIRED,EXPIRED
CRML,2026-09-21,PREMARKET_GAP,2026-09-21T13:45:59.307525+00:00,2026-09-21T13:45:59.307525+00:00,0.0,-1.861,EXPIRED,EXPIRED
CYPH,2026-09-21,PREMARKET_GAP,2026-09-21T14:16:29.172269+00:00,,,,FAILED,FAILED
ZCSH,2026-09-23,PREMARKET_GAP,2026-09-23T14:14:54.023129+00:00,2026-09-23T14:14:54.023129+00:00,0.0,0.141,EXPIRED,EXPIRED
CYPH,2026-09-23,PREMARKET_GAP,2026-09-23T14:14:54.023129+00:00,2026-09-23T14:52:15.412491+00:00,37.4,0.266,EXPIRED,EXPIRED
BWET,2026-09-23,PREMARKET_GAP,2026-09-23T14:14:54.023129+00:00,2026-09-23T14:14:54.023129+00:00,0.0,-0.772,EXPIRED,EXPIRED
USDE,2026-09-23,PREMARKET_GAP,2026-09-23T14:14:54.023129+00:00,,,,EXPIRED,FAILED
NICE,2026-09-23,PREMARKET_GAP,2026-09-23T14:14:54.023129+00:00,2026-09-23T14:14:54.023129+00:00,0.0,-0.855,EXPIRED,EXPIRED
INFQ,2026-09-23,PREMARKET_GAP,2026-09-23T14:14:54.023129+00:00,,,,EXPIRED,FAILED
WOR,2026-09-23,PREMARKET_GAP,2026-09-23T13:44:33.909966+00:00,2026-09-23T13:44:33.909966+00:00,0.0,-2.486,EXPIRED,EXPIRED
QUBT,2026-09-23,PREMARKET_GAP,2026-09-23T13:44:33.909966+00:00,,,,EXPIRED,
RGTI,2026-09-23,PREMARKET_GAP,2026-09-23T13:44:33.909966+00:00,,,,EXPIRED,FAILED
QNT,2026-09-23,PREMARKET_GAP,2026-09-23T13:44:33.909966+00:00,2026-09-23T13:44:33.909966+00:00,0.0,-0.642,EXPIRED,FAILED
VICR,2026-09-22,OPENING_RANGE_BREAKOUT,2026-09-22T18:50:15.001976+00:00,2026-09-22T18:50:15.001976+00:00,0.0,0.034,EXPIRED,EXPIRED
INOD,2026-09-22,OPENING_RANGE_BREAKOUT,2026-09-22T18:50:15.001976+00:00,2026-09-22T18:50:15.001976+00:00,0.0,-0.204,EXPIRED,EXPIRED
VKTX,2026-09-22,OPENING_RANGE_BREAKOUT,2026-09-22T19:18:29.700407+00:00,2026-09-22T19:18:29.700407+00:00,0.0,0.0,EXPIRED,EXPIRED
MSOS,2026-09-22,DAILY_BASE_BREAKOUT,2026-09-22T19:47:32.456855+00:00,2026-09-22T19:47:32.456855+00:00,0.0,0.094,EXPIRED,EXPIRED
BHE,2026-09-22,OPENING_RANGE_BREAKOUT,2026-09-22T19:47:32.456855+00:00,2026-09-22T19:47:32.456855+00:00,0.0,0.049,EXPIRED,EXPIRED
MSOS,2026-09-22,OPENING_RANGE_BREAKOUT,2026-09-22T19:40:18.669592+00:00,2026-09-22T19:40:18.669592+00:00,0.0,-0.314,EXPIRED,EXPIRED
MRNA,2026-09-22,OPENING_RANGE_BREAKOUT,2026-09-22T19:40:18.669592+00:00,2026-09-22T19:40:18.669592+00:00,0.0,-0.123,EXPIRED,EXPIRED
ABSI,2026-09-22,OPENING_RANGE_BREAKOUT,2026-09-22T19:25:13.411166+00:00,2026-09-22T19:25:13.411166+00:00,0.0,-0.94,EXPIRED,EXPIRED
HIMS,2026-09-22,OPENING_RANGE_BREAKOUT,2026-09-22T19:25:13.411166+00:00,2026-09-22T19:25:13.411166+00:00,0.0,0.177,EXPIRED,EXPIRED
HIMS,2026-09-22,DAILY_BASE_BREAKOUT,2026-09-22T19:25:13.411166+00:00,2026-09-22T19:25:13.411166+00:00,0.0,0.177,EXPIRED,EXPIRED
BLZE,2026-09-22,OPENING_RANGE_BREAKOUT,2026-09-22T19:11:25.202999+00:00,2026-09-22T19:11:25.202999+00:00,0.0,-0.105,EXPIRED,EXPIRED
UNG,2026-09-22,OPENING_RANGE_BREAKOUT,2026-09-22T19:04:55.200360+00:00,2026-09-22T19:11:25.202999+00:00,6.5,0.093,EXPIRED,EXPIRED
OMER,2026-09-22,DAILY_BASE_BREAKOUT,2026-09-22T18:50:15.001976+00:00,2026-09-22T18:50:15.001976+00:00,0.0,-0.836,EXPIRED,EXPIRED
VICR,2026-09-22,DAILY_BASE_BREAKOUT,2026-09-22T18:50:15.001976+00:00,2026-09-22T18:50:15.001976+00:00,0.0,0.034,EXPIRED,EXPIRED
OMER,2026-09-22,OPENING_RANGE_BREAKOUT,2026-09-22T18:50:15.001976+00:00,2026-09-22T18:50:15.001976+00:00,0.0,-0.836,EXPIRED,EXPIRED
INOD,2026-09-22,DAILY_BASE_BREAKOUT,2026-09-22T18:50:15.001976+00:00,2026-09-22T18:50:15.001976+00:00,0.0,-0.204,EXPIRED,EXPIRED
SGRY,2026-09-22,OPENING_RANGE_BREAKOUT,2026-09-22T17:16:35.699834+00:00,2026-09-22T17:22:59.375813+00:00,6.4,-1.495,EXPIRED,EXPIRED
SRAD,2026-09-22,OPENING_RANGE_BREAKOUT,2026-09-22T17:10:08.834136+00:00,2026-09-22T17:10:08.834136+00:00,0.0,-0.22,EXPIRED,EXPIRED
SRAD,2026-09-22,DAILY_BASE_BREAKOUT,2026-09-22T17:10:08.834136+00:00,2026-09-22T17:10:08.834136+00:00,0.0,-0.22,EXPIRED,EXPIRED
BFLY,2026-09-22,DAILY_BASE_BREAKOUT,2026-09-22T15:32:25.848502+00:00,2026-09-22T15:38:42.599173+00:00,6.3,-0.311,EXPIRED,EXPIRED
BFLY,2026-09-22,OPENING_RANGE_BREAKOUT,2026-09-22T15:32:25.848502+00:00,2026-09-22T15:38:42.599173+00:00,6.3,-0.311,EXPIRED,EXPIRED
GSOL,2026-09-18,OPENING_RANGE_BREAKOUT,2026-09-18T19:13:37.491397+00:00,2026-09-18T19:13:37.491397+00:00,0.0,0.0,EXPIRED,EXPIRED
GSOL,2026-09-18,DAILY_BASE_BREAKOUT,2026-09-18T19:13:37.491397+00:00,2026-09-18T19:13:37.491397+00:00,0.0,0.0,EXPIRED,EXPIRED
MSTR,2026-09-18,OPENING_RANGE_BREAKOUT,2026-09-18T19:00:53.338123+00:00,2026-09-18T19:00:53.338123+00:00,0.0,0.185,EXPIRED,EXPIRED
MSTY,2026-09-18,OPENING_RANGE_BREAKOUT,2026-09-18T18:54:40.973925+00:00,2026-09-18T18:54:40.973925+00:00,0.0,-0.215,EXPIRED,EXPIRED
ABTC,2026-09-18,OPENING_RANGE_BREAKOUT,2026-09-18T18:48:44.579357+00:00,2026-09-18T19:00:53.338123+00:00,12.1,0.149,EXPIRED,EXPIRED
ABTC,2026-09-18,DAILY_BASE_BREAKOUT,2026-09-18T18:48:44.579357+00:00,2026-09-18T18:54:40.973925+00:00,5.9,-0.696,EXPIRED,EXPIRED
COIN,2026-09-18,OPENING_RANGE_BREAKOUT,2026-09-18T18:36:05.130773+00:00,2026-09-18T18:42:30.938466+00:00,6.4,0.292,EXPIRED,EXPIRED
USDE,2026-09-18,OPENING_RANGE_BREAKOUT,2026-09-18T18:23:13.034080+00:00,2026-09-18T18:11:04.335458+00:00,-12.1,-0.708,EXPIRED,EXPIRED
USDE,2026-09-18,DAILY_BASE_BREAKOUT,2026-09-18T18:17:08.423776+00:00,2026-09-18T18:11:04.335458+00:00,-6.1,1.836,EXPIRED,EXPIRED
PPTA,2026-09-18,PREMARKET_GAP,2026-09-18T17:52:37.427619+00:00,2026-09-18T17:52:37.427619+00:00,0.0,-0.021,EXPIRED,EXPIRED
FWDI,2026-09-18,OPENING_RANGE_BREAKOUT,2026-09-18T17:39:56.686240+00:00,2026-09-18T17:46:10.212561+00:00,6.2,0.067,EXPIRED,EXPIRED
FWDI,2026-09-18,DAILY_BASE_BREAKOUT,2026-09-18T17:39:56.686240+00:00,2026-09-18T17:46:10.212561+00:00,6.2,0.067,EXPIRED,EXPIRED
GEMI,2026-09-18,DAILY_BASE_BREAKOUT,2026-09-18T16:44:52.058594+00:00,2026-09-18T16:57:10.868696+00:00,12.3,1.526,EXPIRED,EXPIRED
SOLZ,2026-09-18,OPENING_RANGE_BREAKOUT,2026-09-18T16:08:01.720100+00:00,2026-09-18T16:08:01.720100+00:00,0.0,0.091,EXPIRED,EXPIRED
SOLZ,2026-09-18,DAILY_BASE_BREAKOUT,2026-09-18T16:08:01.720100+00:00,2026-09-18T16:08:01.720100+00:00,0.0,0.091,EXPIRED,EXPIRED
GEMI,2026-09-18,OPENING_RANGE_BREAKOUT,2026-09-18T15:55:45.666790+00:00,2026-09-18T15:55:45.666790+00:00,0.0,0.411,EXPIRED,EXPIRED
BSOL,2026-09-18,OPENING_RANGE_BREAKOUT,2026-09-18T15:31:00.496965+00:00,2026-09-18T15:25:08.426341+00:00,-5.9,-0.419,EXPIRED,EXPIRED
SECZ,2026-09-18,OPENING_RANGE_BREAKOUT,2026-09-18T15:31:00.496965+00:00,2026-09-18T15:31:00.496965+00:00,0.0,-0.05,EXPIRED,EXPIRED
SECZ,2026-09-18,DAILY_BASE_BREAKOUT,2026-09-18T15:25:08.426341+00:00,2026-09-18T15:25:08.426341+00:00,0.0,-0.1,EXPIRED,EXPIRED
BSOL,2026-09-18,DAILY_BASE_BREAKOUT,2026-09-18T15:19:11.690314+00:00,2026-09-18T15:25:08.426341+00:00,5.9,0.464,EXPIRED,EXPIRED
ASST,2026-09-18,PREMARKET_GAP,2026-09-18T14:12:25.661148+00:00,2026-09-18T14:12:25.661148+00:00,0.0,0.18,EXPIRED,EXPIRED
USDE,2026-09-18,PREMARKET_GAP,2026-09-18T14:12:25.661148+00:00,2026-09-18T14:12:25.661148+00:00,0.0,0.113,EXPIRED,EXPIRED
BSOL,2026-09-18,PREMARKET_GAP,2026-09-18T13:53:23.554002+00:00,2026-09-18T13:53:23.554002+00:00,0.0,0.0,EXPIRED,EXPIRED
GSOL,2026-09-18,PREMARKET_GAP,2026-09-18T13:53:23.554002+00:00,2026-09-18T13:53:23.554002+00:00,0.0,0.0,EXPIRED,EXPIRED
BHYP,2026-09-18,PREMARKET_GAP,2026-09-18T13:46:28.687359+00:00,2026-09-18T13:46:28.687359+00:00,0.0,0.105,EXPIRED,EXPIRED
PURR,2026-09-18,PREMARKET_GAP,2026-09-18T13:46:28.687359+00:00,2026-09-18T13:46:28.687359+00:00,0.0,-1.1,EXPIRED,EXPIRED
BNC,2026-09-18,PREMARKET_GAP,2026-09-18T13:46:28.687359+00:00,2026-09-18T13:46:28.687359+00:00,0.0,-0.336,EXPIRED,EXPIRED
SECZ,2026-09-18,PREMARKET_GAP,2026-09-18T13:46:28.687359+00:00,2026-09-18T13:46:28.687359+00:00,0.0,-1.584,EXPIRED,EXPIRED
UNG,2026-09-24,DAILY_BASE_BREAKOUT,2026-09-24T16:19:50.674611+00:00,2026-09-24T16:25:35.838113+00:00,5.8,-0.174,EXPIRED,EXPIRED
UNG,2026-09-24,OPENING_RANGE_BREAKOUT,2026-09-24T16:19:50.674611+00:00,2026-09-24T16:25:35.838113+00:00,5.8,-0.174,EXPIRED,EXPIRED
QMCO,2026-09-24,MOMENTUM_SPIKE,2026-09-24T17:04:42.748489+00:00,2026-09-24T17:04:42.748489+00:00,0.0,1.06,EXPIRED,EXPIRED
RSKD,2026-09-24,OPENING_RANGE_BREAKOUT,2026-09-24T15:23:35.815748+00:00,2026-09-24T15:29:09.505225+00:00,5.6,-1.032,EXPIRED,EXPIRED
GDDY,2026-09-24,OPENING_RANGE_BREAKOUT,2026-09-24T15:23:35.815748+00:00,2026-09-24T15:23:35.815748+00:00,0.0,0.0,EXPIRED,EXPIRED
GLND,2026-09-24,OPENING_RANGE_BREAKOUT,2026-09-24T14:38:57.953026+00:00,2026-09-24T14:33:20.513732+00:00,-5.6,0.002,EXPIRED,EXPIRED
P,2026-09-24,PREMARKET_GAP,2026-09-24T14:13:51.333257+00:00,2026-09-24T14:13:51.333257+00:00,0.0,0.447,EXPIRED,EXPIRED
SECZ,2026-09-23,OPENING_RANGE_BREAKOUT,2026-09-23T19:44:29.539107+00:00,2026-09-23T19:44:29.539107+00:00,0.0,-0.615,EXPIRED,EXPIRED
MEI,2026-09-23,OPENING_RANGE_BREAKOUT,2026-09-23T19:44:29.539107+00:00,2026-09-23T19:51:20.532167+00:00,6.8,-0.066,EXPIRED,EXPIRED
SECZ,2026-09-23,MOMENTUM_SPIKE,2026-09-23T19:44:29.539107+00:00,2026-09-23T19:44:29.539107+00:00,0.0,-0.615,EXPIRED,EXPIRED
ACMR,2026-09-23,OPENING_RANGE_BREAKOUT,2026-09-23T19:03:05.005838+00:00,2026-09-23T19:03:05.005838+00:00,0.0,-0.13,EXPIRED,EXPIRED
FSLY,2026-09-23,OPENING_RANGE_BREAKOUT,2026-09-23T18:31:58.969120+00:00,2026-09-23T18:31:58.969120+00:00,0.0,0.135,EXPIRED,EXPIRED
QMCO,2026-09-23,OPENING_RANGE_BREAKOUT,2026-09-23T16:51:43.425939+00:00,2026-09-23T16:51:43.425939+00:00,0.0,0.234,EXPIRED,EXPIRED
QMCO,2026-09-24,OPENING_RANGE_BREAKOUT,2026-09-24T17:04:42.748489+00:00,2026-09-24T17:04:42.748489+00:00,0.0,1.06,EXPIRED,EXPIRED
SOFI,2026-09-22,PREMARKET_GAP,2026-09-22T14:01:49.203217+00:00,2026-09-22T14:14:32.388144+00:00,12.7,0.263,EXPIRED,EXPIRED
SHOP,2026-09-22,PREMARKET_GAP,2026-09-22T14:01:49.203217+00:00,2026-09-22T14:14:32.388144+00:00,12.7,0.195,EXPIRED,EXPIRED
BB,2026-09-22,PREMARKET_GAP,2026-09-22T14:01:49.203217+00:00,2026-09-22T14:14:32.388144+00:00,12.7,0.032,FAILED,EXPIRED
VKTX,2026-09-22,PREMARKET_GAP,2026-09-22T13:49:02.596066+00:00,2026-09-22T13:49:02.596066+00:00,0.0,-0.966,EXPIRED,EXPIRED
USDE,2026-09-22,PREMARKET_GAP,2026-09-22T14:01:49.203217+00:00,2026-09-22T14:14:32.388144+00:00,12.7,-0.446,EXPIRED,EXPIRED
VICR,2026-09-22,PREMARKET_GAP,2026-09-22T13:49:02.596066+00:00,2026-09-22T13:49:02.596066+00:00,0.0,0.004,EXPIRED,EXPIRED
NICE,2026-09-21,DAILY_BASE_BREAKOUT,2026-09-21T19:58:15.765888+00:00,,,,EXPIRED,
NICE,2026-09-21,OPENING_RANGE_BREAKOUT,2026-09-21T19:58:15.765888+00:00,,,,EXPIRED,
AMD,2026-09-21,OPENING_RANGE_BREAKOUT,2026-09-21T19:37:00.780064+00:00,2026-09-21T19:37:00.780064+00:00,0.0,-0.325,EXPIRED,EXPIRED
GRPN,2026-09-21,OPENING_RANGE_BREAKOUT,2026-09-21T19:37:00.780064+00:00,2026-09-21T19:43:28.740926+00:00,6.5,-0.482,EXPIRED,EXPIRED
AMD,2026-09-21,DAILY_BASE_BREAKOUT,2026-09-21T19:37:00.780064+00:00,2026-09-21T19:37:00.780064+00:00,0.0,-0.325,EXPIRED,EXPIRED
GRPN,2026-09-21,DAILY_BASE_BREAKOUT,2026-09-21T19:37:00.780064+00:00,2026-09-21T19:43:28.740926+00:00,6.5,-0.482,EXPIRED,EXPIRED
NUAI,2026-09-21,OPENING_RANGE_BREAKOUT,2026-09-21T18:54:32.622453+00:00,2026-09-21T19:02:43.769742+00:00,8.2,0.0,EXPIRED,EXPIRED
AMRX,2026-09-21,DAILY_BASE_BREAKOUT,2026-09-21T18:46:40.746972+00:00,2026-09-21T18:54:32.622453+00:00,7.9,0.293,EXPIRED,EXPIRED
AMRX,2026-09-21,OPENING_RANGE_BREAKOUT,2026-09-21T18:46:40.746972+00:00,2026-09-21T18:54:32.622453+00:00,7.9,0.293,EXPIRED,EXPIRED
META,2026-09-21,OPENING_RANGE_BREAKOUT,2026-09-21T18:20:48.497227+00:00,2026-09-21T18:20:48.497227+00:00,0.0,-0.058,EXPIRED,EXPIRED
WOR,2026-09-23,DAILY_BASE_BREAKOUT,2026-09-23T15:16:26.581465+00:00,2026-09-23T15:22:20.197142+00:00,5.9,-0.147,EXPIRED,EXPIRED
BFLY,2026-09-22,PREMARKET_GAP,2026-09-22T13:49:02.596066+00:00,2026-09-22T13:49:02.596066+00:00,0.0,-0.172,EXPIRED,EXPIRED
VKTX,2026-09-22,DAILY_BASE_BREAKOUT,2026-09-22T13:49:02.596066+00:00,2026-09-22T13:55:50.208407+00:00,6.8,5.201,EXPIRED,EXPIRED
GLND,2026-09-25,OPENING_RANGE_BREAKOUT,2026-09-25T16:00:48.661440+00:00,,,,RETESTING,
ARM,2026-09-25,PREMARKET_GAP,2026-09-25T14:11:38.110199+00:00,2026-09-25T14:11:38.110199+00:00,0.0,0.031,HOLDING,HOLDING
USDE,2026-09-25,PREMARKET_GAP,2026-09-25T14:11:38.110199+00:00,2026-09-25T14:11:38.110199+00:00,0.0,-0.202,HOLDING,HOLDING
XRP,2026-09-25,PREMARKET_GAP,2026-09-25T14:11:38.110199+00:00,2026-09-25T14:11:38.110199+00:00,0.0,-0.057,HOLDING,HOLDING
AKAM,2026-09-25,PREMARKET_GAP,2026-09-25T14:11:38.110199+00:00,2026-09-25T14:11:38.110199+00:00,0.0,0.189,RETESTING,RETESTING
PL,2026-09-25,PREMARKET_GAP,2026-09-25T14:11:38.110199+00:00,,,,HOLDING,
PPLI,2026-09-25,PREMARKET_GAP,2026-09-25T14:11:38.110199+00:00,2026-09-25T14:11:38.110199+00:00,0.0,-0.459,RETESTING,RETESTING
WTTR,2026-09-25,PREMARKET_GAP,2026-09-25T13:54:01.897157+00:00,2026-09-25T13:54:01.897157+00:00,0.0,0.0,RETESTING,RETESTING
PUBM,2026-09-24,OPENING_RANGE_BREAKOUT,2026-09-24T19:49:16.650793+00:00,2026-09-24T19:55:12.622053+00:00,5.9,-0.081,EXPIRED,EXPIRED
GRAL,2026-09-24,OPENING_RANGE_BREAKOUT,2026-09-24T19:37:36.731009+00:00,2026-09-24T19:37:36.731009+00:00,0.0,0.182,EXPIRED,EXPIRED
CDNA,2026-09-24,OPENING_RANGE_BREAKOUT,2026-09-24T19:31:44.544883+00:00,2026-09-24T19:31:44.544883+00:00,0.0,0.225,EXPIRED,EXPIRED
IONQ,2026-09-24,OPENING_RANGE_BREAKOUT,2026-09-24T19:25:53.125748+00:00,2026-09-24T19:25:53.125748+00:00,0.0,0.045,EXPIRED,EXPIRED
WRBY,2026-09-24,OPENING_RANGE_BREAKOUT,2026-09-24T19:08:58.815445+00:00,2026-09-24T19:08:58.815445+00:00,0.0,0.0,EXPIRED,EXPIRED
PRGO,2026-09-24,DAILY_BASE_BREAKOUT,2026-09-25T17:04:20.896062+00:00,2026-09-25T16:52:58.856622+00:00,-11.4,-1.143,EXPIRED,EXPIRED
BB,2026-09-24,OPENING_RANGE_BREAKOUT,2026-09-24T17:32:56.411657+00:00,2026-09-24T17:32:56.411657+00:00,0.0,-0.492,EXPIRED,EXPIRED
PRGO,2026-09-24,OPENING_RANGE_BREAKOUT,2026-09-24T17:16:06.217995+00:00,2026-09-24T17:16:06.217995+00:00,0.0,0.424,EXPIRED,EXPIRED
SNX,2026-09-23,OPENING_RANGE_BREAKOUT,2026-09-23T18:14:28.094929+00:00,,,,FAILED,
QMCO,2026-09-25,OPENING_RANGE_BREAKOUT,2026-09-25T16:47:16.595618+00:00,2026-09-25T16:47:16.595618+00:00,0.0,-0.489,HOLDING,HOLDING
PPLI,2026-09-25,OPENING_RANGE_BREAKOUT,2026-09-25T18:50:39.651455+00:00,2026-09-25T18:50:39.651455+00:00,0.0,0.375,HOLDING,HOLDING
