variant,profile,view,list_type,top,holding,period,days,mean_slot_pct,t_slot,mean_unfilled_pct,hit_rate,median_listed,days_short,turnover
d12m1,aggressive,long,mixed,10,5,ALL,148,0.133,0.41,0.137,0.476,10.0,0,0.614
d12m1,aggressive,long,mixed,10,5,P1,63,-0.115,-0.34,-0.115,0.444,10,0,0.6
d12m1,aggressive,long,mixed,10,5,P2,85,0.316,0.62,0.323,0.499,10,0,0.624
d12m1,aggressive,long,mixed,10,5,2023,12,-0.495,-0.82,-0.495,0.433,10.0,0,0.591
d12m1,aggressive,long,mixed,10,5,2024,51,-0.025,-0.06,-0.025,0.447,10,0,0.604
d12m1,aggressive,long,mixed,10,5,2025,50,0.51,1.07,0.525,0.497,10.0,0,0.614
d12m1,aggressive,long,mixed,10,5,2026,35,0.039,0.04,0.035,0.501,10,0,0.641
d12m1,aggressive,long,mixed,10,20,ALL,145,0.705,0.92,0.703,0.453,10,0,0.613
d12m1,aggressive,long,mixed,10,20,P1,63,0.36,0.37,0.36,0.452,10,0,0.6
d12m1,aggressive,long,mixed,10,20,P2,82,0.969,0.86,0.966,0.453,10.0,0,0.622
d12m1,aggressive,long,mixed,10,20,2023,12,-1.514,-3.11,-1.514,0.392,10.0,0,0.591
d12m1,aggressive,long,mixed,10,20,2024,51,0.801,0.69,0.801,0.467,10,0,0.604
d12m1,aggressive,long,mixed,10,20,2025,50,1.115,0.92,1.115,0.441,10.0,0,0.614
d12m1,aggressive,long,mixed,10,20,2026,32,0.742,0.34,0.735,0.472,10.0,0,0.639
d12m1,aggressive,long,mixed,10,63,ALL,137,1.5,0.85,1.504,0.423,10,0,0.605
d12m1,aggressive,long,mixed,10,63,P1,63,1.055,0.87,1.055,0.41,10,0,0.6
d12m1,aggressive,long,mixed,10,63,P2,74,1.88,0.61,1.887,0.435,10.0,0,0.61
d12m1,aggressive,long,mixed,10,63,2023,12,5.831,2.63,5.831,0.492,10.0,0,0.591
d12m1,aggressive,long,mixed,10,63,2024,51,-0.069,-0.07,-0.069,0.39,10,0,0.604
d12m1,aggressive,long,mixed,10,63,2025,50,2.95,0.88,2.919,0.462,10.0,0,0.614
d12m1,aggressive,long,mixed,10,63,2026,24,-0.35,-0.05,-0.264,0.379,10.0,0,0.604
d12m1,aggressive,long,mixed,20,5,ALL,148,0.044,0.17,0.045,0.476,20.0,0,0.558
d12m1,aggressive,long,mixed,20,5,P1,63,-0.206,-0.7,-0.206,0.446,20,0,0.548
d12m1,aggressive,long,mixed,20,5,P2,85,0.23,0.59,0.23,0.498,20,0,0.565
d12m1,aggressive,long,mixed,20,5,2023,12,-0.472,-0.97,-0.472,0.442,20.0,0,0.559
d12m1,aggressive,long,mixed,20,5,2024,51,-0.143,-0.41,-0.143,0.446,20,0,0.544
d12m1,aggressive,long,mixed,20,5,2025,50,0.272,0.78,0.277,0.485,20.0,0,0.564
d12m1,aggressive,long,mixed,20,5,2026,35,0.17,0.21,0.164,0.516,20,0,0.568
d12m1,aggressive,long,mixed,20,20,ALL,145,0.393,0.58,0.392,0.453,20,0,0.557
d12m1,aggressive,long,mixed,20,20,P1,63,0.132,0.17,0.134,0.442,20,0,0.548
d12m1,aggressive,long,mixed,20,20,P2,82,0.593,0.57,0.59,0.462,20.0,0,0.562
d12m1,aggressive,long,mixed,20,20,2023,12,-1.272,-1.95,-1.272,0.408,20.0,0,0.559
d12m1,aggressive,long,mixed,20,20,2024,51,0.463,0.48,0.465,0.45,20,0,0.544
d12m1,aggressive,long,mixed,20,20,2025,50,0.708,0.62,0.706,0.448,20.0,0,0.564
d12m1,aggressive,long,mixed,20,20,2026,32,0.415,0.21,0.408,0.484,20.0,0,0.561
d12m1,aggressive,long,mixed,20,63,ALL,137,1.761,1.0,1.766,0.436,20,0,0.551
d12m1,aggressive,long,mixed,20,63,P1,63,1.302,1.29,1.306,0.427,20,0,0.548
d12m1,aggressive,long,mixed,20,63,P2,74,2.152,0.69,2.158,0.445,20.0,0,0.553
d12m1,aggressive,long,mixed,20,63,2023,12,3.267,1.99,3.267,0.475,20.0,0,0.559
d12m1,aggressive,long,mixed,20,63,2024,51,0.84,0.89,0.845,0.415,20,0,0.544
d12m1,aggressive,long,mixed,20,63,2025,50,3.664,1.07,3.665,0.471,20.0,0,0.564
d12m1,aggressive,long,mixed,20,63,2026,24,-1.0,-0.15,-0.98,0.39,20.0,0,0.533
d12m1,aggressive,long,stock,10,5,ALL,148,0.187,0.55,0.191,0.487,10.0,0,0.584
d12m1,aggressive,long,stock,10,5,P1,63,-0.059,-0.16,-0.059,0.473,10,0,0.56
d12m1,aggressive,long,stock,10,5,P2,85,0.369,0.71,0.376,0.498,10,0,0.601
d12m1,aggressive,long,stock,10,5,2023,12,-0.538,-0.76,-0.538,0.45,10.0,0,0.573
d12m1,aggressive,long,stock,10,5,2024,51,0.053,0.13,0.053,0.478,10,0,0.558
d12m1,aggressive,long,stock,10,5,2025,50,0.402,0.81,0.416,0.491,10.0,0,0.59
d12m1,aggressive,long,stock,10,5,2026,35,0.321,0.31,0.319,0.506,10,0,0.621
d12m1,aggressive,long,stock,10,20,ALL,145,0.936,1.22,0.934,0.486,10,0,0.583
d12m1,aggressive,long,stock,10,20,P1,63,0.777,0.81,0.777,0.516,10,0,0.56
d12m1,aggressive,long,stock,10,20,P2,82,1.058,0.93,1.055,0.463,10.0,0,0.601
d12m1,aggressive,long,stock,10,20,2023,12,-1.049,-1.68,-1.049,0.408,10.0,0,0.573
d12m1,aggressive,long,stock,10,20,2024,51,1.206,1.04,1.206,0.541,10,0,0.558
d12m1,aggressive,long,stock,10,20,2025,50,0.956,0.76,0.955,0.451,10.0,0,0.59
d12m1,aggressive,long,stock,10,20,2026,32,1.217,0.56,1.211,0.481,10.0,0,0.623
d12m1,aggressive,long,stock,10,63,ALL,137,2.301,1.27,2.306,0.458,10,0,0.579
d12m1,aggressive,long,stock,10,63,P1,63,2.254,1.84,2.254,0.476,10,0,0.56
d12m1,aggressive,long,stock,10,63,P2,74,2.342,0.74,2.351,0.443,10.0,0,0.595
d12m1,aggressive,long,stock,10,63,2023,12,7.154,3.15,7.154,0.517,10.0,0,0.573
d12m1,aggressive,long,stock,10,63,2024,51,1.101,1.12,1.101,0.467,10,0,0.558
d12m1,aggressive,long,stock,10,63,2025,50,3.542,1.05,3.511,0.472,10.0,0,0.59
d12m1,aggressive,long,stock,10,63,2026,24,-0.158,-0.02,-0.068,0.383,10.0,0,0.609
d12m1,aggressive,long,stock,20,5,ALL,148,0.066,0.25,0.065,0.484,20.0,1,0.542
d12m1,aggressive,long,stock,20,5,P1,63,-0.054,-0.17,-0.053,0.476,20,0,0.528
d12m1,aggressive,long,stock,20,5,P2,85,0.155,0.39,0.152,0.49,20,1,0.552
d12m1,aggressive,long,stock,20,5,2023,12,-0.422,-0.78,-0.422,0.458,20.0,0,0.527
d12m1,aggressive,long,stock,20,5,2024,51,0.033,0.09,0.034,0.48,20,0,0.528
d12m1,aggressive,long,stock,20,5,2025,50,0.156,0.44,0.155,0.481,20.0,1,0.552
d12m1,aggressive,long,stock,20,5,2026,35,0.153,0.19,0.148,0.502,20,0,0.551
d12m1,aggressive,long,stock,20,20,ALL,145,0.513,0.73,0.501,0.472,20,1,0.542
d12m1,aggressive,long,stock,20,20,P1,63,0.726,0.86,0.728,0.495,20,0,0.528
d12m1,aggressive,long,stock,20,20,P2,82,0.35,0.33,0.326,0.455,20.0,1,0.552
d12m1,aggressive,long,stock,20,20,2023,12,-1.222,-1.46,-1.222,0.4,20.0,0,0.527
d12m1,aggressive,long,stock,20,20,2024,51,1.185,1.19,1.187,0.517,20,0,0.528
d12m1,aggressive,long,stock,20,20,2025,50,0.42,0.36,0.384,0.449,20.0,1,0.552
d12m1,aggressive,long,stock,20,20,2026,32,0.239,0.12,0.235,0.463,20.0,0,0.553
d12m1,aggressive,long,stock,20,63,ALL,137,2.518,1.4,2.474,0.464,20,1,0.539
d12m1,aggressive,long,stock,20,63,P1,63,3.055,2.61,3.06,0.493,20,0,0.528
d12m1,aggressive,long,stock,20,63,P2,74,2.06,0.65,1.976,0.44,20.0,1,0.548
d12m1,aggressive,long,stock,20,63,2023,12,5.133,2.04,5.133,0.496,20.0,0,0.527
d12m1,aggressive,long,stock,20,63,2024,51,2.566,2.43,2.572,0.493,20,0,0.528
d12m1,aggressive,long,stock,20,63,2025,50,3.53,1.03,3.392,0.465,20.0,1,0.552
d12m1,aggressive,long,stock,20,63,2026,24,-1.001,-0.15,-0.975,0.388,20.0,0,0.539
d12m1,aggressive,mid,mixed,10,5,ALL,148,0.27,0.85,0.275,0.468,10.0,0,0.629
d12m1,aggressive,mid,mixed,10,5,P1,63,0.031,0.09,0.032,0.439,10,0,0.627
d12m1,aggressive,mid,mixed,10,5,P2,85,0.448,0.9,0.455,0.489,10,0,0.632
d12m1,aggressive,mid,mixed,10,5,2023,12,-0.315,-0.55,-0.315,0.433,10.0,0,0.6
d12m1,aggressive,mid,mixed,10,5,2024,51,0.112,0.29,0.114,0.44,10,0,0.632
d12m1,aggressive,mid,mixed,10,5,2025,50,0.483,0.92,0.506,0.476,10.0,0,0.618
d12m1,aggressive,mid,mixed,10,5,2026,35,0.397,0.42,0.382,0.509,10,0,0.656
d12m1,aggressive,mid,mixed,10,20,ALL,145,0.61,0.83,0.607,0.456,10,0,0.626
d12m1,aggressive,mid,mixed,10,20,P1,63,0.086,0.11,0.09,0.447,10,0,0.627
d12m1,aggressive,mid,mixed,10,20,P2,82,1.012,0.9,1.004,0.464,10.0,0,0.627
d12m1,aggressive,mid,mixed,10,20,2023,12,-1.795,-2.74,-1.795,0.383,10.0,0,0.6
d12m1,aggressive,mid,mixed,10,20,2024,51,0.528,0.56,0.533,0.462,10,0,0.632
d12m1,aggressive,mid,mixed,10,20,2025,50,0.837,0.66,0.835,0.443,10.0,0,0.618
d12m1,aggressive,mid,mixed,10,20,2026,32,1.285,0.61,1.269,0.497,10.0,0,0.645
d12m1,aggressive,mid,mixed,10,63,ALL,137,1.566,0.86,1.575,0.427,10,0,0.618
d12m1,aggressive,mid,mixed,10,63,P1,63,0.688,0.59,0.704,0.406,10,0,0.627
d12m1,aggressive,mid,mixed,10,63,P2,74,2.313,0.73,2.317,0.445,10.0,0,0.612
d12m1,aggressive,mid,mixed,10,63,2023,12,4.334,1.87,4.334,0.467,10.0,0,0.6
d12m1,aggressive,mid,mixed,10,63,2024,51,-0.17,-0.16,-0.15,0.392,10,0,0.632
d12m1,aggressive,mid,mixed,10,63,2025,50,3.033,0.88,2.993,0.464,10.0,0,0.618
d12m1,aggressive,mid,mixed,10,63,2026,24,0.814,0.12,0.909,0.405,10.0,0,0.604
d12m1,aggressive,mid,mixed,20,5,ALL,148,-0.014,-0.05,-0.014,0.475,20.0,0,0.579
d12m1,aggressive,mid,mixed,20,5,P1,63,-0.229,-0.77,-0.229,0.44,20,0,0.573
d12m1,aggressive,mid,mixed,20,5,P2,85,0.146,0.39,0.145,0.501,20,0,0.583
d12m1,aggressive,mid,mixed,20,5,2023,12,-0.403,-0.87,-0.403,0.438,20.0,0,0.573
d12m1,aggressive,mid,mixed,20,5,2024,51,-0.188,-0.54,-0.188,0.441,20,0,0.572
d12m1,aggressive,mid,mixed,20,5,2025,50,0.21,0.61,0.214,0.496,20.0,0,0.573
d12m1,aggressive,mid,mixed,20,5,2026,35,0.055,0.07,0.047,0.508,20,0,0.599
d12m1,aggressive,mid,mixed,20,20,ALL,145,0.11,0.17,0.108,0.442,20,0,0.577
d12m1,aggressive,mid,mixed,20,20,P1,63,-0.146,-0.19,-0.145,0.426,20,0,0.573
d12m1,aggressive,mid,mixed,20,20,P2,82,0.307,0.31,0.303,0.455,20.0,0,0.58
d12m1,aggressive,mid,mixed,20,20,2023,12,-1.197,-1.56,-1.197,0.4,20.0,0,0.573
d12m1,aggressive,mid,mixed,20,20,2024,51,0.101,0.11,0.103,0.432,20,0,0.572
d12m1,aggressive,mid,mixed,20,20,2025,50,0.566,0.5,0.566,0.449,20.0,0,0.573
d12m1,aggressive,mid,mixed,20,20,2026,32,-0.099,-0.05,-0.108,0.464,20.0,0,0.592
d12m1,aggressive,mid,mixed,20,63,ALL,137,1.277,0.7,1.282,0.43,20,0,0.569
d12m1,aggressive,mid,mixed,20,63,P1,63,0.642,0.76,0.646,0.415,20,0,0.573
d12m1,aggressive,mid,mixed,20,63,P2,74,1.817,0.56,1.823,0.443,20.0,0,0.566
d12m1,aggressive,mid,mixed,20,63,2023,12,1.666,1.55,1.666,0.446,20.0,0,0.573
d12m1,aggressive,mid,mixed,20,63,2024,51,0.401,0.44,0.406,0.407,20,0,0.572
d12m1,aggressive,mid,mixed,20,63,2025,50,3.473,0.93,3.474,0.472,20.0,0,0.573
d12m1,aggressive,mid,mixed,20,63,2026,24,-1.632,-0.26,-1.616,0.384,20.0,0,0.554
d12m1,aggressive,mid,stock,10,5,ALL,148,0.275,0.84,0.28,0.484,10.0,0,0.6
d12m1,aggressive,mid,stock,10,5,P1,63,0.073,0.21,0.075,0.475,10,0,0.581
d12m1,aggressive,mid,stock,10,5,P2,85,0.425,0.84,0.433,0.49,10,0,0.615
d12m1,aggressive,mid,stock,10,5,2023,12,-0.578,-0.83,-0.578,0.458,10.0,0,0.555
d12m1,aggressive,mid,stock,10,5,2024,51,0.226,0.56,0.228,0.48,10,0,0.588
d12m1,aggressive,mid,stock,10,5,2025,50,0.548,1.06,0.571,0.484,10.0,0,0.604
d12m1,aggressive,mid,stock,10,5,2026,35,0.25,0.26,0.235,0.5,10,0,0.632
d12m1,aggressive,mid,stock,10,20,ALL,145,0.925,1.21,0.922,0.485,10,0,0.599
d12m1,aggressive,mid,stock,10,20,P1,63,0.729,0.85,0.733,0.514,10,0,0.581
d12m1,aggressive,mid,stock,10,20,P2,82,1.076,0.91,1.068,0.462,10.0,0,0.615
d12m1,aggressive,mid,stock,10,20,2023,12,-1.369,-1.81,-1.369,0.392,10.0,0,0.555
d12m1,aggressive,mid,stock,10,20,2024,51,1.223,1.2,1.228,0.542,10,0,0.588
d12m1,aggressive,mid,stock,10,20,2025,50,1.013,0.79,1.011,0.449,10.0,0,0.604
d12m1,aggressive,mid,stock,10,20,2026,32,1.173,0.52,1.156,0.484,10.0,0,0.632
d12m1,aggressive,mid,stock,10,63,ALL,137,2.483,1.36,2.492,0.457,10,0,0.593
d12m1,aggressive,mid,stock,10,63,P1,63,1.936,1.48,1.952,0.466,10,0,0.581
d12m1,aggressive,mid,stock,10,63,P2,74,2.948,0.93,2.952,0.449,10.0,0,0.604
d12m1,aggressive,mid,stock,10,63,2023,12,5.527,2.93,5.527,0.492,10.0,0,0.555
d12m1,aggressive,mid,stock,10,63,2024,51,1.091,0.93,1.11,0.46,10,0,0.588
d12m1,aggressive,mid,stock,10,63,2025,50,3.957,1.2,3.917,0.47,10.0,0,0.604
d12m1,aggressive,mid,stock,10,63,2026,24,0.847,0.12,0.94,0.404,10.0,0,0.604
d12m1,aggressive,mid,stock,20,5,ALL,148,0.059,0.23,0.054,0.493,20.0,1,0.563
d12m1,aggressive,mid,stock,20,5,P1,63,-0.081,-0.26,-0.081,0.481,20,0,0.558
d12m1,aggressive,mid,stock,20,5,P2,85,0.163,0.44,0.154,0.503,20,1,0.567
d12m1,aggressive,mid,stock,20,5,2023,12,-0.442,-0.83,-0.442,0.454,20.0,0,0.559
d12m1,aggressive,mid,stock,20,5,2024,51,0.004,0.01,0.004,0.487,20,0,0.559
d12m1,aggressive,mid,stock,20,5,2025,50,0.177,0.5,0.168,0.497,20.0,1,0.564
d12m1,aggressive,mid,stock,20,5,2026,35,0.142,0.19,0.134,0.51,20,0,0.572
d12m1,aggressive,mid,stock,20,20,ALL,145,0.28,0.42,0.262,0.464,20,1,0.563
d12m1,aggressive,mid,stock,20,20,P1,63,0.359,0.48,0.362,0.481,20,0,0.558
d12m1,aggressive,mid,stock,20,20,P2,82,0.219,0.21,0.185,0.451,20.0,1,0.566
d12m1,aggressive,mid,stock,20,20,2023,12,-0.959,-1.24,-0.959,0.404,20.0,0,0.559
d12m1,aggressive,mid,stock,20,20,2024,51,0.669,0.75,0.672,0.5,20,0,0.559
d12m1,aggressive,mid,stock,20,20,2025,50,0.339,0.3,0.29,0.452,20.0,1,0.564
d12m1,aggressive,mid,stock,20,20,2026,32,0.031,0.02,0.021,0.45,20.0,0,0.571
d12m1,aggressive,mid,stock,20,63,ALL,137,1.999,1.1,1.96,0.456,20,1,0.56
d12m1,aggressive,mid,stock,20,63,P1,63,2.224,2.64,2.229,0.475,20,0,0.558
d12m1,aggressive,mid,stock,20,63,P2,74,1.808,0.55,1.732,0.441,20.0,1,0.56
d12m1,aggressive,mid,stock,20,63,2023,12,3.966,2.45,3.966,0.475,20.0,0,0.559
d12m1,aggressive,mid,stock,20,63,2024,51,1.814,2.27,1.82,0.475,20,0,0.559
d12m1,aggressive,mid,stock,20,63,2025,50,3.395,0.92,3.274,0.467,20.0,1,0.564
d12m1,aggressive,mid,stock,20,63,2026,24,-1.496,-0.24,-1.48,0.386,20.0,0,0.554
d12m1,aggressive,short,mixed,10,5,ALL,148,0.232,0.83,0.232,0.481,10.0,0,0.666
d12m1,aggressive,short,mixed,10,5,P1,63,-0.021,-0.06,-0.021,0.429,10,0,0.671
d12m1,aggressive,short,mixed,10,5,P2,85,0.419,1.01,0.42,0.52,10,0,0.663
d12m1,aggressive,short,mixed,10,5,2023,12,0.061,0.1,0.061,0.4,10.0,0,0.636
d12m1,aggressive,short,mixed,10,5,2024,51,-0.04,-0.1,-0.041,0.436,10,0,0.676
d12m1,aggressive,short,mixed,10,5,2025,50,0.487,1.01,0.487,0.524,10.0,0,0.649
d12m1,aggressive,short,mixed,10,5,2026,35,0.322,0.44,0.324,0.514,10,0,0.685
d12m1,aggressive,short,mixed,10,20,ALL,145,-0.139,-0.21,-0.139,0.438,10,0,0.665
d12m1,aggressive,short,mixed,10,20,P1,63,0.096,0.11,0.094,0.418,10,0,0.671
d12m1,aggressive,short,mixed,10,20,P2,82,-0.32,-0.33,-0.318,0.453,10.0,0,0.66
d12m1,aggressive,short,mixed,10,20,2023,12,-1.191,-1.53,-1.191,0.375,10.0,0,0.636
d12m1,aggressive,short,mixed,10,20,2024,51,0.398,0.4,0.397,0.428,10,0,0.676
d12m1,aggressive,short,mixed,10,20,2025,50,-0.001,-0.0,-0.001,0.452,10.0,0,0.649
d12m1,aggressive,short,mixed,10,20,2026,32,-0.818,-0.55,-0.813,0.455,10.0,0,0.681
d12m1,aggressive,short,mixed,10,63,ALL,137,-0.015,-0.01,-0.013,0.396,10,0,0.659
d12m1,aggressive,short,mixed,10,63,P1,63,0.265,0.28,0.27,0.369,10,0,0.671
d12m1,aggressive,short,mixed,10,63,P2,74,-0.253,-0.07,-0.254,0.42,10.0,0,0.649
d12m1,aggressive,short,mixed,10,63,2023,12,1.189,1.15,1.189,0.367,10.0,0,0.636
d12m1,aggressive,short,mixed,10,63,2024,51,0.047,0.04,0.054,0.369,10,0,0.676
d12m1,aggressive,short,mixed,10,63,2025,50,2.124,0.48,2.124,0.45,10.0,0,0.649
d12m1,aggressive,short,mixed,10,63,2026,24,-5.206,-1.12,-5.208,0.357,10.0,0,0.652
d12m1,aggressive,short,mixed,20,5,ALL,148,0.016,0.07,0.015,0.476,20.0,0,0.612
d12m1,aggressive,short,mixed,20,5,P1,63,0.1,0.32,0.099,0.442,20,0,0.619
d12m1,aggressive,short,mixed,20,5,P2,85,-0.046,-0.13,-0.048,0.501,20,0,0.607
d12m1,aggressive,short,mixed,20,5,2023,12,-0.123,-0.23,-0.123,0.433,20.0,0,0.6
d12m1,aggressive,short,mixed,20,5,2024,51,0.152,0.42,0.151,0.444,20,0,0.621
d12m1,aggressive,short,mixed,20,5,2025,50,0.255,0.64,0.254,0.509,20.0,0,0.587
d12m1,aggressive,short,mixed,20,5,2026,35,-0.477,-0.75,-0.479,0.491,20,0,0.638
d12m1,aggressive,short,mixed,20,20,ALL,145,-0.448,-0.73,-0.447,0.423,20,0,0.61
d12m1,aggressive,short,mixed,20,20,P1,63,-0.141,-0.18,-0.141,0.409,20,0,0.619
d12m1,aggressive,short,mixed,20,20,P2,82,-0.684,-0.76,-0.682,0.434,20.0,0,0.603
d12m1,aggressive,short,mixed,20,20,2023,12,-1.514,-2.6,-1.514,0.362,20.0,0,0.6
d12m1,aggressive,short,mixed,20,20,2024,51,0.182,0.19,0.183,0.421,20,0,0.621
d12m1,aggressive,short,mixed,20,20,2025,50,-0.067,-0.06,-0.062,0.438,20.0,0,0.587
d12m1,aggressive,short,mixed,20,20,2026,32,-1.647,-1.34,-1.652,0.427,20.0,0,0.631
d12m1,aggressive,short,mixed,20,63,ALL,137,-0.157,-0.08,-0.152,0.403,20,0,0.606
d12m1,aggressive,short,mixed,20,63,P1,63,-0.492,-0.61,-0.497,0.374,20,0,0.619
d12m1,aggressive,short,mixed,20,63,P2,74,0.128,0.04,0.141,0.428,20.0,0,0.595
d12m1,aggressive,short,mixed,20,63,2023,12,-0.56,-1.19,-0.56,0.375,20.0,0,0.6
d12m1,aggressive,short,mixed,20,63,2024,51,-0.476,-0.49,-0.482,0.373,20,0,0.621
d12m1,aggressive,short,mixed,20,63,2025,50,2.882,0.67,2.905,0.472,20.0,0,0.587
d12m1,aggressive,short,mixed,20,63,2026,24,-5.611,-1.49,-5.616,0.337,20.0,0,0.613
d12m1,aggressive,short,stock,10,5,ALL,148,0.176,0.61,0.174,0.491,10.0,0,0.649
d12m1,aggressive,short,stock,10,5,P1,63,0.072,0.21,0.071,0.463,10,0,0.648
d12m1,aggressive,short,stock,10,5,P2,85,0.254,0.59,0.251,0.511,10,0,0.65
d12m1,aggressive,short,stock,10,5,2023,12,0.288,0.4,0.288,0.458,10.0,0,0.6
d12m1,aggressive,short,stock,10,5,2024,51,0.021,0.05,0.02,0.464,10,0,0.658
d12m1,aggressive,short,stock,10,5,2025,50,0.399,0.8,0.399,0.528,10.0,0,0.639
d12m1,aggressive,short,stock,10,5,2026,35,0.047,0.06,0.04,0.488,10,0,0.668
d12m1,aggressive,short,stock,10,20,ALL,145,-0.155,-0.22,-0.157,0.46,10,0,0.649
d12m1,aggressive,short,stock,10,20,P1,63,0.527,0.6,0.526,0.486,10,0,0.648
d12m1,aggressive,short,stock,10,20,P2,82,-0.678,-0.66,-0.681,0.44,10.0,0,0.651
d12m1,aggressive,short,stock,10,20,2023,12,-0.917,-1.04,-0.917,0.408,10.0,0,0.6
d12m1,aggressive,short,stock,10,20,2024,51,0.866,0.82,0.865,0.505,10,0,0.658
d12m1,aggressive,short,stock,10,20,2025,50,-0.382,-0.3,-0.382,0.446,10.0,0,0.639
d12m1,aggressive,short,stock,10,20,2026,32,-1.14,-0.67,-1.148,0.43,10.0,0,0.671
d12m1,aggressive,short,stock,10,63,ALL,137,0.697,0.35,0.695,0.43,10,0,0.646
d12m1,aggressive,short,stock,10,63,P1,63,1.729,2.04,1.734,0.439,10,0,0.648
d12m1,aggressive,short,stock,10,63,P2,74,-0.182,-0.05,-0.19,0.422,10.0,0,0.644
d12m1,aggressive,short,stock,10,63,2023,12,3.132,3.98,3.132,0.417,10.0,0,0.6
d12m1,aggressive,short,stock,10,63,2024,51,1.399,1.46,1.405,0.444,10,0,0.658
d12m1,aggressive,short,stock,10,63,2025,50,2.059,0.46,2.059,0.452,10.0,0,0.639
d12m1,aggressive,short,stock,10,63,2026,24,-4.852,-1.04,-4.875,0.361,10.0,0,0.657
d12m1,aggressive,short,stock,20,5,ALL,148,-0.054,-0.21,-0.055,0.482,20.0,1,0.604
d12m1,aggressive,short,stock,20,5,P1,63,0.035,0.11,0.035,0.463,20,0,0.617
d12m1,aggressive,short,stock,20,5,P2,85,-0.12,-0.33,-0.122,0.496,20,1,0.595
d12m1,aggressive,short,stock,20,5,2023,12,-0.291,-0.46,-0.291,0.462,20.0,0,0.586
d12m1,aggressive,short,stock,20,5,2024,51,0.111,0.3,0.112,0.463,20,0,0.626
d12m1,aggressive,short,stock,20,5,2025,50,0.148,0.34,0.146,0.506,20.0,1,0.578
d12m1,aggressive,short,stock,20,5,2026,35,-0.504,-0.78,-0.506,0.482,20,0,0.622
d12m1,aggressive,short,stock,20,20,ALL,145,-0.398,-0.64,-0.397,0.449,20,1,0.603
d12m1,aggressive,short,stock,20,20,P1,63,0.14,0.18,0.143,0.468,20,0,0.617
d12m1,aggressive,short,stock,20,20,P2,82,-0.811,-0.88,-0.811,0.434,20.0,1,0.593
d12m1,aggressive,short,stock,20,20,2023,12,-1.314,-1.3,-1.314,0.388,20.0,0,0.586
d12m1,aggressive,short,stock,20,20,2024,51,0.482,0.52,0.485,0.487,20,0,0.626
d12m1,aggressive,short,stock,20,20,2025,50,-0.2,-0.16,-0.197,0.444,20.0,1,0.578
d12m1,aggressive,short,stock,20,20,2026,32,-1.766,-1.36,-1.77,0.419,20.0,0,0.619
d12m1,aggressive,short,stock,20,63,ALL,137,0.522,0.27,0.525,0.434,20,1,0.601
d12m1,aggressive,short,stock,20,63,P1,63,0.682,1.0,0.681,0.434,20,0,0.617
d12m1,aggressive,short,stock,20,63,P2,74,0.386,0.11,0.392,0.435,20.0,1,0.588
d12m1,aggressive,short,stock,20,63,2023,12,0.958,1.16,0.958,0.408,20.0,0,0.586
d12m1,aggressive,short,stock,20,63,2024,51,0.617,0.78,0.616,0.439,20,0,0.626
d12m1,aggressive,short,stock,20,63,2025,50,3.314,0.79,3.326,0.483,20.0,1,0.578
d12m1,aggressive,short,stock,20,63,2026,24,-5.713,-1.44,-5.719,0.334,20.0,0,0.611
d12m1,balanced,long,mixed,10,5,ALL,148,-0.012,-0.04,-0.012,0.463,10.0,0,0.624
d12m1,balanced,long,mixed,10,5,P1,63,-0.118,-0.36,-0.117,0.437,10,0,0.618
d12m1,balanced,long,mixed,10,5,P2,85,0.067,0.15,0.066,0.482,10,0,0.627
d12m1,balanced,long,mixed,10,5,2023,12,-0.816,-1.14,-0.816,0.4,10.0,0,0.609
d12m1,balanced,long,mixed,10,5,2024,51,0.046,0.13,0.047,0.446,10,0,0.614
d12m1,balanced,long,mixed,10,5,2025,50,-0.064,-0.16,-0.054,0.461,10.0,0,0.624
d12m1,balanced,long,mixed,10,5,2026,35,0.255,0.29,0.238,0.511,10,0,0.632
d12m1,balanced,long,mixed,10,20,ALL,145,0.416,0.57,0.403,0.445,10,0,0.622
d12m1,balanced,long,mixed,10,20,P1,63,0.021,0.02,0.022,0.412,10,0,0.618
d12m1,balanced,long,mixed,10,20,P2,82,0.719,0.66,0.696,0.471,10.0,0,0.623
d12m1,balanced,long,mixed,10,20,2023,12,-2.634,-3.34,-2.634,0.325,10.0,0,0.609
d12m1,balanced,long,mixed,10,20,2024,51,0.646,0.61,0.647,0.432,10,0,0.614
d12m1,balanced,long,mixed,10,20,2025,50,0.235,0.17,0.218,0.455,10.0,0,0.624
d12m1,balanced,long,mixed,10,20,2026,32,1.473,0.84,1.443,0.496,10.0,0,0.623
d12m1,balanced,long,mixed,10,63,ALL,137,2.025,1.24,2.028,0.417,10,0,0.618
d12m1,balanced,long,mixed,10,63,P1,63,1.024,1.01,1.038,0.38,10,0,0.618
d12m1,balanced,long,mixed,10,63,P2,74,2.878,1.02,2.87,0.449,10.0,0,0.618
d12m1,balanced,long,mixed,10,63,2023,12,2.456,1.8,2.456,0.4,10.0,0,0.609
d12m1,balanced,long,mixed,10,63,2024,51,0.687,0.6,0.704,0.376,10,0,0.614
d12m1,balanced,long,mixed,10,63,2025,50,3.447,1.06,3.421,0.46,10.0,0,0.624
d12m1,balanced,long,mixed,10,63,2026,24,1.691,0.3,1.723,0.425,10.0,0,0.604
d12m1,balanced,long,mixed,20,5,ALL,148,0.021,0.09,0.019,0.479,20.0,1,0.573
d12m1,balanced,long,mixed,20,5,P1,63,-0.053,-0.19,-0.053,0.457,20,0,0.563
d12m1,balanced,long,mixed,20,5,P2,85,0.076,0.22,0.072,0.496,20,1,0.582
d12m1,balanced,long,mixed,20,5,2023,12,-0.38,-0.68,-0.38,0.421,20.0,0,0.536
d12m1,balanced,long,mixed,20,5,2024,51,0.024,0.07,0.024,0.465,20,0,0.566
d12m1,balanced,long,mixed,20,5,2025,50,-0.018,-0.05,-0.019,0.48,20.0,1,0.574
d12m1,balanced,long,mixed,20,5,2026,35,0.211,0.3,0.202,0.518,20,0,0.596
d12m1,balanced,long,mixed,20,20,ALL,145,0.328,0.54,0.322,0.447,20,1,0.572
d12m1,balanced,long,mixed,20,20,P1,63,0.477,0.61,0.479,0.438,20,0,0.563
d12m1,balanced,long,mixed,20,20,P2,82,0.213,0.24,0.2,0.454,20.0,1,0.579
d12m1,balanced,long,mixed,20,20,2023,12,-1.138,-1.22,-1.138,0.383,20.0,0,0.536
d12m1,balanced,long,mixed,20,20,2024,51,0.857,0.94,0.86,0.451,20,0,0.566
d12m1,balanced,long,mixed,20,20,2025,50,0.078,0.07,0.064,0.448,20.0,1,0.574
d12m1,balanced,long,mixed,20,20,2026,32,0.425,0.32,0.414,0.462,20.0,0,0.59
d12m1,balanced,long,mixed,20,63,ALL,137,1.924,1.25,1.917,0.433,20,1,0.568
d12m1,balanced,long,mixed,20,63,P1,63,1.621,1.73,1.627,0.417,20,0,0.563
d12m1,balanced,long,mixed,20,63,P2,74,2.182,0.81,2.164,0.447,20.0,1,0.573
d12m1,balanced,long,mixed,20,63,2023,12,3.3,1.95,3.3,0.425,20.0,0,0.536
d12m1,balanced,long,mixed,20,63,2024,51,1.226,1.35,1.233,0.415,20,0,0.566
d12m1,balanced,long,mixed,20,63,2025,50,3.649,1.11,3.618,0.469,20.0,1,0.574
d12m1,balanced,long,mixed,20,63,2026,24,-0.874,-0.19,-0.863,0.4,20.0,0,0.574
d12m1,balanced,long,stock,10,5,ALL,148,0.12,0.4,0.121,0.486,10.0,1,0.598
d12m1,balanced,long,stock,10,5,P1,63,0.065,0.19,0.065,0.482,10,0,0.579
d12m1,balanced,long,stock,10,5,P2,85,0.162,0.35,0.162,0.489,10,1,0.611
d12m1,balanced,long,stock,10,5,2023,12,-0.59,-0.74,-0.59,0.458,10.0,0,0.6
d12m1,balanced,long,stock,10,5,2024,51,0.219,0.57,0.219,0.487,10,0,0.574
d12m1,balanced,long,stock,10,5,2025,50,-0.032,-0.08,-0.022,0.474,10.0,1,0.606
d12m1,balanced,long,stock,10,5,2026,35,0.439,0.47,0.425,0.511,10,0,0.618
d12m1,balanced,long,stock,10,20,ALL,145,0.873,1.18,0.859,0.492,10,1,0.597
d12m1,balanced,long,stock,10,20,P1,63,0.953,0.98,0.956,0.506,10,0,0.579
d12m1,balanced,long,stock,10,20,P2,82,0.811,0.75,0.785,0.482,10.0,1,0.61
d12m1,balanced,long,stock,10,20,2023,12,-1.642,-1.66,-1.642,0.408,10.0,0,0.6
d12m1,balanced,long,stock,10,20,2024,51,1.564,1.4,1.567,0.529,10,0,0.574
d12m1,balanced,long,stock,10,20,2025,50,0.332,0.25,0.305,0.471,10.0,1,0.606
d12m1,balanced,long,stock,10,20,2026,32,1.56,0.86,1.536,0.499,10.0,0,0.616
d12m1,balanced,long,stock,10,63,ALL,137,3.199,2.02,3.196,0.466,10,1,0.595
d12m1,balanced,long,stock,10,63,P1,63,2.897,2.84,2.914,0.471,10,0,0.579
d12m1,balanced,long,stock,10,63,P2,74,3.457,1.25,3.436,0.461,10.0,1,0.607
d12m1,balanced,long,stock,10,63,2023,12,4.36,2.57,4.36,0.467,10.0,0,0.6
d12m1,balanced,long,stock,10,63,2024,51,2.553,2.43,2.574,0.472,10,0,0.574
d12m1,balanced,long,stock,10,63,2025,50,4.377,1.43,4.324,0.483,10.0,1,0.606
d12m1,balanced,long,stock,10,63,2026,24,1.539,0.26,1.584,0.417,10.0,0,0.609
d12m1,balanced,long,stock,20,5,ALL,148,0.091,0.38,0.092,0.496,20.0,1,0.556
d12m1,balanced,long,stock,20,5,P1,63,0.107,0.36,0.107,0.49,20,0,0.538
d12m1,balanced,long,stock,20,5,P2,85,0.08,0.22,0.08,0.501,20,1,0.57
d12m1,balanced,long,stock,20,5,2023,12,-0.251,-0.42,-0.251,0.467,20.0,0,0.527
d12m1,balanced,long,stock,20,5,2024,51,0.191,0.56,0.191,0.496,20,0,0.54
d12m1,balanced,long,stock,20,5,2025,50,-0.013,-0.04,-0.006,0.491,20.0,1,0.568
d12m1,balanced,long,stock,20,5,2026,35,0.213,0.3,0.204,0.516,20,0,0.575
d12m1,balanced,long,stock,20,20,ALL,145,0.431,0.69,0.41,0.471,20,1,0.557
d12m1,balanced,long,stock,20,20,P1,63,0.858,1.06,0.86,0.496,20,0,0.538
d12m1,balanced,long,stock,20,20,P2,82,0.102,0.11,0.065,0.452,20.0,1,0.571
d12m1,balanced,long,stock,20,20,2023,12,-0.958,-0.98,-0.958,0.421,20.0,0,0.527
d12m1,balanced,long,stock,20,20,2024,51,1.286,1.35,1.288,0.514,20,0,0.54
d12m1,balanced,long,stock,20,20,2025,50,-0.079,-0.07,-0.134,0.453,20.0,1,0.568
d12m1,balanced,long,stock,20,20,2026,32,0.386,0.26,0.375,0.45,20.0,0,0.577
d12m1,balanced,long,stock,20,63,ALL,137,2.621,1.66,2.573,0.467,20,1,0.553
d12m1,balanced,long,stock,20,63,P1,63,3.251,3.04,3.258,0.493,20,0,0.538
d12m1,balanced,long,stock,20,63,P2,74,2.084,0.76,1.99,0.445,20.0,1,0.566
d12m1,balanced,long,stock,20,63,2023,12,4.956,2.35,4.956,0.471,20.0,0,0.527
d12m1,balanced,long,stock,20,63,2024,51,2.851,2.75,2.858,0.499,20,0,0.54
d12m1,balanced,long,stock,20,63,2025,50,3.707,1.15,3.562,0.47,20.0,1,0.568
d12m1,balanced,long,stock,20,63,2026,24,-1.296,-0.26,-1.284,0.394,20.0,0,0.563
d12m1,balanced,mid,mixed,10,5,ALL,148,0.209,0.76,0.211,0.474,10.0,0,0.652
d12m1,balanced,mid,mixed,10,5,P1,63,0.003,0.01,0.004,0.436,10,0,0.648
d12m1,balanced,mid,mixed,10,5,P2,85,0.362,0.86,0.365,0.502,10,0,0.656
d12m1,balanced,mid,mixed,10,5,2023,12,-0.568,-0.94,-0.568,0.392,10.0,0,0.627
d12m1,balanced,mid,mixed,10,5,2024,51,0.138,0.4,0.139,0.446,10,0,0.648
d12m1,balanced,mid,mixed,10,5,2025,50,0.259,0.62,0.268,0.495,10.0,0,0.657
d12m1,balanced,mid,mixed,10,5,2026,35,0.51,0.62,0.503,0.512,10,0,0.656
d12m1,balanced,mid,mixed,10,20,ALL,145,0.411,0.57,0.402,0.436,10,0,0.649
d12m1,balanced,mid,mixed,10,20,P1,63,0.136,0.14,0.137,0.399,10,0,0.648
d12m1,balanced,mid,mixed,10,20,P2,82,0.622,0.6,0.607,0.465,10.0,0,0.652
d12m1,balanced,mid,mixed,10,20,2023,12,-2.458,-3.34,-2.458,0.317,10.0,0,0.627
d12m1,balanced,mid,mixed,10,20,2024,51,0.747,0.66,0.747,0.418,10,0,0.648
d12m1,balanced,mid,mixed,10,20,2025,50,-0.025,-0.02,-0.042,0.445,10.0,0,0.657
d12m1,balanced,mid,mixed,10,20,2026,32,1.633,0.94,1.621,0.497,10.0,0,0.645
d12m1,balanced,mid,mixed,10,63,ALL,137,1.625,1.06,1.643,0.412,10,0,0.646
d12m1,balanced,mid,mixed,10,63,P1,63,0.935,0.83,0.952,0.376,10,0,0.648
d12m1,balanced,mid,mixed,10,63,P2,74,2.212,0.84,2.231,0.443,10.0,0,0.647
d12m1,balanced,mid,mixed,10,63,2023,12,0.238,0.29,0.238,0.342,10.0,0,0.627
d12m1,balanced,mid,mixed,10,63,2024,51,1.099,0.8,1.12,0.384,10,0,0.648
d12m1,balanced,mid,mixed,10,63,2025,50,2.99,1.0,2.969,0.457,10.0,0,0.657
d12m1,balanced,mid,mixed,10,63,2026,24,0.592,0.12,0.693,0.414,10.0,0,0.626
d12m1,balanced,mid,mixed,20,5,ALL,148,0.105,0.47,0.103,0.487,20.0,1,0.595
d12m1,balanced,mid,mixed,20,5,P1,63,-0.023,-0.08,-0.023,0.455,20,0,0.593
d12m1,balanced,mid,mixed,20,5,P2,85,0.201,0.61,0.196,0.511,20,1,0.596
d12m1,balanced,mid,mixed,20,5,2023,12,-0.283,-0.57,-0.283,0.417,20.0,0,0.591
d12m1,balanced,mid,mixed,20,5,2024,51,0.038,0.12,0.038,0.464,20,0,0.593
d12m1,balanced,mid,mixed,20,5,2025,50,0.09,0.28,0.088,0.497,20.0,1,0.591
d12m1,balanced,mid,mixed,20,5,2026,35,0.359,0.56,0.351,0.531,20,0,0.607
d12m1,balanced,mid,mixed,20,20,ALL,145,0.252,0.43,0.247,0.442,20,1,0.592
d12m1,balanced,mid,mixed,20,20,P1,63,0.194,0.25,0.197,0.42,20,0,0.593
d12m1,balanced,mid,mixed,20,20,P2,82,0.297,0.34,0.286,0.459,20.0,1,0.591
d12m1,balanced,mid,mixed,20,20,2023,12,-1.394,-1.68,-1.394,0.354,20.0,0,0.591
d12m1,balanced,mid,mixed,20,20,2024,51,0.567,0.63,0.571,0.436,20,0,0.593
d12m1,balanced,mid,mixed,20,20,2025,50,0.089,0.08,0.077,0.45,20.0,1,0.591
d12m1,balanced,mid,mixed,20,20,2026,32,0.621,0.43,0.613,0.473,20.0,0,0.597
d12m1,balanced,mid,mixed,20,63,ALL,137,1.585,1.01,1.584,0.43,20,1,0.588
d12m1,balanced,mid,mixed,20,63,P1,63,0.853,1.19,0.86,0.401,20,0,0.593
d12m1,balanced,mid,mixed,20,63,P2,74,2.208,0.79,2.201,0.454,20.0,1,0.584
d12m1,balanced,mid,mixed,20,63,2023,12,0.414,0.84,0.414,0.379,20.0,0,0.591
d12m1,balanced,mid,mixed,20,63,2024,51,0.956,1.1,0.964,0.406,20,0,0.593
d12m1,balanced,mid,mixed,20,63,2025,50,3.863,1.14,3.848,0.481,20.0,1,0.591
d12m1,balanced,mid,mixed,20,63,2026,24,-1.24,-0.27,-1.231,0.398,20.0,0,0.574
d12m1,balanced,mid,stock,10,5,ALL,148,0.233,0.81,0.235,0.492,10.0,1,0.635
d12m1,balanced,mid,stock,10,5,P1,63,0.04,0.12,0.041,0.477,10,0,0.631
d12m1,balanced,mid,stock,10,5,P2,85,0.376,0.86,0.379,0.502,10,1,0.639
d12m1,balanced,mid,stock,10,5,2023,12,-0.571,-0.82,-0.571,0.45,10.0,0,0.618
d12m1,balanced,mid,stock,10,5,2024,51,0.183,0.5,0.185,0.483,10,0,0.634
d12m1,balanced,mid,stock,10,5,2025,50,0.147,0.34,0.157,0.494,10.0,1,0.627
d12m1,balanced,mid,stock,10,5,2026,35,0.703,0.82,0.697,0.515,10,0,0.656
d12m1,balanced,mid,stock,10,20,ALL,145,0.729,0.99,0.718,0.481,10,1,0.633
d12m1,balanced,mid,stock,10,20,P1,63,1.038,1.01,1.039,0.501,10,0,0.631
d12m1,balanced,mid,stock,10,20,P2,82,0.492,0.48,0.472,0.465,10.0,1,0.637
d12m1,balanced,mid,stock,10,20,2023,12,-1.779,-1.61,-1.779,0.383,10.0,0,0.618
d12m1,balanced,mid,stock,10,20,2024,51,1.7,1.45,1.701,0.528,10,0,0.634
d12m1,balanced,mid,stock,10,20,2025,50,-0.309,-0.25,-0.336,0.443,10.0,1,0.627
d12m1,balanced,mid,stock,10,20,2026,32,1.743,1.0,1.734,0.5,10.0,0,0.652
d12m1,balanced,mid,stock,10,63,ALL,137,2.835,1.85,2.843,0.466,10,1,0.63
d12m1,balanced,mid,stock,10,63,P1,63,2.97,3.06,2.987,0.484,10,0,0.631
d12m1,balanced,mid,stock,10,63,P2,74,2.719,1.0,2.721,0.451,10.0,1,0.632
d12m1,balanced,mid,stock,10,63,2023,12,2.937,2.76,2.937,0.442,10.0,0,0.618
d12m1,balanced,mid,stock,10,63,2024,51,2.978,2.58,2.999,0.493,10,0,0.634
d12m1,balanced,mid,stock,10,63,2025,50,3.655,1.23,3.607,0.467,10.0,1,0.627
d12m1,balanced,mid,stock,10,63,2026,24,0.769,0.14,0.874,0.418,10.0,0,0.639
d12m1,balanced,mid,stock,20,5,ALL,148,0.147,0.64,0.148,0.5,20.0,1,0.582
d12m1,balanced,mid,stock,20,5,P1,63,0.105,0.36,0.106,0.487,20,0,0.581
d12m1,balanced,mid,stock,20,5,P2,85,0.179,0.53,0.18,0.51,20,1,0.582
d12m1,balanced,mid,stock,20,5,2023,12,-0.066,-0.12,-0.066,0.471,20.0,0,0.564
d12m1,balanced,mid,stock,20,5,2024,51,0.146,0.43,0.147,0.491,20,0,0.585
d12m1,balanced,mid,stock,20,5,2025,50,0.08,0.24,0.087,0.504,20.0,1,0.574
d12m1,balanced,mid,stock,20,5,2026,35,0.32,0.49,0.312,0.517,20,0,0.594
d12m1,balanced,mid,stock,20,20,ALL,145,0.336,0.55,0.32,0.471,20,1,0.58
d12m1,balanced,mid,stock,20,20,P1,63,0.574,0.76,0.578,0.489,20,0,0.581
d12m1,balanced,mid,stock,20,20,P2,82,0.153,0.17,0.121,0.457,20.0,1,0.578
d12m1,balanced,mid,stock,20,20,2023,12,-0.961,-0.99,-0.961,0.404,20.0,0,0.564
d12m1,balanced,mid,stock,20,20,2024,51,0.935,1.05,0.94,0.509,20,0,0.585
d12m1,balanced,mid,stock,20,20,2025,50,-0.023,-0.02,-0.07,0.458,20.0,1,0.574
d12m1,balanced,mid,stock,20,20,2026,32,0.428,0.28,0.42,0.456,20.0,0,0.587
d12m1,balanced,mid,stock,20,63,ALL,137,2.395,1.52,2.358,0.463,20,1,0.576
d12m1,balanced,mid,stock,20,63,P1,63,2.566,3.52,2.572,0.473,20,0,0.581
d12m1,balanced,mid,stock,20,63,P2,74,2.25,0.79,2.176,0.455,20.0,1,0.572
d12m1,balanced,mid,stock,20,63,2023,12,3.534,2.47,3.534,0.442,20.0,0,0.564
d12m1,balanced,mid,stock,20,63,2024,51,2.338,3.1,2.346,0.481,20,0,0.585
d12m1,balanced,mid,stock,20,63,2025,50,4.138,1.25,4.024,0.487,20.0,1,0.574
d12m1,balanced,mid,stock,20,63,2026,24,-1.683,-0.34,-1.675,0.388,20.0,0,0.57
d12m1,balanced,short,mixed,10,5,ALL,148,0.108,0.4,0.105,0.47,10.0,0,0.685
d12m1,balanced,short,mixed,10,5,P1,63,-0.052,-0.15,-0.053,0.41,10,0,0.679
d12m1,balanced,short,mixed,10,5,P2,85,0.226,0.57,0.222,0.515,10,0,0.689
d12m1,balanced,short,mixed,10,5,2023,12,-0.07,-0.13,-0.07,0.375,10.0,0,0.645
d12m1,balanced,short,mixed,10,5,2024,51,-0.047,-0.11,-0.049,0.419,10,0,0.686
d12m1,balanced,short,mixed,10,5,2025,50,0.221,0.49,0.215,0.517,10.0,0,0.684
d12m1,balanced,short,mixed,10,5,2026,35,0.232,0.33,0.232,0.511,10,0,0.7
d12m1,balanced,short,mixed,10,20,ALL,145,-0.385,-0.61,-0.387,0.415,10,0,0.684
d12m1,balanced,short,mixed,10,20,P1,63,-0.234,-0.27,-0.239,0.377,10,0,0.679
d12m1,balanced,short,mixed,10,20,P2,82,-0.501,-0.57,-0.5,0.445,10.0,0,0.688
d12m1,balanced,short,mixed,10,20,2023,12,-1.366,-3.07,-1.366,0.3,10.0,0,0.645
d12m1,balanced,short,mixed,10,20,2024,51,0.033,0.03,0.027,0.395,10,0,0.686
d12m1,balanced,short,mixed,10,20,2025,50,-0.556,-0.47,-0.556,0.44,10.0,0,0.684
d12m1,balanced,short,mixed,10,20,2026,32,-0.413,-0.32,-0.413,0.453,10.0,0,0.697
d12m1,balanced,short,mixed,10,63,ALL,137,0.128,0.07,0.148,0.386,10,0,0.682
d12m1,balanced,short,mixed,10,63,P1,63,-0.167,-0.14,-0.16,0.332,10,0,0.679
d12m1,balanced,short,mixed,10,63,P2,74,0.379,0.12,0.41,0.431,10.0,0,0.685
d12m1,balanced,short,mixed,10,63,2023,12,-0.507,-0.37,-0.507,0.283,10.0,0,0.645
d12m1,balanced,short,mixed,10,63,2024,51,-0.087,-0.06,-0.079,0.344,10,0,0.686
d12m1,balanced,short,mixed,10,63,2025,50,3.096,0.83,3.142,0.472,10.0,0,0.684
d12m1,balanced,short,mixed,10,63,2026,24,-5.281,-2.07,-5.281,0.346,10.0,0,0.691
d12m1,balanced,short,mixed,20,5,ALL,148,-0.01,-0.05,-0.007,0.474,20.0,1,0.638
d12m1,balanced,short,mixed,20,5,P1,63,-0.052,-0.19,-0.045,0.44,20,1,0.648
d12m1,balanced,short,mixed,20,5,P2,85,0.02,0.06,0.021,0.499,20,0,0.632
d12m1,balanced,short,mixed,20,5,2023,12,-0.102,-0.21,-0.07,0.437,20.0,1,0.645
d12m1,balanced,short,mixed,20,5,2024,51,-0.04,-0.13,-0.04,0.441,20,0,0.647
d12m1,balanced,short,mixed,20,5,2025,50,0.124,0.36,0.128,0.502,20.0,0,0.62
d12m1,balanced,short,mixed,20,5,2026,35,-0.129,-0.2,-0.132,0.495,20,0,0.654
d12m1,balanced,short,mixed,20,20,ALL,145,-0.401,-0.71,-0.401,0.418,20,1,0.635
d12m1,balanced,short,mixed,20,20,P1,63,-0.309,-0.4,-0.309,0.387,20,1,0.648
d12m1,balanced,short,mixed,20,20,P2,82,-0.471,-0.59,-0.472,0.443,20.0,0,0.627
d12m1,balanced,short,mixed,20,20,2023,12,-1.465,-2.2,-1.47,0.317,20.0,1,0.645
d12m1,balanced,short,mixed,20,20,2024,51,-0.037,-0.04,-0.036,0.403,20,0,0.647
d12m1,balanced,short,mixed,20,20,2025,50,-0.382,-0.36,-0.378,0.441,20.0,0,0.62
d12m1,balanced,short,mixed,20,20,2026,32,-0.611,-0.52,-0.617,0.444,20.0,0,0.644
d12m1,balanced,short,mixed,20,63,ALL,137,-0.231,-0.14,-0.213,0.394,20,1,0.632
d12m1,balanced,short,mixed,20,63,P1,63,-0.932,-1.11,-0.918,0.35,20,1,0.648
d12m1,balanced,short,mixed,20,63,P2,74,0.365,0.12,0.387,0.431,20.0,0,0.62
d12m1,balanced,short,mixed,20,63,2023,12,-1.294,-2.6,-1.239,0.323,20.0,1,0.645
d12m1,balanced,short,mixed,20,63,2024,51,-0.846,-0.83,-0.843,0.356,20,0,0.647
d12m1,balanced,short,mixed,20,63,2025,50,2.792,0.73,2.829,0.468,20.0,0,0.62
d12m1,balanced,short,mixed,20,63,2026,24,-4.691,-1.68,-4.701,0.353,20.0,0,0.626
d12m1,balanced,short,stock,10,5,ALL,148,0.144,0.52,0.143,0.489,10.0,0,0.686
d12m1,balanced,short,stock,10,5,P1,63,0.097,0.27,0.096,0.455,10,0,0.687
d12m1,balanced,short,stock,10,5,P2,85,0.179,0.44,0.177,0.514,10,0,0.685
d12m1,balanced,short,stock,10,5,2023,12,0.264,0.41,0.264,0.442,10.0,0,0.655
d12m1,balanced,short,stock,10,5,2024,51,0.058,0.14,0.057,0.458,10,0,0.694
d12m1,balanced,short,stock,10,5,2025,50,0.201,0.44,0.196,0.524,10.0,0,0.682
d12m1,balanced,short,stock,10,5,2026,35,0.148,0.2,0.15,0.499,10,0,0.688
d12m1,balanced,short,stock,10,20,ALL,145,-0.122,-0.19,-0.123,0.458,10,0,0.686
d12m1,balanced,short,stock,10,20,P1,63,0.495,0.53,0.491,0.473,10,0,0.687
d12m1,balanced,short,stock,10,20,P2,82,-0.596,-0.66,-0.594,0.445,10.0,0,0.685
d12m1,balanced,short,stock,10,20,2023,12,-0.397,-0.57,-0.397,0.4,10.0,0,0.655
d12m1,balanced,short,stock,10,20,2024,51,0.705,0.62,0.7,0.491,10,0,0.694
d12m1,balanced,short,stock,10,20,2025,50,-0.647,-0.54,-0.644,0.45,10.0,0,0.682
d12m1,balanced,short,stock,10,20,2026,32,-0.518,-0.39,-0.515,0.439,10.0,0,0.69
d12m1,balanced,short,stock,10,63,ALL,137,1.531,0.87,1.553,0.443,10,0,0.686
d12m1,balanced,short,stock,10,63,P1,63,2.631,1.95,2.642,0.445,10,0,0.687
d12m1,balanced,short,stock,10,63,P2,74,0.594,0.2,0.626,0.441,10.0,0,0.685
d12m1,balanced,short,stock,10,63,2023,12,2.344,2.97,2.344,0.383,10.0,0,0.655
d12m1,balanced,short,stock,10,63,2024,51,2.699,1.65,2.712,0.46,10,0,0.694
d12m1,balanced,short,stock,10,63,2025,50,3.428,0.96,3.477,0.488,10.0,0,0.682
d12m1,balanced,short,stock,10,63,2026,24,-5.311,-2.0,-5.315,0.344,10.0,0,0.691
d12m1,balanced,short,stock,20,5,ALL,148,-0.04,-0.18,-0.037,0.487,20.0,2,0.634
d12m1,balanced,short,stock,20,5,P1,63,-0.078,-0.28,-0.071,0.471,20,1,0.648
d12m1,balanced,short,stock,20,5,P2,85,-0.013,-0.04,-0.012,0.499,20,1,0.626
d12m1,balanced,short,stock,20,5,2023,12,-0.323,-0.53,-0.29,0.479,20.0,1,0.609
d12m1,balanced,short,stock,20,5,2024,51,-0.02,-0.06,-0.02,0.47,20,0,0.657
d12m1,balanced,short,stock,20,5,2025,50,0.088,0.25,0.092,0.505,20.0,1,0.614
d12m1,balanced,short,stock,20,5,2026,35,-0.156,-0.24,-0.159,0.491,20,0,0.646
d12m1,balanced,short,stock,20,20,ALL,145,-0.302,-0.52,-0.314,0.449,20,2,0.634
d12m1,balanced,short,stock,20,20,P1,63,-0.006,-0.01,-0.006,0.459,20,1,0.648
d12m1,balanced,short,stock,20,20,P2,82,-0.53,-0.65,-0.55,0.441,20.0,1,0.625
d12m1,balanced,short,stock,20,20,2023,12,-1.472,-1.57,-1.478,0.384,20.0,1,0.609
d12m1,balanced,short,stock,20,20,2024,51,0.339,0.35,0.34,0.477,20,0,0.657
d12m1,balanced,short,stock,20,20,2025,50,-0.386,-0.35,-0.415,0.446,20.0,1,0.614
d12m1,balanced,short,stock,20,20,2026,32,-0.754,-0.63,-0.761,0.432,20.0,0,0.645
d12m1,balanced,short,stock,20,63,ALL,137,0.613,0.36,0.589,0.437,20,2,0.631
d12m1,balanced,short,stock,20,63,P1,63,0.655,1.04,0.669,0.437,20,1,0.648
d12m1,balanced,short,stock,20,63,P2,74,0.577,0.19,0.52,0.437,20.0,1,0.618
d12m1,balanced,short,stock,20,63,2023,12,1.109,1.79,1.164,0.414,20.0,1,0.609
d12m1,balanced,short,stock,20,63,2024,51,0.548,0.74,0.553,0.442,20,0,0.657
d12m1,balanced,short,stock,20,63,2025,50,3.305,0.88,3.226,0.48,20.0,1,0.614
d12m1,balanced,short,stock,20,63,2026,24,-5.105,-1.74,-5.116,0.347,20.0,0,0.63
v15,aggressive,long,mixed,10,5,ALL,148,-0.116,-0.39,-0.112,0.456,10.0,0,0.611
v15,aggressive,long,mixed,10,5,P1,63,-0.189,-0.54,-0.189,0.427,10,0,0.606
v15,aggressive,long,mixed,10,5,P2,85,-0.062,-0.14,-0.055,0.478,10,0,0.613
v15,aggressive,long,mixed,10,5,2023,12,-0.544,-0.88,-0.544,0.433,10.0,0,0.673
v15,aggressive,long,mixed,10,5,2024,51,-0.105,-0.26,-0.105,0.425,10,0,0.594
v15,aggressive,long,mixed,10,5,2025,50,0.247,0.56,0.258,0.487,10.0,0,0.596
v15,aggressive,long,mixed,10,5,2026,35,-0.504,-0.56,-0.502,0.465,10,0,0.635
v15,aggressive,long,mixed,10,20,ALL,145,-0.271,-0.38,-0.274,0.39,10,0,0.608
v15,aggressive,long,mixed,10,20,P1,63,-0.217,-0.23,-0.217,0.363,10,0,0.606
v15,aggressive,long,mixed,10,20,P2,82,-0.313,-0.29,-0.318,0.41,10.0,0,0.609
v15,aggressive,long,mixed,10,20,2023,12,-1.643,-2.55,-1.643,0.333,10.0,0,0.673
v15,aggressive,long,mixed,10,20,2024,51,0.118,0.1,0.118,0.371,10,0,0.594
v15,aggressive,long,mixed,10,20,2025,50,0.017,0.02,0.005,0.402,10.0,0,0.596
v15,aggressive,long,mixed,10,20,2026,32,-0.829,-0.41,-0.821,0.423,10.0,0,0.626
v15,aggressive,long,mixed,10,63,ALL,137,-0.583,-0.36,-0.592,0.356,10,0,0.604
v15,aggressive,long,mixed,10,63,P1,63,-0.373,-0.36,-0.373,0.338,10,0,0.606
v15,aggressive,long,mixed,10,63,P2,74,-0.763,-0.26,-0.779,0.371,10.0,0,0.601
v15,aggressive,long,mixed,10,63,2023,12,3.466,2.26,3.466,0.425,10.0,0,0.673
v15,aggressive,long,mixed,10,63,2024,51,-1.276,-1.32,-1.276,0.318,10,0,0.594
v15,aggressive,long,mixed,10,63,2025,50,1.069,0.31,1.034,0.406,10.0,0,0.596
v15,aggressive,long,mixed,10,63,2026,24,-4.579,-0.9,-4.556,0.299,10.0,0,0.609
v15,aggressive,long,mixed,20,5,ALL,148,-0.067,-0.27,-0.066,0.463,20.0,0,0.567
v15,aggressive,long,mixed,20,5,P1,63,-0.093,-0.33,-0.093,0.436,20,0,0.539
v15,aggressive,long,mixed,20,5,P2,85,-0.047,-0.12,-0.046,0.482,20,0,0.588
v15,aggressive,long,mixed,20,5,2023,12,-0.537,-1.09,-0.537,0.425,20.0,0,0.55
v15,aggressive,long,mixed,20,5,2024,51,0.011,0.03,0.012,0.439,20,0,0.535
v15,aggressive,long,mixed,20,5,2025,50,0.042,0.12,0.047,0.479,20.0,0,0.593
v15,aggressive,long,mixed,20,5,2026,35,-0.174,-0.22,-0.18,0.487,20,0,0.579
v15,aggressive,long,mixed,20,20,ALL,145,-0.126,-0.2,-0.128,0.407,20,0,0.566
v15,aggressive,long,mixed,20,20,P1,63,-0.073,-0.09,-0.071,0.377,20,0,0.539
v15,aggressive,long,mixed,20,20,P2,82,-0.167,-0.18,-0.172,0.43,20.0,0,0.588
v15,aggressive,long,mixed,20,20,2023,12,-1.701,-2.36,-1.701,0.35,20.0,0,0.55
v15,aggressive,long,mixed,20,20,2024,51,0.31,0.33,0.312,0.383,20,0,0.535
v15,aggressive,long,mixed,20,20,2025,50,0.021,0.02,0.017,0.421,20.0,0,0.593
v15,aggressive,long,mixed,20,20,2026,32,-0.46,-0.26,-0.466,0.444,20.0,0,0.579
v15,aggressive,long,mixed,20,63,ALL,137,0.363,0.23,0.365,0.378,20,0,0.563
v15,aggressive,long,mixed,20,63,P1,63,0.331,0.28,0.337,0.354,20,0,0.539
v15,aggressive,long,mixed,20,63,P2,74,0.39,0.14,0.388,0.398,20.0,0,0.584
v15,aggressive,long,mixed,20,63,2023,12,2.638,1.61,2.638,0.413,20.0,0,0.55
v15,aggressive,long,mixed,20,63,2024,51,-0.212,-0.18,-0.205,0.34,20,0,0.535
v15,aggressive,long,mixed,20,63,2025,50,2.164,0.7,2.155,0.432,20.0,0,0.593
v15,aggressive,long,mixed,20,63,2026,24,-3.306,-0.63,-3.293,0.329,20.0,0,0.563
v15,aggressive,long,stock,10,5,ALL,148,-0.018,-0.05,-0.015,0.475,10.0,0,0.587
v15,aggressive,long,stock,10,5,P1,63,-0.097,-0.26,-0.097,0.47,10,0,0.581
v15,aggressive,long,stock,10,5,P2,85,0.042,0.08,0.045,0.479,10,0,0.59
v15,aggressive,long,stock,10,5,2023,12,-0.54,-0.7,-0.54,0.467,10.0,0,0.582
v15,aggressive,long,stock,10,5,2024,51,0.007,0.02,0.007,0.471,10,0,0.58
v15,aggressive,long,stock,10,5,2025,50,0.068,0.14,0.079,0.477,10.0,0,0.567
v15,aggressive,long,stock,10,5,2026,35,0.005,0.0,-0.002,0.483,10,0,0.621
v15,aggressive,long,stock,10,20,ALL,145,0.275,0.36,0.269,0.467,10,0,0.585
v15,aggressive,long,stock,10,20,P1,63,0.47,0.47,0.47,0.502,10,0,0.581
v15,aggressive,long,stock,10,20,P2,82,0.124,0.11,0.114,0.441,10.0,0,0.588
v15,aggressive,long,stock,10,20,2023,12,-1.608,-1.79,-1.608,0.4,10.0,0,0.582
v15,aggressive,long,stock,10,20,2024,51,0.96,0.82,0.96,0.525,10,0,0.58
v15,aggressive,long,stock,10,20,2025,50,0.063,0.05,0.05,0.432,10.0,0,0.567
v15,aggressive,long,stock,10,20,2026,32,0.219,0.1,0.213,0.453,10.0,0,0.616
v15,aggressive,long,stock,10,63,ALL,137,1.254,0.7,1.241,0.436,10,0,0.581
v15,aggressive,long,stock,10,63,P1,63,1.851,1.45,1.851,0.457,10,0,0.581
v15,aggressive,long,stock,10,63,P2,74,0.746,0.24,0.723,0.418,10.0,0,0.579
v15,aggressive,long,stock,10,63,2023,12,5.742,2.58,5.742,0.492,10.0,0,0.582
v15,aggressive,long,stock,10,63,2024,51,0.935,0.92,0.935,0.449,10,0,0.58
v15,aggressive,long,stock,10,63,2025,50,2.414,0.69,2.368,0.444,10.0,0,0.567
v15,aggressive,long,stock,10,63,2026,24,-2.728,-0.45,-2.704,0.362,10.0,0,0.6
v15,aggressive,long,stock,20,5,ALL,148,0.002,0.01,-0.001,0.482,20.0,1,0.553
v15,aggressive,long,stock,20,5,P1,63,0.092,0.32,0.093,0.483,20,0,0.531
v15,aggressive,long,stock,20,5,P2,85,-0.065,-0.16,-0.07,0.482,20,1,0.57
v15,aggressive,long,stock,20,5,2023,12,-0.469,-0.87,-0.469,0.454,20.0,0,0.527
v15,aggressive,long,stock,20,5,2024,51,0.224,0.68,0.225,0.49,20,0,0.53
v15,aggressive,long,stock,20,5,2025,50,-0.064,-0.18,-0.067,0.478,20.0,1,0.572
v15,aggressive,long,stock,20,5,2026,35,-0.066,-0.08,-0.074,0.487,20,0,0.566
v15,aggressive,long,stock,20,20,ALL,145,0.42,0.61,0.406,0.472,20,1,0.553
v15,aggressive,long,stock,20,20,P1,63,0.855,1.0,0.858,0.499,20,0,0.531
v15,aggressive,long,stock,20,20,P2,82,0.086,0.08,0.059,0.451,20.0,1,0.57
v15,aggressive,long,stock,20,20,2023,12,-1.098,-1.2,-1.098,0.408,20.0,0,0.527
v15,aggressive,long,stock,20,20,2024,51,1.315,1.31,1.318,0.52,20,0,0.53
v15,aggressive,long,stock,20,20,2025,50,0.224,0.2,0.186,0.455,20.0,1,0.572
v15,aggressive,long,stock,20,20,2026,32,-0.13,-0.07,-0.139,0.445,20.0,0,0.566
v15,aggressive,long,stock,20,63,ALL,137,2.292,1.32,2.245,0.461,20,1,0.551
v15,aggressive,long,stock,20,63,P1,63,3.171,2.7,3.177,0.488,20,0,0.531
v15,aggressive,long,stock,20,63,P2,74,1.543,0.51,1.452,0.438,20.0,1,0.569
v15,aggressive,long,stock,20,63,2023,12,4.766,2.22,4.766,0.483,20.0,0,0.527
v15,aggressive,long,stock,20,63,2024,51,2.796,2.35,2.803,0.489,20,0,0.53
v15,aggressive,long,stock,20,63,2025,50,3.111,0.93,2.967,0.468,20.0,1,0.572
v15,aggressive,long,stock,20,63,2026,24,-1.722,-0.28,-1.704,0.377,20.0,0,0.561
v15,aggressive,mid,mixed,10,5,ALL,148,-0.064,-0.22,-0.058,0.45,10.0,0,0.632
v15,aggressive,mid,mixed,10,5,P1,63,-0.097,-0.28,-0.095,0.414,10,0,0.621
v15,aggressive,mid,mixed,10,5,P2,85,-0.039,-0.09,-0.031,0.477,10,0,0.64
v15,aggressive,mid,mixed,10,5,2023,12,-0.527,-0.88,-0.527,0.408,10.0,0,0.636
v15,aggressive,mid,mixed,10,5,2024,51,0.004,0.01,0.006,0.415,10,0,0.616
v15,aggressive,mid,mixed,10,5,2025,50,0.226,0.51,0.247,0.486,10.0,0,0.627
v15,aggressive,mid,mixed,10,5,2026,35,-0.417,-0.49,-0.428,0.465,10,0,0.662
v15,aggressive,mid,mixed,10,20,ALL,145,-0.24,-0.35,-0.243,0.387,10,0,0.631
v15,aggressive,mid,mixed,10,20,P1,63,-0.305,-0.34,-0.303,0.356,10,0,0.621
v15,aggressive,mid,mixed,10,20,P2,82,-0.19,-0.19,-0.198,0.41,10.0,0,0.638
v15,aggressive,mid,mixed,10,20,2023,12,-1.675,-1.92,-1.675,0.325,10.0,0,0.636
v15,aggressive,mid,mixed,10,20,2024,51,0.017,0.02,0.02,0.364,10,0,0.616
v15,aggressive,mid,mixed,10,20,2025,50,-0.236,-0.23,-0.255,0.388,10.0,0,0.627
v15,aggressive,mid,mixed,10,20,2026,32,-0.117,-0.06,-0.109,0.445,10.0,0,0.658
v15,aggressive,mid,mixed,10,63,ALL,137,-0.899,-0.59,-0.902,0.35,10,0,0.624
v15,aggressive,mid,mixed,10,63,P1,63,-0.707,-0.85,-0.694,0.328,10,0,0.621
v15,aggressive,mid,mixed,10,63,P2,74,-1.062,-0.39,-1.08,0.369,10.0,0,0.627
v15,aggressive,mid,mixed,10,63,2023,12,1.373,1.32,1.373,0.383,10.0,0,0.636
v15,aggressive,mid,mixed,10,63,2024,51,-1.197,-1.19,-1.181,0.315,10,0,0.616
v15,aggressive,mid,mixed,10,63,2025,50,0.443,0.14,0.4,0.398,10.0,0,0.627
v15,aggressive,mid,mixed,10,63,2026,24,-4.197,-0.83,-4.163,0.307,10.0,0,0.63
v15,aggressive,mid,mixed,20,5,ALL,148,-0.102,-0.43,-0.103,0.461,20.0,0,0.586
v15,aggressive,mid,mixed,20,5,P1,63,-0.19,-0.67,-0.19,0.421,20,0,0.566
v15,aggressive,mid,mixed,20,5,P2,85,-0.037,-0.1,-0.038,0.491,20,0,0.601
v15,aggressive,mid,mixed,20,5,2023,12,-0.292,-0.61,-0.292,0.429,20.0,0,0.582
v15,aggressive,mid,mixed,20,5,2024,51,-0.166,-0.5,-0.166,0.419,20,0,0.561
v15,aggressive,mid,mixed,20,5,2025,50,0.19,0.54,0.194,0.495,20.0,0,0.596
v15,aggressive,mid,mixed,20,5,2026,35,-0.362,-0.51,-0.369,0.485,20,0,0.604
v15,aggressive,mid,mixed,20,20,ALL,145,-0.256,-0.41,-0.258,0.4,20,0,0.584
v15,aggressive,mid,mixed,20,20,P1,63,-0.14,-0.18,-0.138,0.375,20,0,0.566
v15,aggressive,mid,mixed,20,20,P2,82,-0.346,-0.37,-0.351,0.419,20.0,0,0.598
v15,aggressive,mid,mixed,20,20,2023,12,-0.902,-1.32,-0.902,0.375,20.0,0,0.582
v15,aggressive,mid,mixed,20,20,2024,51,0.04,0.04,0.042,0.375,20,0,0.561
v15,aggressive,mid,mixed,20,20,2025,50,-0.099,-0.09,-0.106,0.412,20.0,0,0.596
v15,aggressive,mid,mixed,20,20,2026,32,-0.731,-0.42,-0.733,0.43,20.0,0,0.598
v15,aggressive,mid,mixed,20,63,ALL,137,-0.14,-0.09,-0.14,0.371,20,0,0.58
v15,aggressive,mid,mixed,20,63,P1,63,-0.381,-0.37,-0.375,0.344,20,0,0.566
v15,aggressive,mid,mixed,20,63,P2,74,0.065,0.02,0.061,0.394,20.0,0,0.592
v15,aggressive,mid,mixed,20,63,2023,12,1.53,2.15,1.53,0.4,20.0,0,0.582
v15,aggressive,mid,mixed,20,63,2024,51,-0.831,-0.72,-0.823,0.331,20,0,0.561
v15,aggressive,mid,mixed,20,63,2025,50,1.952,0.59,1.945,0.433,20.0,0,0.596
v15,aggressive,mid,mixed,20,63,2026,24,-3.864,-0.78,-3.865,0.312,20.0,0,0.578
v15,aggressive,mid,stock,10,5,ALL,148,0.036,0.11,0.04,0.474,10.0,0,0.61
v15,aggressive,mid,stock,10,5,P1,63,0.009,0.03,0.011,0.464,10,0,0.608
v15,aggressive,mid,stock,10,5,P2,85,0.056,0.11,0.061,0.482,10,0,0.611
v15,aggressive,mid,stock,10,5,2023,12,-0.673,-0.97,-0.673,0.442,10.0,0,0.591
v15,aggressive,mid,stock,10,5,2024,51,0.17,0.43,0.172,0.47,10,0,0.61
v15,aggressive,mid,stock,10,5,2025,50,0.212,0.43,0.231,0.489,10.0,0,0.596
v15,aggressive,mid,stock,10,5,2026,35,-0.167,-0.17,-0.183,0.471,10,0,0.632
v15,aggressive,mid,stock,10,20,ALL,145,0.609,0.77,0.603,0.474,10,0,0.609
v15,aggressive,mid,stock,10,20,P1,63,0.959,0.98,0.964,0.517,10,0,0.608
v15,aggressive,mid,stock,10,20,P2,82,0.34,0.29,0.326,0.441,10.0,0,0.61
v15,aggressive,mid,stock,10,20,2023,12,-1.241,-1.42,-1.241,0.4,10.0,0,0.591
v15,aggressive,mid,stock,10,20,2024,51,1.477,1.29,1.482,0.544,10,0,0.61
v15,aggressive,mid,stock,10,20,2025,50,0.46,0.35,0.437,0.432,10.0,0,0.596
v15,aggressive,mid,stock,10,20,2026,32,0.152,0.07,0.153,0.453,10.0,0,0.632
v15,aggressive,mid,stock,10,63,ALL,137,1.469,0.83,1.472,0.446,10,0,0.603
v15,aggressive,mid,stock,10,63,P1,63,2.358,2.33,2.374,0.471,10,0,0.608
v15,aggressive,mid,stock,10,63,P2,74,0.712,0.23,0.704,0.424,10.0,0,0.599
v15,aggressive,mid,stock,10,63,2023,12,4.079,2.89,4.079,0.467,10.0,0,0.591
v15,aggressive,mid,stock,10,63,2024,51,1.954,1.89,1.973,0.472,10,0,0.61
v15,aggressive,mid,stock,10,63,2025,50,2.517,0.71,2.471,0.45,10.0,0,0.596
v15,aggressive,mid,stock,10,63,2026,24,-3.048,-0.51,-2.978,0.371,10.0,0,0.604
v15,aggressive,mid,stock,20,5,ALL,148,0.05,0.19,0.045,0.491,20.0,1,0.57
v15,aggressive,mid,stock,20,5,P1,63,0.045,0.15,0.045,0.481,20,0,0.564
v15,aggressive,mid,stock,20,5,P2,85,0.054,0.14,0.045,0.498,20,1,0.576
v15,aggressive,mid,stock,20,5,2023,12,-0.161,-0.3,-0.161,0.454,20.0,0,0.564
v15,aggressive,mid,stock,20,5,2024,51,0.094,0.28,0.094,0.488,20,0,0.565
v15,aggressive,mid,stock,20,5,2025,50,0.144,0.39,0.136,0.497,20.0,1,0.579
v15,aggressive,mid,stock,20,5,2026,35,-0.076,-0.09,-0.084,0.498,20,0,0.574
v15,aggressive,mid,stock,20,20,ALL,145,0.155,0.23,0.137,0.464,20,1,0.57
v15,aggressive,mid,stock,20,20,P1,63,0.595,0.72,0.597,0.49,20,0,0.564
v15,aggressive,mid,stock,20,20,P2,82,-0.184,-0.18,-0.217,0.444,20.0,1,0.575
v15,aggressive,mid,stock,20,20,2023,12,-0.972,-1.31,-0.972,0.4,20.0,0,0.564
v15,aggressive,mid,stock,20,20,2024,51,0.964,0.98,0.967,0.511,20,0,0.565
v15,aggressive,mid,stock,20,20,2025,50,-0.032,-0.03,-0.08,0.446,20.0,1,0.579
v15,aggressive,mid,stock,20,20,2026,32,-0.422,-0.22,-0.43,0.441,20.0,0,0.571
v15,aggressive,mid,stock,20,63,ALL,137,1.974,1.09,1.937,0.454,20,1,0.567
v15,aggressive,mid,stock,20,63,P1,63,2.313,2.7,2.319,0.471,20,0,0.564
v15,aggressive,mid,stock,20,63,P2,74,1.685,0.52,1.612,0.439,20.0,1,0.571
v15,aggressive,mid,stock,20,63,2023,12,3.382,2.79,3.382,0.458,20.0,0,0.564
v15,aggressive,mid,stock,20,63,2024,51,2.062,2.27,2.069,0.474,20,0,0.565
v15,aggressive,mid,stock,20,63,2025,50,3.518,0.96,3.404,0.474,20.0,1,0.579
v15,aggressive,mid,stock,20,63,2026,24,-2.135,-0.34,-2.122,0.367,20.0,0,0.557
v15,aggressive,short,mixed,10,5,ALL,148,-0.088,-0.35,-0.088,0.467,10.0,0,0.668
v15,aggressive,short,mixed,10,5,P1,63,-0.167,-0.49,-0.167,0.411,10,0,0.663
v15,aggressive,short,mixed,10,5,P2,85,-0.029,-0.08,-0.029,0.508,10,0,0.671
v15,aggressive,short,mixed,10,5,2023,12,-0.366,-0.72,-0.366,0.375,10.0,0,0.682
v15,aggressive,short,mixed,10,5,2024,51,-0.121,-0.3,-0.121,0.42,10,0,0.66
v15,aggressive,short,mixed,10,5,2025,50,0.099,0.24,0.099,0.53,10.0,0,0.669
v15,aggressive,short,mixed,10,5,2026,35,-0.214,-0.33,-0.214,0.477,10,0,0.671
v15,aggressive,short,mixed,10,20,ALL,145,-0.995,-1.57,-0.995,0.382,10,0,0.667
v15,aggressive,short,mixed,10,20,P1,63,-0.688,-0.78,-0.688,0.343,10,0,0.663
v15,aggressive,short,mixed,10,20,P2,82,-1.23,-1.38,-1.23,0.412,10.0,0,0.669
v15,aggressive,short,mixed,10,20,2023,12,-2.21,-2.35,-2.21,0.292,10.0,0,0.682
v15,aggressive,short,mixed,10,20,2024,51,-0.33,-0.32,-0.33,0.355,10,0,0.66
v15,aggressive,short,mixed,10,20,2025,50,-1.084,-1.01,-1.084,0.41,10.0,0,0.669
v15,aggressive,short,mixed,10,20,2026,32,-1.458,-0.95,-1.458,0.416,10.0,0,0.665
v15,aggressive,short,mixed,10,63,ALL,137,-1.915,-1.11,-1.915,0.33,10,0,0.663
v15,aggressive,short,mixed,10,63,P1,63,-1.475,-1.27,-1.475,0.294,10,0,0.663
v15,aggressive,short,mixed,10,63,P2,74,-2.29,-0.75,-2.29,0.361,10.0,0,0.663
v15,aggressive,short,mixed,10,63,2023,12,-1.511,-1.55,-1.511,0.267,10.0,0,0.682
v15,aggressive,short,mixed,10,63,2024,51,-1.467,-1.04,-1.467,0.3,10,0,0.66
v15,aggressive,short,mixed,10,63,2025,50,0.506,0.13,0.506,0.412,10.0,0,0.669
v15,aggressive,short,mixed,10,63,2026,24,-8.114,-2.65,-8.114,0.254,10.0,0,0.643
v15,aggressive,short,mixed,20,5,ALL,148,-0.045,-0.19,-0.045,0.463,20.0,0,0.602
v15,aggressive,short,mixed,20,5,P1,63,0.044,0.15,0.044,0.429,20,0,0.595
v15,aggressive,short,mixed,20,5,P2,85,-0.11,-0.33,-0.111,0.487,20,0,0.608
v15,aggressive,short,mixed,20,5,2023,12,0.021,0.04,0.021,0.438,20.0,0,0.568
v15,aggressive,short,mixed,20,5,2024,51,0.05,0.15,0.049,0.427,20,0,0.598
v15,aggressive,short,mixed,20,5,2025,50,0.234,0.62,0.234,0.496,20.0,0,0.583
v15,aggressive,short,mixed,20,5,2026,35,-0.602,-1.02,-0.602,0.474,20,0,0.644
v15,aggressive,short,mixed,20,20,ALL,145,-0.745,-1.25,-0.742,0.391,20,0,0.6
v15,aggressive,short,mixed,20,20,P1,63,-0.537,-0.79,-0.535,0.359,20,0,0.595
v15,aggressive,short,mixed,20,20,P2,82,-0.905,-0.99,-0.901,0.416,20.0,0,0.604
v15,aggressive,short,mixed,20,20,2023,12,-1.186,-1.05,-1.186,0.329,20.0,0,0.568
v15,aggressive,short,mixed,20,20,2024,51,-0.384,-0.49,-0.382,0.366,20,0,0.598
v15,aggressive,short,mixed,20,20,2025,50,-0.134,-0.11,-0.128,0.421,20.0,0,0.583
v15,aggressive,short,mixed,20,20,2026,32,-2.11,-1.7,-2.11,0.408,20.0,0,0.637
v15,aggressive,short,mixed,20,63,ALL,137,-1.007,-0.55,-0.998,0.356,20,0,0.596
v15,aggressive,short,mixed,20,63,P1,63,-1.301,-1.41,-1.296,0.317,20,0,0.595
v15,aggressive,short,mixed,20,63,P2,74,-0.756,-0.23,-0.745,0.389,20.0,0,0.597
v15,aggressive,short,mixed,20,63,2023,12,-1.223,-1.67,-1.223,0.325,20.0,0,0.568
v15,aggressive,short,mixed,20,63,2024,51,-1.319,-1.18,-1.313,0.315,20,0,0.598
v15,aggressive,short,mixed,20,63,2025,50,2.14,0.53,2.157,0.438,20.0,0,0.583
v15,aggressive,short,mixed,20,63,2026,24,-6.789,-2.34,-6.789,0.285,20.0,0,0.626
v15,aggressive,short,stock,10,5,ALL,148,0.122,0.43,0.12,0.489,10.0,0,0.65
v15,aggressive,short,stock,10,5,P1,63,0.058,0.16,0.053,0.457,10,0,0.673
v15,aggressive,short,stock,10,5,P2,85,0.169,0.41,0.169,0.512,10,0,0.635
v15,aggressive,short,stock,10,5,2023,12,0.043,0.07,0.043,0.442,10.0,0,0.636
v15,aggressive,short,stock,10,5,2024,51,0.062,0.15,0.056,0.461,10,0,0.678
v15,aggressive,short,stock,10,5,2025,50,0.176,0.38,0.176,0.534,10.0,0,0.624
v15,aggressive,short,stock,10,5,2026,35,0.158,0.21,0.158,0.48,10,0,0.653
v15,aggressive,short,stock,10,20,ALL,145,-0.47,-0.63,-0.469,0.451,10,0,0.65
v15,aggressive,short,stock,10,20,P1,63,0.384,0.37,0.385,0.48,10,0,0.673
v15,aggressive,short,stock,10,20,P2,82,-1.126,-1.1,-1.126,0.428,10.0,0,0.633
v15,aggressive,short,stock,10,20,2023,12,-1.586,-1.41,-1.586,0.383,10.0,0,0.636
v15,aggressive,short,stock,10,20,2024,51,0.847,0.68,0.849,0.503,10,0,0.678
v15,aggressive,short,stock,10,20,2025,50,-0.888,-0.67,-0.888,0.434,10.0,0,0.624
v15,aggressive,short,stock,10,20,2026,32,-1.497,-0.92,-1.497,0.419,10.0,0,0.652
v15,aggressive,short,stock,10,63,ALL,137,0.269,0.14,0.262,0.425,10,0,0.646
v15,aggressive,short,stock,10,63,P1,63,1.701,1.65,1.686,0.441,10,0,0.673
v15,aggressive,short,stock,10,63,P2,74,-0.95,-0.27,-0.95,0.411,10.0,0,0.625
v15,aggressive,short,stock,10,63,2023,12,1.395,1.45,1.395,0.383,10.0,0,0.636
v15,aggressive,short,stock,10,63,2024,51,1.773,1.43,1.754,0.455,10,0,0.678
v15,aggressive,short,stock,10,63,2025,50,1.861,0.43,1.861,0.452,10.0,0,0.624
v15,aggressive,short,stock,10,63,2026,24,-6.807,-1.64,-6.807,0.325,10.0,0,0.63
v15,aggressive,short,stock,20,5,ALL,148,-0.066,-0.27,-0.067,0.479,20.0,0,0.587
v15,aggressive,short,stock,20,5,P1,63,0.06,0.2,0.06,0.461,20,0,0.59
v15,aggressive,short,stock,20,5,P2,85,-0.16,-0.45,-0.162,0.493,20,0,0.586
v15,aggressive,short,stock,20,5,2023,12,-0.097,-0.15,-0.097,0.467,20.0,0,0.591
v15,aggressive,short,stock,20,5,2024,51,0.097,0.28,0.097,0.46,20,0,0.589
v15,aggressive,short,stock,20,5,2025,50,0.139,0.34,0.137,0.503,20.0,0,0.558
v15,aggressive,short,stock,20,5,2026,35,-0.587,-0.93,-0.589,0.478,20,0,0.626
v15,aggressive,short,stock,20,20,ALL,145,-0.588,-0.92,-0.587,0.44,20,0,0.585
v15,aggressive,short,stock,20,20,P1,63,0.082,0.1,0.082,0.461,20,0,0.59
v15,aggressive,short,stock,20,20,P2,82,-1.102,-1.19,-1.101,0.423,20.0,0,0.582
v15,aggressive,short,stock,20,20,2023,12,-1.152,-0.84,-1.152,0.383,20.0,0,0.591
v15,aggressive,short,stock,20,20,2024,51,0.372,0.4,0.372,0.479,20,0,0.589
v15,aggressive,short,stock,20,20,2025,50,-0.374,-0.3,-0.368,0.436,20.0,0,0.558
v15,aggressive,short,stock,20,20,2026,32,-2.24,-1.76,-2.246,0.404,20.0,0,0.621
v15,aggressive,short,stock,20,63,ALL,137,0.228,0.12,0.238,0.426,20,0,0.583
v15,aggressive,short,stock,20,63,P1,63,0.674,0.85,0.678,0.428,20,0,0.59
v15,aggressive,short,stock,20,63,P2,74,-0.151,-0.04,-0.137,0.424,20.0,0,0.577
v15,aggressive,short,stock,20,63,2023,12,0.318,0.62,0.318,0.404,20.0,0,0.591
v15,aggressive,short,stock,20,63,2024,51,0.758,0.78,0.763,0.433,20,0,0.589
v15,aggressive,short,stock,20,63,2025,50,2.926,0.7,2.948,0.477,20.0,0,0.558
v15,aggressive,short,stock,20,63,2026,24,-6.561,-2.0,-6.565,0.314,20.0,0,0.617
v15,balanced,long,mixed,10,5,ALL,148,-0.053,-0.19,-0.053,0.464,10.0,0,0.62
v15,balanced,long,mixed,10,5,P1,63,-0.029,-0.08,-0.027,0.444,10,0,0.618
v15,balanced,long,mixed,10,5,P2,85,-0.072,-0.17,-0.072,0.478,10,0,0.624
v15,balanced,long,mixed,10,5,2023,12,-0.423,-0.62,-0.423,0.442,10.0,0,0.627
v15,balanced,long,mixed,10,5,2024,51,0.064,0.16,0.066,0.444,10,0,0.612
v15,balanced,long,mixed,10,5,2025,50,-0.136,-0.31,-0.127,0.471,10.0,0,0.624
v15,balanced,long,mixed,10,5,2026,35,0.02,0.02,0.006,0.488,10,0,0.621
v15,balanced,long,mixed,10,20,ALL,145,-0.152,-0.21,-0.163,0.399,10,0,0.619
v15,balanced,long,mixed,10,20,P1,63,-0.183,-0.19,-0.184,0.359,10,0,0.618
v15,balanced,long,mixed,10,20,P2,82,-0.128,-0.12,-0.147,0.43,10.0,0,0.622
v15,balanced,long,mixed,10,20,2023,12,-2.238,-3.41,-2.238,0.308,10.0,0,0.627
v15,balanced,long,mixed,10,20,2024,51,0.301,0.27,0.3,0.371,10,0,0.612
v15,balanced,long,mixed,10,20,2025,50,-0.556,-0.39,-0.578,0.408,10.0,0,0.624
v15,balanced,long,mixed,10,20,2026,32,0.541,0.34,0.527,0.463,10.0,0,0.616
v15,balanced,long,mixed,10,63,ALL,137,0.16,0.11,0.147,0.367,10,0,0.619
v15,balanced,long,mixed,10,63,P1,63,-0.091,-0.09,-0.077,0.337,10,0,0.618
v15,balanced,long,mixed,10,63,P2,74,0.374,0.14,0.338,0.393,10.0,0,0.622
v15,balanced,long,mixed,10,63,2023,12,1.472,1.41,1.472,0.383,10.0,0,0.627
v15,balanced,long,mixed,10,63,2024,51,-0.459,-0.37,-0.442,0.327,10,0,0.612
v15,balanced,long,mixed,10,63,2025,50,2.229,0.65,2.199,0.418,10.0,0,0.624
v15,balanced,long,mixed,10,63,2026,24,-3.49,-0.96,-3.539,0.341,10.0,0,0.613
v15,balanced,long,mixed,20,5,ALL,148,-0.018,-0.08,-0.019,0.466,20.0,0,0.591
v15,balanced,long,mixed,20,5,P1,63,-0.054,-0.19,-0.054,0.442,20,0,0.568
v15,balanced,long,mixed,20,5,P2,85,0.008,0.02,0.006,0.484,20,0,0.608
v15,balanced,long,mixed,20,5,2023,12,-0.234,-0.44,-0.234,0.438,20.0,0,0.545
v15,balanced,long,mixed,20,5,2024,51,-0.012,-0.04,-0.011,0.443,20,0,0.569
v15,balanced,long,mixed,20,5,2025,50,-0.054,-0.18,-0.053,0.472,20.0,0,0.605
v15,balanced,long,mixed,20,5,2026,35,0.097,0.14,0.089,0.501,20,0,0.615
v15,balanced,long,mixed,20,20,ALL,145,0.066,0.12,0.064,0.416,20,0,0.589
v15,balanced,long,mixed,20,20,P1,63,0.097,0.13,0.1,0.387,20,0,0.568
v15,balanced,long,mixed,20,20,P2,82,0.043,0.05,0.037,0.438,20.0,0,0.606
v15,balanced,long,mixed,20,20,2023,12,-1.044,-1.02,-1.044,0.375,20.0,0,0.545
v15,balanced,long,mixed,20,20,2024,51,0.365,0.44,0.369,0.39,20,0,0.569
v15,balanced,long,mixed,20,20,2025,50,-0.158,-0.15,-0.161,0.431,20.0,0,0.605
v15,balanced,long,mixed,20,20,2026,32,0.357,0.26,0.346,0.448,20.0,0,0.608
v15,balanced,long,mixed,20,63,ALL,137,0.768,0.51,0.773,0.389,20,0,0.586
v15,balanced,long,mixed,20,63,P1,63,0.51,0.46,0.516,0.359,20,0,0.568
v15,balanced,long,mixed,20,63,P2,74,0.987,0.38,0.992,0.414,20.0,0,0.602
v15,balanced,long,mixed,20,63,2023,12,3.591,2.13,3.591,0.417,20.0,0,0.545
v15,balanced,long,mixed,20,63,2024,51,-0.215,-0.19,-0.207,0.346,20,0,0.569
v15,balanced,long,mixed,20,63,2025,50,2.729,0.87,2.734,0.445,20.0,0,0.605
v15,balanced,long,mixed,20,63,2026,24,-2.644,-0.63,-2.638,0.35,20.0,0,0.598
v15,balanced,long,stock,10,5,ALL,148,0.073,0.24,0.071,0.484,10.0,1,0.584
v15,balanced,long,stock,10,5,P1,63,0.076,0.21,0.077,0.485,10,0,0.581
v15,balanced,long,stock,10,5,P2,85,0.07,0.15,0.068,0.484,10,1,0.587
v15,balanced,long,stock,10,5,2023,12,-0.433,-0.53,-0.433,0.475,10.0,0,0.582
v15,balanced,long,stock,10,5,2024,51,0.196,0.48,0.196,0.487,10,0,0.578
v15,balanced,long,stock,10,5,2025,50,-0.062,-0.14,-0.052,0.475,10.0,1,0.584
v15,balanced,long,stock,10,5,2026,35,0.259,0.28,0.239,0.497,10,0,0.588
v15,balanced,long,stock,10,20,ALL,145,0.551,0.73,0.538,0.485,10,1,0.583
v15,balanced,long,stock,10,20,P1,63,0.775,0.78,0.777,0.509,10,0,0.581
v15,balanced,long,stock,10,20,P2,82,0.379,0.34,0.354,0.466,10.0,1,0.585
v15,balanced,long,stock,10,20,2023,12,-1.822,-2.31,-1.822,0.392,10.0,0,0.582
v15,balanced,long,stock,10,20,2024,51,1.386,1.19,1.389,0.536,10,0,0.578
v15,balanced,long,stock,10,20,2025,50,-0.059,-0.04,-0.084,0.458,10.0,1,0.584
v15,balanced,long,stock,10,20,2026,32,1.063,0.6,1.038,0.478,10.0,0,0.584
v15,balanced,long,stock,10,63,ALL,137,2.416,1.53,2.413,0.455,10,1,0.582
v15,balanced,long,stock,10,63,P1,63,2.814,2.29,2.831,0.461,10,0,0.581
v15,balanced,long,stock,10,63,P2,74,2.076,0.77,2.056,0.449,10.0,1,0.584
v15,balanced,long,stock,10,63,2023,12,4.55,2.7,4.55,0.467,10.0,0,0.582
v15,balanced,long,stock,10,63,2024,51,2.406,1.87,2.427,0.46,10,0,0.578
v15,balanced,long,stock,10,63,2025,50,3.649,1.12,3.618,0.476,10.0,1,0.584
v15,balanced,long,stock,10,63,2026,24,-1.201,-0.25,-1.198,0.392,10.0,0,0.578
v15,balanced,long,stock,20,5,ALL,148,0.078,0.31,0.077,0.49,20.0,1,0.563
v15,balanced,long,stock,20,5,P1,63,0.095,0.33,0.095,0.482,20,0,0.54
v15,balanced,long,stock,20,5,P2,85,0.065,0.17,0.063,0.497,20,1,0.58
v15,balanced,long,stock,20,5,2023,12,-0.258,-0.43,-0.258,0.462,20.0,0,0.536
v15,balanced,long,stock,20,5,2024,51,0.178,0.54,0.179,0.487,20,0,0.538
v15,balanced,long,stock,20,5,2025,50,-0.102,-0.29,-0.096,0.484,20.0,1,0.582
v15,balanced,long,stock,20,5,2026,35,0.302,0.4,0.291,0.515,20,0,0.582
v15,balanced,long,stock,20,20,ALL,145,0.374,0.6,0.354,0.47,20,1,0.564
v15,balanced,long,stock,20,20,P1,63,0.85,1.04,0.852,0.496,20,0,0.54
v15,balanced,long,stock,20,20,P2,82,0.009,0.01,-0.03,0.45,20.0,1,0.581
v15,balanced,long,stock,20,20,2023,12,-0.9,-0.86,-0.9,0.413,20.0,0,0.536
v15,balanced,long,stock,20,20,2024,51,1.261,1.3,1.265,0.515,20,0,0.538
v15,balanced,long,stock,20,20,2025,50,-0.069,-0.06,-0.123,0.454,20.0,1,0.582
v15,balanced,long,stock,20,20,2026,32,0.131,0.09,0.116,0.442,20.0,0,0.585
v15,balanced,long,stock,20,63,ALL,137,2.423,1.45,2.375,0.464,20,1,0.56
v15,balanced,long,stock,20,63,P1,63,2.937,2.41,2.943,0.481,20,0,0.54
v15,balanced,long,stock,20,63,P2,74,1.985,0.69,1.891,0.45,20.0,1,0.577
v15,balanced,long,stock,20,63,2023,12,5.221,2.53,5.221,0.471,20.0,0,0.536
v15,balanced,long,stock,20,63,2024,51,2.399,2.01,2.407,0.484,20,0,0.538
v15,balanced,long,stock,20,63,2025,50,4.129,1.2,3.988,0.482,20.0,1,0.582
v15,balanced,long,stock,20,63,2026,24,-2.48,-0.53,-2.478,0.381,20.0,0,0.574
v15,balanced,mid,mixed,10,5,ALL,148,0.111,0.42,0.111,0.464,10.0,0,0.644
v15,balanced,mid,mixed,10,5,P1,63,-0.019,-0.06,-0.017,0.433,10,0,0.632
v15,balanced,mid,mixed,10,5,P2,85,0.207,0.52,0.207,0.486,10,0,0.654
v15,balanced,mid,mixed,10,5,2023,12,-0.434,-0.72,-0.434,0.425,10.0,0,0.645
v15,balanced,mid,mixed,10,5,2024,51,0.079,0.23,0.081,0.434,10,0,0.626
v15,balanced,mid,mixed,10,5,2025,50,0.114,0.27,0.123,0.487,10.0,0,0.655
v15,balanced,mid,mixed,10,5,2026,35,0.341,0.45,0.326,0.485,10,0,0.65
v15,balanced,mid,mixed,10,20,ALL,145,-0.297,-0.46,-0.307,0.389,10,0,0.643
v15,balanced,mid,mixed,10,20,P1,63,-0.1,-0.11,-0.101,0.347,10,0,0.632
v15,balanced,mid,mixed,10,20,P2,82,-0.448,-0.5,-0.466,0.422,10.0,0,0.653
v15,balanced,mid,mixed,10,20,2023,12,-2.213,-2.93,-2.213,0.292,10.0,0,0.645
v15,balanced,mid,mixed,10,20,2024,51,0.397,0.37,0.396,0.359,10,0,0.626
v15,balanced,mid,mixed,10,20,2025,50,-0.835,-0.74,-0.855,0.412,10.0,0,0.655
v15,balanced,mid,mixed,10,20,2026,32,0.155,0.1,0.143,0.438,10.0,0,0.648
v15,balanced,mid,mixed,10,63,ALL,137,-0.199,-0.13,-0.209,0.363,10,0,0.64
v15,balanced,mid,mixed,10,63,P1,63,0.162,0.15,0.176,0.337,10,0,0.632
v15,balanced,mid,mixed,10,63,P2,74,-0.506,-0.19,-0.536,0.385,10.0,0,0.649
v15,balanced,mid,mixed,10,63,2023,12,0.243,0.34,0.243,0.358,10.0,0,0.645
v15,balanced,mid,mixed,10,63,2024,51,0.142,0.11,0.16,0.332,10,0,0.626
v15,balanced,mid,mixed,10,63,2025,50,1.695,0.51,1.667,0.414,10.0,0,0.655
v15,balanced,mid,mixed,10,63,2026,24,-5.09,-1.51,-5.124,0.324,10.0,0,0.635
v15,balanced,mid,mixed,20,5,ALL,148,-0.025,-0.11,-0.027,0.469,20.0,0,0.608
v15,balanced,mid,mixed,20,5,P1,63,-0.106,-0.38,-0.106,0.437,20,0,0.6
v15,balanced,mid,mixed,20,5,P2,85,0.035,0.1,0.032,0.492,20,0,0.615
v15,balanced,mid,mixed,20,5,2023,12,-0.194,-0.39,-0.194,0.425,20.0,0,0.568
v15,balanced,mid,mixed,20,5,2024,51,-0.085,-0.27,-0.085,0.44,20,0,0.602
v15,balanced,mid,mixed,20,5,2025,50,-0.052,-0.16,-0.051,0.484,20.0,0,0.617
v15,balanced,mid,mixed,20,5,2026,35,0.159,0.24,0.151,0.504,20,0,0.613
v15,balanced,mid,mixed,20,20,ALL,145,-0.095,-0.16,-0.097,0.408,20,0,0.606
v15,balanced,mid,mixed,20,20,P1,63,-0.254,-0.34,-0.252,0.367,20,0,0.6
v15,balanced,mid,mixed,20,20,P2,82,0.027,0.03,0.022,0.44,20.0,0,0.612
v15,balanced,mid,mixed,20,20,2023,12,-1.176,-1.37,-1.176,0.362,20.0,0,0.568
v15,balanced,mid,mixed,20,20,2024,51,-0.038,-0.04,-0.034,0.368,20,0,0.602
v15,balanced,mid,mixed,20,20,2025,50,-0.089,-0.08,-0.093,0.435,20.0,0,0.617
v15,balanced,mid,mixed,20,20,2026,32,0.209,0.15,0.201,0.447,20.0,0,0.606
v15,balanced,mid,mixed,20,63,ALL,137,0.132,0.08,0.133,0.373,20,0,0.603
v15,balanced,mid,mixed,20,63,P1,63,-0.269,-0.29,-0.262,0.337,20,0,0.6
v15,balanced,mid,mixed,20,63,P2,74,0.472,0.17,0.469,0.405,20.0,0,0.607
v15,balanced,mid,mixed,20,63,2023,12,0.782,1.47,0.782,0.371,20.0,0,0.568
v15,balanced,mid,mixed,20,63,2024,51,-0.516,-0.46,-0.507,0.329,20,0,0.602
v15,balanced,mid,mixed,20,63,2025,50,2.769,0.77,2.771,0.447,20.0,0,0.617
v15,balanced,mid,mixed,20,63,2026,24,-4.311,-1.23,-4.327,0.316,20.0,0,0.587
v15,balanced,mid,stock,10,5,ALL,148,0.113,0.39,0.11,0.484,10.0,1,0.616
v15,balanced,mid,stock,10,5,P1,63,0.054,0.16,0.056,0.48,10,0,0.626
v15,balanced,mid,stock,10,5,P2,85,0.156,0.36,0.15,0.487,10,1,0.611
v15,balanced,mid,stock,10,5,2023,12,-0.5,-0.73,-0.5,0.475,10.0,0,0.618
v15,balanced,mid,stock,10,5,2024,51,0.184,0.5,0.187,0.482,10,0,0.626
v15,balanced,mid,stock,10,5,2025,50,-0.087,-0.2,-0.079,0.474,10.0,1,0.604
v15,balanced,mid,stock,10,5,2026,35,0.503,0.58,0.477,0.505,10,0,0.621
v15,balanced,mid,stock,10,20,ALL,145,0.341,0.45,0.328,0.473,10,1,0.615
v15,balanced,mid,stock,10,20,P1,63,1.183,1.1,1.188,0.506,10,0,0.626
v15,balanced,mid,stock,10,20,P2,82,-0.307,-0.29,-0.334,0.448,10.0,1,0.609
v15,balanced,mid,stock,10,20,2023,12,-1.672,-1.76,-1.672,0.383,10.0,0,0.618
v15,balanced,mid,stock,10,20,2024,51,1.855,1.49,1.861,0.534,10,0,0.626
v15,balanced,mid,stock,10,20,2025,50,-0.771,-0.58,-0.798,0.439,10.0,1,0.604
v15,balanced,mid,stock,10,20,2026,32,0.419,0.25,0.391,0.461,10.0,0,0.616
v15,balanced,mid,stock,10,63,ALL,137,1.96,1.17,1.95,0.453,10,1,0.615
v15,balanced,mid,stock,10,63,P1,63,3.412,3.06,3.433,0.479,10,0,0.626
v15,balanced,mid,stock,10,63,P2,74,0.724,0.25,0.686,0.43,10.0,1,0.608
v15,balanced,mid,stock,10,63,2023,12,3.403,3.4,3.403,0.45,10.0,0,0.618
v15,balanced,mid,stock,10,63,2024,51,3.414,2.56,3.441,0.486,10,0,0.626
v15,balanced,mid,stock,10,63,2025,50,2.889,0.83,2.839,0.459,10.0,1,0.604
v15,balanced,mid,stock,10,63,2026,24,-3.786,-0.92,-3.798,0.371,10.0,0,0.617
v15,balanced,mid,stock,20,5,ALL,148,0.069,0.29,0.069,0.493,20.0,1,0.59
v15,balanced,mid,stock,20,5,P1,63,0.04,0.14,0.04,0.48,20,0,0.585
v15,balanced,mid,stock,20,5,P2,85,0.091,0.25,0.091,0.503,20,1,0.595
v15,balanced,mid,stock,20,5,2023,12,-0.089,-0.16,-0.089,0.467,20.0,0,0.568
v15,balanced,mid,stock,20,5,2024,51,0.07,0.21,0.07,0.484,20,0,0.587
v15,balanced,mid,stock,20,5,2025,50,0.03,0.08,0.038,0.502,20.0,1,0.594
v15,balanced,mid,stock,20,5,2026,35,0.179,0.25,0.167,0.505,20,0,0.601
v15,balanced,mid,stock,20,20,ALL,145,0.291,0.46,0.274,0.469,20,1,0.587
v15,balanced,mid,stock,20,20,P1,63,0.559,0.66,0.562,0.489,20,0,0.585
v15,balanced,mid,stock,20,20,P2,82,0.085,0.09,0.052,0.454,20.0,1,0.591
v15,balanced,mid,stock,20,20,2023,12,-0.87,-0.88,-0.87,0.413,20.0,0,0.568
v15,balanced,mid,stock,20,20,2024,51,0.896,0.89,0.899,0.507,20,0,0.587
v15,balanced,mid,stock,20,20,2025,50,0.037,0.03,-0.007,0.456,20.0,1,0.594
v15,balanced,mid,stock,20,20,2026,32,0.159,0.11,0.144,0.451,20.0,0,0.59
v15,balanced,mid,stock,20,63,ALL,137,1.891,1.1,1.85,0.453,20,1,0.585
v15,balanced,mid,stock,20,63,P1,63,2.613,2.51,2.619,0.467,20,0,0.585
v15,balanced,mid,stock,20,63,P2,74,1.275,0.43,1.195,0.441,20.0,1,0.586
v15,balanced,mid,stock,20,63,2023,12,3.965,2.74,3.965,0.446,20.0,0,0.568
v15,balanced,mid,stock,20,63,2024,51,2.295,2.04,2.303,0.472,20,0,0.587
v15,balanced,mid,stock,20,63,2025,50,3.974,1.09,3.863,0.485,20.0,1,0.594
v15,balanced,mid,stock,20,63,2026,24,-4.346,-1.15,-4.363,0.35,20.0,0,0.576
v15,balanced,short,mixed,10,5,ALL,148,-0.094,-0.36,-0.095,0.454,10.0,0,0.686
v15,balanced,short,mixed,10,5,P1,63,-0.08,-0.23,-0.082,0.411,10,0,0.669
v15,balanced,short,mixed,10,5,P2,85,-0.105,-0.28,-0.105,0.485,10,0,0.698
v15,balanced,short,mixed,10,5,2023,12,-0.004,-0.01,-0.004,0.4,10.0,0,0.664
v15,balanced,short,mixed,10,5,2024,51,-0.098,-0.24,-0.101,0.414,10,0,0.668
v15,balanced,short,mixed,10,5,2025,50,-0.13,-0.32,-0.13,0.498,10.0,0,0.68
v15,balanced,short,mixed,10,5,2026,35,-0.069,-0.1,-0.069,0.466,10,0,0.721
v15,balanced,short,mixed,10,20,ALL,145,-0.762,-1.26,-0.765,0.382,10,0,0.685
v15,balanced,short,mixed,10,20,P1,63,-0.489,-0.55,-0.496,0.338,10,0,0.669
v15,balanced,short,mixed,10,20,P2,82,-0.972,-1.18,-0.972,0.416,10.0,0,0.696
v15,balanced,short,mixed,10,20,2023,12,-1.386,-1.67,-1.386,0.308,10.0,0,0.664
v15,balanced,short,mixed,10,20,2024,51,-0.277,-0.26,-0.286,0.346,10,0,0.668
v15,balanced,short,mixed,10,20,2025,50,-0.96,-0.87,-0.96,0.412,10.0,0,0.68
v15,balanced,short,mixed,10,20,2026,32,-0.991,-0.82,-0.991,0.422,10.0,0,0.719
v15,balanced,short,mixed,10,63,ALL,137,-1.305,-0.76,-1.304,0.344,10,0,0.681
v15,balanced,short,mixed,10,63,P1,63,-0.966,-0.82,-0.964,0.307,10,0,0.669
v15,balanced,short,mixed,10,63,P2,74,-1.594,-0.53,-1.594,0.376,10.0,0,0.689
v15,balanced,short,mixed,10,63,2023,12,-0.569,-0.57,-0.569,0.308,10.0,0,0.664
v15,balanced,short,mixed,10,63,2024,51,-1.059,-0.74,-1.057,0.307,10,0,0.668
v15,balanced,short,mixed,10,63,2025,50,1.367,0.37,1.367,0.426,10.0,0,0.68
v15,balanced,short,mixed,10,63,2026,24,-7.764,-5.66,-7.764,0.271,10.0,0,0.704
v15,balanced,short,mixed,20,5,ALL,148,-0.074,-0.36,-0.075,0.46,20.0,0,0.63
v15,balanced,short,mixed,20,5,P1,63,-0.13,-0.49,-0.13,0.424,20,0,0.631
v15,balanced,short,mixed,20,5,P2,85,-0.032,-0.11,-0.033,0.486,20,0,0.63
v15,balanced,short,mixed,20,5,2023,12,-0.06,-0.12,-0.06,0.425,20.0,0,0.623
v15,balanced,short,mixed,20,5,2024,51,-0.146,-0.48,-0.147,0.424,20,0,0.631
v15,balanced,short,mixed,20,5,2025,50,-0.031,-0.09,-0.032,0.479,20.0,0,0.623
v15,balanced,short,mixed,20,5,2026,35,-0.035,-0.06,-0.035,0.494,20,0,0.641
v15,balanced,short,mixed,20,20,ALL,145,-0.699,-1.34,-0.699,0.39,20,0,0.628
v15,balanced,short,mixed,20,20,P1,63,-0.705,-0.98,-0.707,0.34,20,0,0.631
v15,balanced,short,mixed,20,20,P2,82,-0.694,-0.94,-0.693,0.428,20.0,0,0.627
v15,balanced,short,mixed,20,20,2023,12,-1.36,-1.39,-1.36,0.321,20.0,0,0.623
v15,balanced,short,mixed,20,20,2024,51,-0.551,-0.65,-0.553,0.344,20,0,0.631
v15,balanced,short,mixed,20,20,2025,50,-0.523,-0.51,-0.52,0.429,20.0,0,0.623
v15,balanced,short,mixed,20,20,2026,32,-0.962,-0.96,-0.962,0.427,20.0,0,0.635
v15,balanced,short,mixed,20,63,ALL,137,-1.231,-0.74,-1.228,0.358,20,0,0.626
v15,balanced,short,mixed,20,63,P1,63,-1.746,-1.9,-1.749,0.316,20,0,0.631
v15,balanced,short,mixed,20,63,P2,74,-0.793,-0.27,-0.785,0.395,20.0,0,0.623
v15,balanced,short,mixed,20,63,2023,12,-1.351,-2.97,-1.351,0.337,20.0,0,0.623
v15,balanced,short,mixed,20,63,2024,51,-1.839,-1.62,-1.843,0.31,20,0,0.631
v15,balanced,short,mixed,20,63,2025,50,2.164,0.6,2.176,0.44,20.0,0,0.623
v15,balanced,short,mixed,20,63,2026,24,-6.954,-4.59,-6.954,0.3,20.0,0,0.624
v15,balanced,short,stock,10,5,ALL,148,-0.021,-0.08,-0.022,0.486,10.0,0,0.682
v15,balanced,short,stock,10,5,P1,63,-0.049,-0.14,-0.052,0.461,10,0,0.702
v15,balanced,short,stock,10,5,P2,85,-0.0,-0.0,-0.0,0.505,10,0,0.668
v15,balanced,short,stock,10,5,2023,12,0.305,0.53,0.305,0.467,10.0,0,0.691
v15,balanced,short,stock,10,5,2024,51,-0.133,-0.32,-0.136,0.459,10,0,0.704
v15,balanced,short,stock,10,5,2025,50,-0.079,-0.18,-0.079,0.514,10.0,0,0.651
v15,balanced,short,stock,10,5,2026,35,0.112,0.14,0.112,0.491,10,0,0.688
v15,balanced,short,stock,10,20,ALL,145,-0.557,-0.82,-0.56,0.452,10,0,0.682
v15,balanced,short,stock,10,20,P1,63,0.1,0.11,0.094,0.472,10,0,0.702
v15,balanced,short,stock,10,20,P2,82,-1.062,-1.11,-1.062,0.437,10.0,0,0.667
v15,balanced,short,stock,10,20,2023,12,-0.693,-0.69,-0.693,0.392,10.0,0,0.691
v15,balanced,short,stock,10,20,2024,51,0.287,0.26,0.279,0.491,10,0,0.704
v15,balanced,short,stock,10,20,2025,50,-1.279,-0.99,-1.279,0.434,10.0,0,0.651
v15,balanced,short,stock,10,20,2026,32,-0.724,-0.53,-0.724,0.441,10.0,0,0.687
v15,balanced,short,stock,10,63,ALL,137,0.673,0.34,0.676,0.436,10,0,0.682
v15,balanced,short,stock,10,63,P1,63,1.599,1.28,1.605,0.441,10,0,0.702
v15,balanced,short,stock,10,63,P2,74,-0.115,-0.03,-0.115,0.432,10.0,0,0.664
v15,balanced,short,stock,10,63,2023,12,1.702,1.83,1.702,0.408,10.0,0,0.691
v15,balanced,short,stock,10,63,2024,51,1.574,1.04,1.582,0.448,10,0,0.704
v15,balanced,short,stock,10,63,2025,50,3.138,0.75,3.138,0.474,10.0,0,0.651
v15,balanced,short,stock,10,63,2026,24,-6.891,-3.15,-6.891,0.346,10.0,0,0.687
v15,balanced,short,stock,20,5,ALL,148,-0.023,-0.1,-0.023,0.479,20.0,1,0.611
v15,balanced,short,stock,20,5,P1,63,-0.039,-0.15,-0.039,0.457,20,0,0.615
v15,balanced,short,stock,20,5,P2,85,-0.01,-0.03,-0.011,0.495,20,1,0.61
v15,balanced,short,stock,20,5,2023,12,-0.184,-0.29,-0.184,0.462,20.0,0,0.623
v15,balanced,short,stock,20,5,2024,51,-0.005,-0.02,-0.005,0.456,20,0,0.613
v15,balanced,short,stock,20,5,2025,50,-0.01,-0.03,-0.009,0.49,20.0,1,0.595
v15,balanced,short,stock,20,5,2026,35,-0.011,-0.02,-0.014,0.502,20,0,0.634
v15,balanced,short,stock,20,20,ALL,145,-0.434,-0.78,-0.437,0.446,20,1,0.609
v15,balanced,short,stock,20,20,P1,63,-0.032,-0.04,-0.032,0.455,20,0,0.615
v15,balanced,short,stock,20,20,P2,82,-0.743,-0.97,-0.748,0.439,20.0,1,0.605
v15,balanced,short,stock,20,20,2023,12,-1.491,-1.3,-1.491,0.371,20.0,0,0.623
v15,balanced,short,stock,20,20,2024,51,0.312,0.34,0.311,0.474,20,0,0.613
v15,balanced,short,stock,20,20,2025,50,-0.566,-0.52,-0.57,0.445,20.0,1,0.595
v15,balanced,short,stock,20,20,2026,32,-1.019,-1.04,-1.025,0.429,20.0,0,0.624
v15,balanced,short,stock,20,63,ALL,137,0.001,0.0,-0.02,0.424,20,1,0.606
v15,balanced,short,stock,20,63,P1,63,0.183,0.22,0.183,0.426,20,0,0.615
v15,balanced,short,stock,20,63,P2,74,-0.154,-0.05,-0.192,0.423,20.0,1,0.599
v15,balanced,short,stock,20,63,2023,12,0.158,0.23,0.158,0.4,20.0,0,0.623
v15,balanced,short,stock,20,63,2024,51,0.189,0.19,0.189,0.432,20,0,0.613
v15,balanced,short,stock,20,63,2025,50,2.761,0.74,2.71,0.469,20.0,1,0.595
v15,balanced,short,stock,20,63,2026,24,-6.227,-3.22,-6.237,0.328,20.0,0,0.613
v15,conservative,long,mixed,10,5,ALL,148,-0.257,-1.63,-0.246,0.449,10.0,1,0.788
v15,conservative,long,mixed,10,5,P1,63,-0.273,-1.24,-0.273,0.457,10,0,0.776
v15,conservative,long,mixed,10,5,P2,85,-0.246,-1.11,-0.226,0.442,10,1,0.798
v15,conservative,long,mixed,10,5,2023,12,-0.599,-1.18,-0.599,0.442,10.0,0,0.809
v15,conservative,long,mixed,10,5,2024,51,-0.196,-0.81,-0.196,0.461,10,0,0.766
v15,conservative,long,mixed,10,5,2025,50,-0.281,-1.0,-0.246,0.434,10.0,1,0.814
v15,conservative,long,mixed,10,5,2026,35,-0.196,-0.54,-0.196,0.454,10,0,0.774
v15,conservative,long,mixed,10,20,ALL,145,-1.465,-3.58,-1.427,0.387,10,1,0.79
v15,conservative,long,mixed,10,20,P1,63,-1.371,-2.29,-1.371,0.389,10,0,0.776
v15,conservative,long,mixed,10,20,P2,82,-1.538,-2.76,-1.47,0.385,10.0,1,0.801
v15,conservative,long,mixed,10,20,2023,12,-2.732,-2.9,-2.732,0.275,10.0,0,0.809
v15,conservative,long,mixed,10,20,2024,51,-1.051,-1.54,-1.051,0.416,10,0,0.766
v15,conservative,long,mixed,10,20,2025,50,-1.289,-1.93,-1.178,0.392,10.0,1,0.814
v15,conservative,long,mixed,10,20,2026,32,-1.927,-2.03,-1.927,0.375,10.0,0,0.781
v15,conservative,long,mixed,10,63,ALL,137,-3.204,-2.52,-3.205,0.361,10,1,0.788
v15,conservative,long,mixed,10,63,P1,63,-2.854,-2.35,-2.854,0.368,10,0,0.776
v15,conservative,long,mixed,10,63,P2,74,-3.502,-1.67,-3.504,0.354,10.0,1,0.8
v15,conservative,long,mixed,10,63,2023,12,-5.699,-3.54,-5.699,0.3,10.0,0,0.809
v15,conservative,long,mixed,10,63,2024,51,-2.184,-1.69,-2.184,0.384,10,0,0.766
v15,conservative,long,mixed,10,63,2025,50,-2.311,-0.87,-2.313,0.394,10.0,1,0.814
v15,conservative,long,mixed,10,63,2026,24,-5.984,-2.48,-5.984,0.271,10.0,0,0.77
v15,conservative,long,mixed,20,5,ALL,148,-0.301,-2.1,-0.291,0.444,20.0,12,0.78
v15,conservative,long,mixed,20,5,P1,63,-0.291,-1.44,-0.288,0.451,20,5,0.775
v15,conservative,long,mixed,20,5,P2,85,-0.309,-1.54,-0.293,0.44,20,7,0.784
v15,conservative,long,mixed,20,5,2023,12,-0.614,-1.52,-0.616,0.42,20.0,4,0.834
v15,conservative,long,mixed,20,5,2024,51,-0.215,-0.94,-0.211,0.458,20,1,0.759
v15,conservative,long,mixed,20,5,2025,50,-0.371,-1.57,-0.328,0.432,20.0,6,0.791
v15,conservative,long,mixed,20,5,2026,35,-0.22,-0.63,-0.243,0.451,20,1,0.771
v15,conservative,long,mixed,20,20,ALL,145,-1.396,-3.37,-1.374,0.394,20,12,0.781
v15,conservative,long,mixed,20,20,P1,63,-1.293,-2.22,-1.337,0.383,20,5,0.775
v15,conservative,long,mixed,20,20,P2,82,-1.475,-2.56,-1.402,0.403,20.0,7,0.785
v15,conservative,long,mixed,20,20,2023,12,-2.486,-3.49,-2.721,0.274,20.0,4,0.834
v15,conservative,long,mixed,20,20,2024,51,-1.013,-1.5,-1.011,0.408,20,1,0.759
v15,conservative,long,mixed,20,20,2025,50,-1.308,-1.91,-1.184,0.408,20.0,6,0.791
v15,conservative,long,mixed,20,20,2026,32,-1.738,-1.77,-1.743,0.395,20.0,1,0.774
v15,conservative,long,mixed,20,63,ALL,137,-3.162,-2.71,-3.241,0.367,20,12,0.781
v15,conservative,long,mixed,20,63,P1,63,-2.931,-2.58,-2.99,0.368,20,5,0.775
v15,conservative,long,mixed,20,63,P2,74,-3.359,-1.76,-3.454,0.367,20.0,7,0.787
v15,conservative,long,mixed,20,63,2023,12,-5.086,-5.28,-5.407,0.305,20.0,4,0.834
v15,conservative,long,mixed,20,63,2024,51,-2.424,-1.87,-2.421,0.383,20,1,0.759
v15,conservative,long,mixed,20,63,2025,50,-2.191,-0.91,-2.315,0.402,20.0,6,0.791
v15,conservative,long,mixed,20,63,2026,24,-5.794,-2.79,-5.827,0.293,20.0,1,0.774
v15,conservative,long,stock,10,5,ALL,148,-0.26,-1.58,-0.241,0.457,10.0,3,0.79
v15,conservative,long,stock,10,5,P1,63,-0.292,-1.3,-0.292,0.47,10,0,0.771
v15,conservative,long,stock,10,5,P2,85,-0.236,-1.02,-0.203,0.448,10,3,0.806
v15,conservative,long,stock,10,5,2023,12,-0.602,-1.15,-0.602,0.467,10.0,0,0.773
v15,conservative,long,stock,10,5,2024,51,-0.218,-0.88,-0.218,0.471,10,0,0.768
v15,conservative,long,stock,10,5,2025,50,-0.218,-0.74,-0.162,0.443,10.0,3,0.82
v15,conservative,long,stock,10,5,2026,35,-0.262,-0.7,-0.262,0.454,10,0,0.785
v15,conservative,long,stock,10,20,ALL,145,-1.291,-3.12,-1.252,0.411,10,3,0.792
v15,conservative,long,stock,10,20,P1,63,-1.125,-1.89,-1.125,0.424,10,0,0.771
v15,conservative,long,stock,10,20,P2,82,-1.419,-2.49,-1.35,0.401,10.0,3,0.81
v15,conservative,long,stock,10,20,2023,12,-2.227,-2.22,-2.227,0.317,10.0,0,0.773
v15,conservative,long,stock,10,20,2024,51,-0.866,-1.28,-0.866,0.449,10,0,0.768
v15,conservative,long,stock,10,20,2025,50,-1.124,-1.65,-1.01,0.415,10.0,3,0.82
v15,conservative,long,stock,10,20,2026,32,-1.88,-1.96,-1.88,0.378,10.0,0,0.794
v15,conservative,long,stock,10,63,ALL,137,-2.79,-2.23,-2.837,0.383,10,3,0.791
v15,conservative,long,stock,10,63,P1,63,-2.373,-2.03,-2.373,0.397,10,0,0.771
v15,conservative,long,stock,10,63,P2,74,-3.144,-1.51,-3.233,0.371,10.0,3,0.81
v15,conservative,long,stock,10,63,2023,12,-4.792,-2.49,-4.792,0.333,10.0,0,0.773
v15,conservative,long,stock,10,63,2024,51,-1.803,-1.42,-1.803,0.412,10,0,0.768
v15,conservative,long,stock,10,63,2025,50,-1.848,-0.71,-1.979,0.411,10.0,3,0.82
v15,conservative,long,stock,10,63,2026,24,-5.846,-2.38,-5.846,0.288,10.0,0,0.787
v15,conservative,long,stock,20,5,ALL,148,-0.254,-1.76,-0.229,0.457,20.0,14,0.779
v15,conservative,long,stock,20,5,P1,63,-0.23,-1.17,-0.224,0.464,20,7,0.775
v15,conservative,long,stock,20,5,P2,85,-0.272,-1.33,-0.232,0.452,20,7,0.783
v15,conservative,long,stock,20,5,2023,12,-0.533,-1.4,-0.539,0.443,20.0,5,0.826
v15,conservative,long,stock,20,5,2024,51,-0.159,-0.71,-0.15,0.469,20,2,0.761
v15,conservative,long,stock,20,5,2025,50,-0.311,-1.26,-0.227,0.446,20.0,6,0.79
v15,conservative,long,stock,20,5,2026,35,-0.215,-0.61,-0.239,0.459,20,1,0.771
v15,conservative,long,stock,20,20,ALL,145,-1.345,-3.22,-1.315,0.414,20,14,0.78
v15,conservative,long,stock,20,20,P1,63,-1.154,-1.98,-1.207,0.417,20,7,0.775
v15,conservative,long,stock,20,20,P2,82,-1.491,-2.55,-1.398,0.411,20.0,7,0.785
v15,conservative,long,stock,20,20,2023,12,-2.281,-2.92,-2.571,0.319,20.0,5,0.826
v15,conservative,long,stock,20,20,2024,51,-0.889,-1.31,-0.887,0.44,20,2,0.761
v15,conservative,long,stock,20,20,2025,50,-1.332,-1.96,-1.176,0.418,20.0,6,0.79
v15,conservative,long,stock,20,20,2026,32,-1.74,-1.73,-1.745,0.4,20.0,1,0.774
v15,conservative,long,stock,20,63,ALL,137,-2.944,-2.6,-3.068,0.382,20,14,0.781
v15,conservative,long,stock,20,63,P1,63,-2.647,-2.36,-2.71,0.389,20,7,0.775
v15,conservative,long,stock,20,63,P2,74,-3.197,-1.73,-3.373,0.377,20.0,7,0.787
v15,conservative,long,stock,20,63,2023,12,-4.395,-3.75,-4.745,0.334,20.0,5,0.826
v15,conservative,long,stock,20,63,2024,51,-2.235,-1.72,-2.231,0.402,20,2,0.761
v15,conservative,long,stock,20,63,2025,50,-2.005,-0.88,-2.249,0.412,20.0,6,0.79
v15,conservative,long,stock,20,63,2026,24,-5.681,-2.71,-5.714,0.304,20.0,1,0.776
v15,conservative,mid,mixed,10,5,ALL,148,-0.268,-1.68,-0.235,0.451,10.0,2,0.796
v15,conservative,mid,mixed,10,5,P1,63,-0.261,-1.2,-0.261,0.46,10,0,0.784
v15,conservative,mid,mixed,10,5,P2,85,-0.273,-1.21,-0.215,0.444,10,2,0.806
v15,conservative,mid,mixed,10,5,2023,12,-0.627,-1.25,-0.627,0.442,10.0,0,0.8
v15,conservative,mid,mixed,10,5,2024,51,-0.175,-0.73,-0.175,0.465,10,0,0.778
v15,conservative,mid,mixed,10,5,2025,50,-0.319,-1.13,-0.221,0.437,10.0,2,0.824
v15,conservative,mid,mixed,10,5,2026,35,-0.208,-0.56,-0.208,0.454,10,0,0.779
v15,conservative,mid,mixed,10,20,ALL,145,-1.41,-3.38,-1.341,0.389,10,2,0.798
v15,conservative,mid,mixed,10,20,P1,63,-1.358,-2.19,-1.358,0.389,10,0,0.784
v15,conservative,mid,mixed,10,20,P2,82,-1.449,-2.57,-1.327,0.388,10.0,2,0.81
v15,conservative,mid,mixed,10,20,2023,12,-2.776,-2.96,-2.776,0.267,10.0,0,0.8
v15,conservative,mid,mixed,10,20,2024,51,-1.025,-1.45,-1.025,0.418,10,0,0.778
v15,conservative,mid,mixed,10,20,2025,50,-1.247,-1.86,-1.047,0.393,10.0,2,0.824
v15,conservative,mid,mixed,10,20,2026,32,-1.766,-1.82,-1.766,0.381,10.0,0,0.787
v15,conservative,mid,mixed,10,63,ALL,137,-3.095,-2.39,-3.096,0.363,10,2,0.796
v15,conservative,mid,mixed,10,63,P1,63,-2.795,-2.25,-2.795,0.368,10,0,0.784
v15,conservative,mid,mixed,10,63,P2,74,-3.35,-1.57,-3.353,0.358,10.0,2,0.808
v15,conservative,mid,mixed,10,63,2023,12,-5.764,-3.81,-5.764,0.292,10.0,0,0.8
v15,conservative,mid,mixed,10,63,2024,51,-2.096,-1.58,-2.096,0.386,10,0,0.778
v15,conservative,mid,mixed,10,63,2025,50,-2.155,-0.79,-2.159,0.396,10.0,2,0.824
v15,conservative,mid,mixed,10,63,2026,24,-5.841,-2.41,-5.841,0.279,10.0,0,0.774
v15,conservative,mid,mixed,20,5,ALL,148,-0.301,-2.08,-0.269,0.446,20.0,20,0.779
v15,conservative,mid,mixed,20,5,P1,63,-0.315,-1.62,-0.323,0.444,20,10,0.773
v15,conservative,mid,mixed,20,5,P2,85,-0.29,-1.41,-0.23,0.447,20,10,0.784
v15,conservative,mid,mixed,20,5,2023,12,-0.565,-1.44,-0.625,0.416,19.5,6,0.83
v15,conservative,mid,mixed,20,5,2024,51,-0.256,-1.16,-0.251,0.451,20,4,0.758
v15,conservative,mid,mixed,20,5,2025,50,-0.36,-1.48,-0.249,0.442,20.0,8,0.786
v15,conservative,mid,mixed,20,5,2026,35,-0.191,-0.53,-0.203,0.454,20,2,0.779
v15,conservative,mid,mixed,20,20,ALL,145,-1.38,-3.34,-1.351,0.391,20,20,0.78
v15,conservative,mid,mixed,20,20,P1,63,-1.256,-2.23,-1.342,0.378,20,10,0.773
v15,conservative,mid,mixed,20,20,P2,82,-1.475,-2.52,-1.358,0.401,20.0,10,0.786
v15,conservative,mid,mixed,20,20,2023,12,-2.154,-3.4,-2.564,0.271,19.5,6,0.83
v15,conservative,mid,mixed,20,20,2024,51,-1.045,-1.56,-1.054,0.403,20,4,0.758
v15,conservative,mid,mixed,20,20,2025,50,-1.306,-1.92,-1.091,0.406,20.0,8,0.786
v15,conservative,mid,mixed,20,20,2026,32,-1.739,-1.71,-1.775,0.393,20.0,2,0.784
v15,conservative,mid,mixed,20,63,ALL,137,-3.13,-2.66,-3.25,0.362,20,20,0.78
v15,conservative,mid,mixed,20,63,P1,63,-2.934,-2.63,-3.062,0.363,20,10,0.773
v15,conservative,mid,mixed,20,63,P2,74,-3.297,-1.71,-3.41,0.362,20.0,10,0.787
v15,conservative,mid,mixed,20,63,2023,12,-4.884,-6.1,-5.436,0.298,19.5,6,0.83
v15,conservative,mid,mixed,20,63,2024,51,-2.475,-1.9,-2.504,0.378,20,4,0.758
v15,conservative,mid,mixed,20,63,2025,50,-2.122,-0.87,-2.231,0.399,20.0,8,0.786
v15,conservative,mid,mixed,20,63,2026,24,-5.743,-2.76,-5.864,0.284,20.0,2,0.785
v15,conservative,mid,stock,10,5,ALL,148,-0.265,-1.61,-0.225,0.459,10.0,3,0.794
v15,conservative,mid,stock,10,5,P1,63,-0.305,-1.36,-0.305,0.47,10,0,0.776
v15,conservative,mid,stock,10,5,P2,85,-0.236,-1.01,-0.166,0.451,10,3,0.808
v15,conservative,mid,stock,10,5,2023,12,-0.581,-1.09,-0.581,0.475,10.0,0,0.773
v15,conservative,mid,stock,10,5,2024,51,-0.24,-0.98,-0.24,0.469,10,0,0.776
v15,conservative,mid,stock,10,5,2025,50,-0.25,-0.85,-0.13,0.449,10.0,3,0.822
v15,conservative,mid,stock,10,5,2026,35,-0.216,-0.57,-0.216,0.454,10,0,0.788
v15,conservative,mid,stock,10,20,ALL,145,-1.28,-3.07,-1.21,0.414,10,3,0.796
v15,conservative,mid,stock,10,20,P1,63,-1.21,-1.96,-1.21,0.425,10,0,0.776
v15,conservative,mid,stock,10,20,P2,82,-1.333,-2.36,-1.209,0.405,10.0,3,0.812
v15,conservative,mid,stock,10,20,2023,12,-2.632,-2.77,-2.632,0.3,10.0,0,0.773
v15,conservative,mid,stock,10,20,2024,51,-0.876,-1.25,-0.876,0.455,10,0,0.776
v15,conservative,mid,stock,10,20,2025,50,-1.11,-1.67,-0.906,0.412,10.0,3,0.822
v15,conservative,mid,stock,10,20,2026,32,-1.682,-1.71,-1.682,0.394,10.0,0,0.797
v15,conservative,mid,stock,10,63,ALL,137,-2.797,-2.23,-2.844,0.385,10,3,0.795
v15,conservative,mid,stock,10,63,P1,63,-2.43,-2.03,-2.43,0.398,10,0,0.776
v15,conservative,mid,stock,10,63,P2,74,-3.109,-1.51,-3.197,0.374,10.0,3,0.812
v15,conservative,mid,stock,10,63,2023,12,-5.052,-2.86,-5.052,0.325,10.0,0,0.773
v15,conservative,mid,stock,10,63,2024,51,-1.813,-1.4,-1.813,0.416,10,0,0.776
v15,conservative,mid,stock,10,63,2025,50,-1.802,-0.7,-1.932,0.414,10.0,3,0.822
v15,conservative,mid,stock,10,63,2026,24,-5.832,-2.4,-5.832,0.292,10.0,0,0.791
v15,conservative,mid,stock,20,5,ALL,148,-0.26,-1.79,-0.21,0.459,20.0,26,0.782
v15,conservative,mid,stock,20,5,P1,63,-0.243,-1.26,-0.24,0.465,20,13,0.777
v15,conservative,mid,stock,20,5,P2,85,-0.273,-1.31,-0.188,0.454,20,13,0.786
v15,conservative,mid,stock,20,5,2023,12,-0.466,-1.26,-0.552,0.447,17.5,8,0.836
v15,conservative,mid,stock,20,5,2024,51,-0.191,-0.86,-0.166,0.469,20,5,0.763
v15,conservative,mid,stock,20,5,2025,50,-0.326,-1.31,-0.173,0.453,20.0,11,0.789
v15,conservative,mid,stock,20,5,2026,35,-0.197,-0.54,-0.209,0.456,20,2,0.779
v15,conservative,mid,stock,20,20,ALL,145,-1.271,-3.04,-1.237,0.414,20,26,0.783
v15,conservative,mid,stock,20,20,P1,63,-0.996,-1.77,-1.097,0.419,20,13,0.777
v15,conservative,mid,stock,20,20,P2,82,-1.483,-2.5,-1.346,0.409,20.0,13,0.788
v15,conservative,mid,stock,20,20,2023,12,-1.882,-2.6,-2.382,0.316,17.5,8,0.836
v15,conservative,mid,stock,20,20,2024,51,-0.788,-1.19,-0.794,0.443,20,5,0.763
v15,conservative,mid,stock,20,20,2025,50,-1.34,-1.96,-1.092,0.417,20.0,11,0.789
v15,conservative,mid,stock,20,20,2026,32,-1.706,-1.64,-1.743,0.397,20.0,2,0.784
v15,conservative,mid,stock,20,63,ALL,137,-2.878,-2.52,-3.04,0.38,20,26,0.784
v15,conservative,mid,stock,20,63,P1,63,-2.478,-2.28,-2.607,0.39,20,13,0.777
v15,conservative,mid,stock,20,63,P2,74,-3.218,-1.72,-3.408,0.371,20.0,13,0.789
v15,conservative,mid,stock,20,63,2023,12,-4.036,-3.8,-4.597,0.334,17.5,8,0.836
v15,conservative,mid,stock,20,63,2024,51,-2.111,-1.65,-2.139,0.403,20,5,0.763
v15,conservative,mid,stock,20,63,2025,50,-2.07,-0.89,-2.292,0.405,20.0,11,0.789
v15,conservative,mid,stock,20,63,2026,24,-5.612,-2.64,-5.733,0.299,20.0,2,0.787
v15,conservative,short,mixed,10,5,ALL,148,-0.328,-2.06,-0.32,0.436,10.0,5,0.797
v15,conservative,short,mixed,10,5,P1,63,-0.317,-1.51,-0.317,0.441,10,0,0.785
v15,conservative,short,mixed,10,5,P2,85,-0.337,-1.46,-0.322,0.432,10,5,0.806
v15,conservative,short,mixed,10,5,2023,12,-0.524,-1.17,-0.524,0.45,10.0,0,0.809
v15,conservative,short,mixed,10,5,2024,51,-0.268,-1.14,-0.268,0.439,10,0,0.778
v15,conservative,short,mixed,10,5,2025,50,-0.45,-1.66,-0.416,0.421,10.0,4,0.82
v15,conservative,short,mixed,10,5,2026,35,-0.176,-0.44,-0.189,0.449,10,1,0.785
v15,conservative,short,mixed,10,20,ALL,145,-1.481,-3.59,-1.452,0.389,10,5,0.798
v15,conservative,short,mixed,10,20,P1,63,-1.277,-2.18,-1.277,0.392,10,0,0.785
v15,conservative,short,mixed,10,20,P2,82,-1.639,-2.87,-1.587,0.387,10.0,5,0.809
v15,conservative,short,mixed,10,20,2023,12,-2.563,-2.73,-2.563,0.283,10.0,0,0.809
v15,conservative,short,mixed,10,20,2024,51,-0.974,-1.46,-0.974,0.418,10,0,0.778
v15,conservative,short,mixed,10,20,2025,50,-1.293,-1.84,-1.188,0.403,10.0,4,0.82
v15,conservative,short,mixed,10,20,2026,32,-2.179,-2.34,-2.21,0.362,10.0,1,0.79
v15,conservative,short,mixed,10,63,ALL,137,-3.169,-2.42,-3.129,0.371,10,5,0.796
v15,conservative,short,mixed,10,63,P1,63,-2.862,-2.28,-2.862,0.37,10,0,0.785
v15,conservative,short,mixed,10,63,P2,74,-3.43,-1.6,-3.356,0.371,10.0,5,0.807
v15,conservative,short,mixed,10,63,2023,12,-5.47,-4.62,-5.47,0.3,10.0,0,0.809
v15,conservative,short,mixed,10,63,2024,51,-2.249,-1.6,-2.249,0.386,10,0,0.778
v15,conservative,short,mixed,10,63,2025,50,-2.101,-0.77,-1.978,0.422,10.0,4,0.82
v15,conservative,short,mixed,10,63,2026,24,-6.198,-2.56,-6.225,0.267,10.0,1,0.778
v15,conservative,short,mixed,20,5,ALL,148,-0.308,-2.19,-0.287,0.444,20.0,38,0.789
v15,conservative,short,mixed,20,5,P1,63,-0.339,-1.78,-0.335,0.44,20,16,0.78
v15,conservative,short,mixed,20,5,P2,85,-0.284,-1.42,-0.252,0.447,20,22,0.796
v15,conservative,short,mixed,20,5,2023,12,-0.51,-1.38,-0.572,0.429,16.5,9,0.824
v15,conservative,short,mixed,20,5,2024,51,-0.299,-1.37,-0.279,0.443,20,7,0.767
v15,conservative,short,mixed,20,5,2025,50,-0.344,-1.39,-0.309,0.443,20.0,16,0.799
v15,conservative,short,mixed,20,5,2026,35,-0.199,-0.6,-0.171,0.453,20,6,0.79
v15,conservative,short,mixed,20,20,ALL,145,-1.328,-3.32,-1.379,0.392,20,38,0.79
v15,conservative,short,mixed,20,20,P1,63,-1.265,-2.29,-1.414,0.376,20,16,0.78
v15,conservative,short,mixed,20,20,P2,82,-1.377,-2.44,-1.352,0.405,20.0,22,0.799
v15,conservative,short,mixed,20,20,2023,12,-2.261,-3.59,-3.014,0.258,16.5,9,0.824
v15,conservative,short,mixed,20,20,2024,51,-1.031,-1.58,-1.038,0.403,20,7,0.767
v15,conservative,short,mixed,20,20,2025,50,-1.189,-1.75,-1.072,0.413,20.0,16,0.799
v15,conservative,short,mixed,20,20,2026,32,-1.67,-1.78,-1.789,0.391,20.0,6,0.796
v15,conservative,short,mixed,20,63,ALL,137,-3.158,-2.78,-3.332,0.364,20,38,0.79
v15,conservative,short,mixed,20,63,P1,63,-3.0,-2.73,-3.218,0.361,20,16,0.78
v15,conservative,short,mixed,20,63,P2,74,-3.292,-1.78,-3.43,0.367,20.0,22,0.8
v15,conservative,short,mixed,20,63,2023,12,-4.894,-8.6,-6.028,0.285,16.5,9,0.824
v15,conservative,short,mixed,20,63,2024,51,-2.554,-1.99,-2.557,0.378,20,7,0.767
v15,conservative,short,mixed,20,63,2025,50,-2.218,-0.93,-2.294,0.408,20.0,16,0.799
v15,conservative,short,mixed,20,63,2026,24,-5.528,-2.68,-5.796,0.281,20.0,6,0.798
v15,conservative,short,stock,10,5,ALL,148,-0.3,-1.84,-0.28,0.451,10.0,7,0.8
v15,conservative,short,stock,10,5,P1,63,-0.332,-1.55,-0.334,0.455,10,1,0.782
v15,conservative,short,stock,10,5,P2,85,-0.277,-1.17,-0.239,0.448,10,6,0.814
v15,conservative,short,stock,10,5,2023,12,-0.558,-1.21,-0.57,0.48,10.0,1,0.8
v15,conservative,short,stock,10,5,2024,51,-0.278,-1.16,-0.278,0.449,10,0,0.778
v15,conservative,short,stock,10,5,2025,50,-0.346,-1.22,-0.272,0.444,10.0,5,0.829
v15,conservative,short,stock,10,5,2026,35,-0.179,-0.44,-0.192,0.454,10,1,0.794
v15,conservative,short,stock,10,20,ALL,145,-1.32,-3.17,-1.279,0.418,10,7,0.801
v15,conservative,short,stock,10,20,P1,63,-1.129,-1.91,-1.133,0.427,10,1,0.782
v15,conservative,short,stock,10,20,P2,82,-1.467,-2.54,-1.391,0.411,10.0,6,0.817
v15,conservative,short,stock,10,20,2023,12,-2.61,-2.89,-2.633,0.302,10.0,1,0.8
v15,conservative,short,stock,10,20,2024,51,-0.78,-1.17,-0.78,0.457,10,0,0.778
v15,conservative,short,stock,10,20,2025,50,-1.138,-1.65,-0.993,0.434,10.0,5,0.829
v15,conservative,short,stock,10,20,2026,32,-1.982,-2.02,-2.013,0.375,10.0,1,0.8
v15,conservative,short,stock,10,63,ALL,137,-2.724,-2.15,-2.722,0.395,10,7,0.801
v15,conservative,short,stock,10,63,P1,63,-2.444,-2.01,-2.437,0.401,10,1,0.782
v15,conservative,short,stock,10,63,P2,74,-2.963,-1.42,-2.965,0.39,10.0,6,0.818
v15,conservative,short,stock,10,63,2023,12,-4.718,-3.44,-4.684,0.338,10.0,1,0.8
v15,conservative,short,stock,10,63,2024,51,-1.908,-1.38,-1.908,0.416,10,0,0.778
v15,conservative,short,stock,10,63,2025,50,-1.543,-0.6,-1.533,0.441,10.0,5,0.829
v15,conservative,short,stock,10,63,2026,24,-5.921,-2.36,-5.948,0.283,10.0,1,0.796
v15,conservative,short,stock,20,5,ALL,148,-0.275,-1.99,-0.229,0.459,20.0,45,0.792
v15,conservative,short,stock,20,5,P1,63,-0.286,-1.59,-0.264,0.462,20,18,0.782
v15,conservative,short,stock,20,5,P2,85,-0.266,-1.33,-0.202,0.457,20,27,0.8
v15,conservative,short,stock,20,5,2023,12,-0.45,-1.31,-0.526,0.459,15.5,10,0.821
v15,conservative,short,stock,20,5,2024,51,-0.248,-1.2,-0.203,0.462,20,8,0.772
v15,conservative,short,stock,20,5,2025,50,-0.323,-1.3,-0.227,0.456,20.0,20,0.809
v15,conservative,short,stock,20,5,2026,35,-0.185,-0.56,-0.166,0.46,20,7,0.786
v15,conservative,short,stock,20,20,ALL,145,-1.186,-2.96,-1.233,0.419,20,45,0.794
v15,conservative,short,stock,20,20,P1,63,-1.006,-1.84,-1.179,0.417,20,18,0.782
v15,conservative,short,stock,20,20,P2,82,-1.325,-2.33,-1.275,0.42,20.0,27,0.803
v15,conservative,short,stock,20,20,2023,12,-1.944,-2.63,-2.816,0.311,15.5,10,0.821
v15,conservative,short,stock,20,20,2024,51,-0.785,-1.23,-0.794,0.442,20,8,0.772
v15,conservative,short,stock,20,20,2025,50,-1.166,-1.67,-1.003,0.433,20.0,20,0.809
v15,conservative,short,stock,20,20,2026,32,-1.573,-1.7,-1.7,0.399,20.0,7,0.793
v15,conservative,short,stock,20,63,ALL,137,-2.787,-2.52,-2.999,0.386,20,45,0.795
v15,conservative,short,stock,20,63,P1,63,-2.437,-2.33,-2.652,0.395,20,18,0.782
v15,conservative,short,stock,20,63,P2,74,-3.084,-1.7,-3.294,0.378,20.0,27,0.806
v15,conservative,short,stock,20,63,2023,12,-3.811,-4.11,-4.929,0.332,15.5,10,0.821
v15,conservative,short,stock,20,63,2024,51,-2.113,-1.7,-2.116,0.409,20,8,0.772
v15,conservative,short,stock,20,63,2025,50,-2.04,-0.88,-2.196,0.417,20.0,20,0.809
v15,conservative,short,stock,20,63,2026,24,-5.261,-2.59,-5.581,0.296,20.0,7,0.799
