comparison,metric,variant,profile,holding,period,days,days_removed,mean_diff_pct,nw_t,share_days_positive
level_mixed,slot,v15,conservative,5,ALL,148,0,-0.305,-2.14,0.446
level_mixed,slot,v15,conservative,5,P1,63,0,-0.318,-1.63,0.46
level_mixed,slot,v15,conservative,5,P2,85,0,-0.295,-1.47,0.435
level_mixed,slot_legacy,v15,conservative,5,ALL,148,0,-0.303,-2.14,0.446
level_mixed,slot_legacy,v15,conservative,5,P1,63,0,-0.315,-1.62,0.46
level_mixed,slot_legacy,v15,conservative,5,P2,85,0,-0.294,-1.47,0.435
level_mixed,slot_zero,v15,conservative,5,ALL,148,0,-0.303,-2.13,0.446
level_mixed,slot_zero,v15,conservative,5,P1,63,0,-0.315,-1.62,0.46
level_mixed,slot_zero,v15,conservative,5,P2,85,0,-0.294,-1.46,0.435
level_mixed,slot_loss,v15,conservative,5,ALL,148,0,-0.461,-2.82,0.432
level_mixed,slot_loss,v15,conservative,5,P1,63,0,-0.448,-1.91,0.444
level_mixed,slot_loss,v15,conservative,5,P2,85,0,-0.471,-2.08,0.424
level_mixed,slot,v15,conservative,20,ALL,145,0,-1.382,-3.35,0.372
level_mixed,slot,v15,conservative,20,P1,63,0,-1.298,-2.26,0.365
level_mixed,slot,v15,conservative,20,P2,82,0,-1.447,-2.5,0.378
level_mixed,slot_legacy,v15,conservative,20,ALL,145,0,-1.368,-3.35,0.372
level_mixed,slot_legacy,v15,conservative,20,P1,63,0,-1.272,-2.25,0.365
level_mixed,slot_legacy,v15,conservative,20,P2,82,0,-1.442,-2.51,0.378
level_mixed,slot_zero,v15,conservative,20,ALL,145,0,-1.356,-3.33,0.372
level_mixed,slot_zero,v15,conservative,20,P1,63,0,-1.266,-2.25,0.365
level_mixed,slot_zero,v15,conservative,20,P2,82,0,-1.426,-2.49,0.378
level_mixed,slot_loss,v15,conservative,20,ALL,145,0,-2.305,-4.51,0.324
level_mixed,slot_loss,v15,conservative,20,P1,63,0,-2.062,-2.46,0.365
level_mixed,slot_loss,v15,conservative,20,P2,82,0,-2.491,-3.97,0.293
level_mixed,slot,v15,conservative,63,ALL,137,0,-3.18,-2.67,0.321
level_mixed,slot,v15,conservative,63,P1,63,0,-2.98,-2.66,0.302
level_mixed,slot,v15,conservative,63,P2,74,0,-3.351,-1.71,0.338
level_mixed,slot_legacy,v15,conservative,63,ALL,137,0,-3.15,-2.72,0.328
level_mixed,slot_legacy,v15,conservative,63,P1,63,0,-2.955,-2.65,0.302
level_mixed,slot_legacy,v15,conservative,63,P2,74,0,-3.316,-1.75,0.351
level_mixed,slot_zero,v15,conservative,63,ALL,137,0,-3.121,-2.71,0.321
level_mixed,slot_zero,v15,conservative,63,P1,63,0,-2.924,-2.64,0.302
level_mixed,slot_zero,v15,conservative,63,P2,74,0,-3.289,-1.74,0.338
level_mixed,slot_loss,v15,conservative,63,ALL,137,0,-5.501,-4.42,0.219
level_mixed,slot_loss,v15,conservative,63,P1,63,0,-4.125,-3.11,0.254
level_mixed,slot_loss,v15,conservative,63,P2,74,0,-6.672,-3.63,0.189
level_stock,slot,v15,conservative,5,ALL,148,0,-0.264,-1.86,0.459
level_stock,slot,v15,conservative,5,P1,63,0,-0.256,-1.35,0.476
level_stock,slot,v15,conservative,5,P2,85,0,-0.269,-1.32,0.447
level_stock,slot_legacy,v15,conservative,5,ALL,148,0,-0.263,-1.85,0.459
level_stock,slot_legacy,v15,conservative,5,P1,63,0,-0.253,-1.34,0.476
level_stock,slot_legacy,v15,conservative,5,P2,85,0,-0.27,-1.33,0.447
level_stock,slot_zero,v15,conservative,5,ALL,148,0,-0.263,-1.85,0.459
level_stock,slot_zero,v15,conservative,5,P1,63,0,-0.253,-1.34,0.476
level_stock,slot_zero,v15,conservative,5,P2,85,0,-0.27,-1.33,0.447
level_stock,slot_loss,v15,conservative,5,ALL,148,0,-0.421,-2.61,0.439
level_stock,slot_loss,v15,conservative,5,P1,63,0,-0.386,-1.68,0.46
level_stock,slot_loss,v15,conservative,5,P2,85,0,-0.447,-2.01,0.424
level_stock,slot,v15,conservative,20,ALL,145,0,-1.28,-3.08,0.393
level_stock,slot,v15,conservative,20,P1,63,0,-1.077,-1.88,0.397
level_stock,slot,v15,conservative,20,P2,82,0,-1.436,-2.46,0.39
level_stock,slot_legacy,v15,conservative,20,ALL,145,0,-1.267,-3.08,0.393
level_stock,slot_legacy,v15,conservative,20,P1,63,0,-1.052,-1.87,0.397
level_stock,slot_legacy,v15,conservative,20,P2,82,0,-1.433,-2.47,0.39
level_stock,slot_zero,v15,conservative,20,ALL,145,0,-1.254,-3.06,0.393
level_stock,slot_zero,v15,conservative,20,P1,63,0,-1.043,-1.86,0.397
level_stock,slot_zero,v15,conservative,20,P2,82,0,-1.416,-2.44,0.39
level_stock,slot_loss,v15,conservative,20,ALL,145,0,-2.261,-4.35,0.338
level_stock,slot_loss,v15,conservative,20,P1,63,0,-1.894,-2.23,0.397
level_stock,slot_loss,v15,conservative,20,P2,82,0,-2.544,-3.99,0.293
level_stock,slot,v15,conservative,63,ALL,137,0,-2.884,-2.48,0.336
level_stock,slot,v15,conservative,63,P1,63,0,-2.537,-2.32,0.333
level_stock,slot,v15,conservative,63,P2,74,0,-3.179,-1.66,0.338
level_stock,slot_legacy,v15,conservative,63,ALL,137,0,-2.869,-2.55,0.343
level_stock,slot_legacy,v15,conservative,63,P1,63,0,-2.52,-2.33,0.333
level_stock,slot_legacy,v15,conservative,63,P2,74,0,-3.167,-1.72,0.351
level_stock,slot_zero,v15,conservative,63,ALL,137,0,-2.831,-2.52,0.336
level_stock,slot_zero,v15,conservative,63,P1,63,0,-2.484,-2.3,0.333
level_stock,slot_zero,v15,conservative,63,P2,74,0,-3.126,-1.7,0.338
level_stock,slot_loss,v15,conservative,63,ALL,137,0,-5.327,-4.34,0.226
level_stock,slot_loss,v15,conservative,63,P1,63,0,-3.77,-2.87,0.27
level_stock,slot_loss,v15,conservative,63,P2,74,0,-6.653,-3.76,0.189
stock_minus_mixed,slot,v15,conservative,5,ALL,148,0,0.041,2.03,0.277
stock_minus_mixed,slot,v15,conservative,5,P1,63,0,0.062,2.17,0.222
stock_minus_mixed,slot,v15,conservative,5,P2,85,0,0.025,0.91,0.318
stock_minus_mixed,slot_legacy,v15,conservative,5,ALL,148,0,0.04,2.04,0.277
stock_minus_mixed,slot_legacy,v15,conservative,5,P1,63,0,0.062,2.17,0.222
stock_minus_mixed,slot_legacy,v15,conservative,5,P2,85,0,0.024,0.9,0.318
stock_minus_mixed,slot_zero,v15,conservative,5,ALL,148,0,0.04,2.04,0.277
stock_minus_mixed,slot_zero,v15,conservative,5,P1,63,0,0.062,2.17,0.222
stock_minus_mixed,slot_zero,v15,conservative,5,P2,85,0,0.024,0.9,0.318
stock_minus_mixed,slot_loss,v15,conservative,5,ALL,148,0,0.04,2.04,0.277
stock_minus_mixed,slot_loss,v15,conservative,5,P1,63,0,0.062,2.17,0.222
stock_minus_mixed,slot_loss,v15,conservative,5,P2,85,0,0.024,0.9,0.318
stock_minus_mixed,slot,v15,conservative,20,ALL,145,0,0.102,2.08,0.276
stock_minus_mixed,slot,v15,conservative,20,P1,63,0,0.221,2.59,0.302
stock_minus_mixed,slot,v15,conservative,20,P2,82,0,0.011,0.22,0.256
stock_minus_mixed,slot_legacy,v15,conservative,20,ALL,145,0,0.101,2.08,0.283
stock_minus_mixed,slot_legacy,v15,conservative,20,P1,63,0,0.219,2.59,0.302
stock_minus_mixed,slot_legacy,v15,conservative,20,P2,82,0,0.01,0.21,0.268
stock_minus_mixed,slot_zero,v15,conservative,20,ALL,145,0,0.102,2.08,0.276
stock_minus_mixed,slot_zero,v15,conservative,20,P1,63,0,0.223,2.58,0.302
stock_minus_mixed,slot_zero,v15,conservative,20,P2,82,0,0.01,0.21,0.256
stock_minus_mixed,slot_loss,v15,conservative,20,ALL,145,0,0.043,0.87,0.255
stock_minus_mixed,slot_loss,v15,conservative,20,P1,63,0,0.168,2.27,0.286
stock_minus_mixed,slot_loss,v15,conservative,20,P2,82,0,-0.052,-0.89,0.232
stock_minus_mixed,slot,v15,conservative,63,ALL,137,0,0.297,2.45,0.292
stock_minus_mixed,slot,v15,conservative,63,P1,63,0,0.442,2.14,0.302
stock_minus_mixed,slot,v15,conservative,63,P2,74,0,0.173,1.53,0.284
stock_minus_mixed,slot_legacy,v15,conservative,63,ALL,137,0,0.28,2.35,0.285
stock_minus_mixed,slot_legacy,v15,conservative,63,P1,63,0,0.435,2.15,0.302
stock_minus_mixed,slot_legacy,v15,conservative,63,P2,74,0,0.149,1.36,0.27
stock_minus_mixed,slot_zero,v15,conservative,63,ALL,137,0,0.29,2.43,0.292
stock_minus_mixed,slot_zero,v15,conservative,63,P1,63,0,0.44,2.14,0.302
stock_minus_mixed,slot_zero,v15,conservative,63,P2,74,0,0.162,1.51,0.284
stock_minus_mixed,slot_loss,v15,conservative,63,ALL,137,0,0.174,1.52,0.255
stock_minus_mixed,slot_loss,v15,conservative,63,P1,63,0,0.355,2.13,0.286
stock_minus_mixed,slot_loss,v15,conservative,63,P2,74,0,0.019,0.15,0.23
level_mixed,slot,v15,balanced,5,ALL,148,0,-0.034,-0.16,0.52
level_mixed,slot,v15,balanced,5,P1,63,0,-0.091,-0.34,0.46
level_mixed,slot,v15,balanced,5,P2,85,0,0.009,0.03,0.565
level_mixed,slot_legacy,v15,balanced,5,ALL,148,0,-0.039,-0.18,0.52
level_mixed,slot_legacy,v15,balanced,5,P1,63,0,-0.097,-0.37,0.46
level_mixed,slot_legacy,v15,balanced,5,P2,85,0,0.004,0.01,0.565
level_mixed,slot_zero,v15,balanced,5,ALL,148,0,-0.037,-0.17,0.52
level_mixed,slot_zero,v15,balanced,5,P1,63,0,-0.093,-0.35,0.46
level_mixed,slot_zero,v15,balanced,5,P2,85,0,0.005,0.02,0.565
level_mixed,slot_loss,v15,balanced,5,ALL,148,0,-0.432,-1.84,0.459
level_mixed,slot_loss,v15,balanced,5,P1,63,0,-0.443,-1.5,0.413
level_mixed,slot_loss,v15,balanced,5,P2,85,0,-0.423,-1.23,0.494
level_mixed,slot,v15,balanced,20,ALL,145,0,-0.214,-0.39,0.421
level_mixed,slot,v15,balanced,20,P1,63,0,-0.252,-0.35,0.333
level_mixed,slot,v15,balanced,20,P2,82,0,-0.185,-0.23,0.488
level_mixed,slot_legacy,v15,balanced,20,ALL,145,0,-0.243,-0.45,0.421
level_mixed,slot_legacy,v15,balanced,20,P1,63,0,-0.288,-0.4,0.333
level_mixed,slot_legacy,v15,balanced,20,P2,82,0,-0.208,-0.26,0.488
level_mixed,slot_zero,v15,balanced,20,ALL,145,0,-0.22,-0.4,0.421
level_mixed,slot_zero,v15,balanced,20,P1,63,0,-0.258,-0.36,0.333
level_mixed,slot_zero,v15,balanced,20,P2,82,0,-0.191,-0.24,0.488
level_mixed,slot_loss,v15,balanced,20,ALL,145,0,-1.853,-2.98,0.31
level_mixed,slot_loss,v15,balanced,20,P1,63,0,-1.638,-1.97,0.286
level_mixed,slot_loss,v15,balanced,20,P2,82,0,-2.018,-2.26,0.329
level_mixed,slot,v15,balanced,63,ALL,137,0,-0.203,-0.13,0.482
level_mixed,slot,v15,balanced,63,P1,63,0,-0.553,-0.63,0.429
level_mixed,slot,v15,balanced,63,P2,74,0,0.094,0.04,0.527
level_mixed,slot_legacy,v15,balanced,63,ALL,137,0,-0.111,-0.07,0.474
level_mixed,slot_legacy,v15,balanced,63,P1,63,0,-0.501,-0.56,0.413
level_mixed,slot_legacy,v15,balanced,63,P2,74,0,0.222,0.08,0.527
level_mixed,slot_zero,v15,balanced,63,ALL,137,0,-0.289,-0.2,0.474
level_mixed,slot_zero,v15,balanced,63,P1,63,0,-0.589,-0.68,0.413
level_mixed,slot_zero,v15,balanced,63,P2,74,0,-0.034,-0.01,0.527
level_mixed,slot_loss,v15,balanced,63,ALL,137,0,-4.791,-3.38,0.292
level_mixed,slot_loss,v15,balanced,63,P1,63,0,-4.003,-3.59,0.27
level_mixed,slot_loss,v15,balanced,63,P2,74,0,-5.462,-2.25,0.311
level_stock,slot,v15,balanced,5,ALL,148,0,0.047,0.21,0.534
level_stock,slot,v15,balanced,5,P1,63,0,0.037,0.14,0.54
level_stock,slot,v15,balanced,5,P2,85,0,0.054,0.16,0.529
level_stock,slot_legacy,v15,balanced,5,ALL,148,0,0.041,0.18,0.534
level_stock,slot_legacy,v15,balanced,5,P1,63,0,0.032,0.12,0.54
level_stock,slot_legacy,v15,balanced,5,P2,85,0,0.048,0.14,0.529
level_stock,slot_zero,v15,balanced,5,ALL,148,0,0.042,0.19,0.534
level_stock,slot_zero,v15,balanced,5,P1,63,0,0.035,0.13,0.54
level_stock,slot_zero,v15,balanced,5,P2,85,0,0.048,0.14,0.529
level_stock,slot_loss,v15,balanced,5,ALL,148,0,-0.397,-1.61,0.473
level_stock,slot_loss,v15,balanced,5,P1,63,0,-0.341,-1.12,0.492
level_stock,slot_loss,v15,balanced,5,P2,85,0,-0.439,-1.2,0.459
level_stock,slot,v15,balanced,20,ALL,145,0,0.113,0.19,0.469
level_stock,slot,v15,balanced,20,P1,63,0,0.517,0.62,0.429
level_stock,slot,v15,balanced,20,P2,82,0,-0.198,-0.23,0.5
level_stock,slot_legacy,v15,balanced,20,ALL,145,0,0.077,0.13,0.469
level_stock,slot_legacy,v15,balanced,20,P1,63,0,0.459,0.57,0.429
level_stock,slot_legacy,v15,balanced,20,P2,82,0,-0.216,-0.26,0.5
level_stock,slot_zero,v15,balanced,20,ALL,145,0,0.103,0.17,0.476
level_stock,slot_zero,v15,balanced,20,P1,63,0,0.497,0.61,0.429
level_stock,slot_zero,v15,balanced,20,P2,82,0,-0.199,-0.24,0.512
level_stock,slot_loss,v15,balanced,20,ALL,145,0,-1.912,-2.62,0.359
level_stock,slot_loss,v15,balanced,20,P1,63,0,-1.181,-1.28,0.381
level_stock,slot_loss,v15,balanced,20,P2,82,0,-2.474,-2.33,0.341
level_stock,slot,v15,balanced,63,ALL,137,0,1.384,0.84,0.584
level_stock,slot,v15,balanced,63,P1,63,0,1.92,1.99,0.635
level_stock,slot,v15,balanced,63,P2,74,0,0.928,0.32,0.541
level_stock,slot_legacy,v15,balanced,63,ALL,137,0,1.438,0.87,0.591
level_stock,slot_legacy,v15,balanced,63,P1,63,0,1.911,2.0,0.635
level_stock,slot_legacy,v15,balanced,63,P2,74,0,1.036,0.36,0.554
level_stock,slot_zero,v15,balanced,63,ALL,137,0,1.257,0.81,0.584
level_stock,slot_zero,v15,balanced,63,P1,63,0,1.818,1.95,0.635
level_stock,slot_zero,v15,balanced,63,P2,74,0,0.779,0.29,0.541
level_stock,slot_loss,v15,balanced,63,ALL,137,0,-4.158,-2.37,0.358
level_stock,slot_loss,v15,balanced,63,P1,63,0,-2.419,-1.7,0.397
level_stock,slot_loss,v15,balanced,63,P2,74,0,-5.638,-1.95,0.324
stock_minus_mixed,slot,v15,balanced,5,ALL,148,0,0.081,1.17,0.527
stock_minus_mixed,slot,v15,balanced,5,P1,63,0,0.129,1.01,0.571
stock_minus_mixed,slot,v15,balanced,5,P2,85,0,0.045,0.61,0.494
stock_minus_mixed,slot_legacy,v15,balanced,5,ALL,148,0,0.081,1.17,0.527
stock_minus_mixed,slot_legacy,v15,balanced,5,P1,63,0,0.129,1.01,0.571
stock_minus_mixed,slot_legacy,v15,balanced,5,P2,85,0,0.045,0.62,0.494
stock_minus_mixed,slot_zero,v15,balanced,5,ALL,148,0,0.079,1.15,0.527
stock_minus_mixed,slot_zero,v15,balanced,5,P1,63,0,0.128,1.0,0.571
stock_minus_mixed,slot_zero,v15,balanced,5,P2,85,0,0.043,0.59,0.494
stock_minus_mixed,slot_loss,v15,balanced,5,ALL,148,0,0.034,0.49,0.52
stock_minus_mixed,slot_loss,v15,balanced,5,P1,63,0,0.102,0.79,0.556
stock_minus_mixed,slot_loss,v15,balanced,5,P2,85,0,-0.016,-0.22,0.494
stock_minus_mixed,slot,v15,balanced,20,ALL,145,0,0.327,2.05,0.545
stock_minus_mixed,slot,v15,balanced,20,P1,63,0,0.769,2.93,0.603
stock_minus_mixed,slot,v15,balanced,20,P2,82,0,-0.013,-0.08,0.5
stock_minus_mixed,slot_legacy,v15,balanced,20,ALL,145,0,0.32,2.08,0.531
stock_minus_mixed,slot_legacy,v15,balanced,20,P1,63,0,0.747,2.93,0.619
stock_minus_mixed,slot_legacy,v15,balanced,20,P2,82,0,-0.008,-0.05,0.463
stock_minus_mixed,slot_zero,v15,balanced,20,ALL,145,0,0.323,2.08,0.538
stock_minus_mixed,slot_zero,v15,balanced,20,P1,63,0,0.755,2.92,0.619
stock_minus_mixed,slot_zero,v15,balanced,20,P2,82,0,-0.008,-0.05,0.476
stock_minus_mixed,slot_loss,v15,balanced,20,ALL,145,0,-0.059,-0.29,0.483
stock_minus_mixed,slot_loss,v15,balanced,20,P1,63,0,0.457,2.01,0.571
stock_minus_mixed,slot_loss,v15,balanced,20,P2,82,0,-0.456,-1.6,0.415
stock_minus_mixed,slot,v15,balanced,63,ALL,137,0,1.588,2.79,0.547
stock_minus_mixed,slot,v15,balanced,63,P1,63,0,2.474,2.43,0.587
stock_minus_mixed,slot,v15,balanced,63,P2,74,0,0.834,2.52,0.514
stock_minus_mixed,slot_legacy,v15,balanced,63,ALL,137,0,1.549,2.75,0.569
stock_minus_mixed,slot_legacy,v15,balanced,63,P1,63,0,2.412,2.38,0.587
stock_minus_mixed,slot_legacy,v15,balanced,63,P2,74,0,0.814,2.57,0.554
stock_minus_mixed,slot_zero,v15,balanced,63,ALL,137,0,1.546,2.76,0.569
stock_minus_mixed,slot_zero,v15,balanced,63,P1,63,0,2.407,2.39,0.587
stock_minus_mixed,slot_zero,v15,balanced,63,P2,74,0,0.812,2.57,0.554
stock_minus_mixed,slot_loss,v15,balanced,63,ALL,137,0,0.633,1.06,0.438
stock_minus_mixed,slot_loss,v15,balanced,63,P1,63,0,1.584,1.64,0.476
stock_minus_mixed,slot_loss,v15,balanced,63,P2,74,0,-0.176,-0.33,0.405
level_mixed,slot,v15,aggressive,5,ALL,148,0,-0.069,-0.3,0.52
level_mixed,slot,v15,aggressive,5,P1,63,0,-0.076,-0.28,0.444
level_mixed,slot,v15,aggressive,5,P2,85,0,-0.063,-0.18,0.576
level_mixed,slot_legacy,v15,aggressive,5,ALL,148,0,-0.071,-0.31,0.52
level_mixed,slot_legacy,v15,aggressive,5,P1,63,0,-0.08,-0.29,0.444
level_mixed,slot_legacy,v15,aggressive,5,P2,85,0,-0.065,-0.19,0.576
level_mixed,slot_zero,v15,aggressive,5,ALL,148,0,-0.071,-0.31,0.52
level_mixed,slot_zero,v15,aggressive,5,P1,63,0,-0.077,-0.28,0.444
level_mixed,slot_zero,v15,aggressive,5,P2,85,0,-0.066,-0.19,0.576
level_mixed,slot_loss,v15,aggressive,5,ALL,148,0,-0.431,-1.73,0.48
level_mixed,slot_loss,v15,aggressive,5,P1,63,0,-0.346,-1.16,0.397
level_mixed,slot_loss,v15,aggressive,5,P2,85,0,-0.494,-1.32,0.541
level_mixed,slot,v15,aggressive,20,ALL,145,0,-0.345,-0.57,0.428
level_mixed,slot,v15,aggressive,20,P1,63,0,-0.213,-0.29,0.397
level_mixed,slot,v15,aggressive,20,P2,82,0,-0.446,-0.5,0.451
level_mixed,slot_legacy,v15,aggressive,20,ALL,145,0,-0.376,-0.63,0.428
level_mixed,slot_legacy,v15,aggressive,20,P1,63,0,-0.25,-0.34,0.397
level_mixed,slot_legacy,v15,aggressive,20,P2,82,0,-0.473,-0.53,0.451
level_mixed,slot_zero,v15,aggressive,20,ALL,145,0,-0.351,-0.59,0.428
level_mixed,slot_zero,v15,aggressive,20,P1,63,0,-0.216,-0.29,0.397
level_mixed,slot_zero,v15,aggressive,20,P2,82,0,-0.455,-0.51,0.451
level_mixed,slot_loss,v15,aggressive,20,ALL,145,0,-1.876,-2.82,0.317
level_mixed,slot_loss,v15,aggressive,20,P1,63,0,-1.46,-1.76,0.333
level_mixed,slot_loss,v15,aggressive,20,P2,82,0,-2.195,-2.23,0.305
level_mixed,slot,v15,aggressive,63,ALL,137,0,-0.345,-0.22,0.438
level_mixed,slot,v15,aggressive,63,P1,63,0,-0.491,-0.53,0.397
level_mixed,slot,v15,aggressive,63,P2,74,0,-0.221,-0.08,0.473
level_mixed,slot_legacy,v15,aggressive,63,ALL,137,0,-0.261,-0.16,0.438
level_mixed,slot_legacy,v15,aggressive,63,P1,63,0,-0.45,-0.48,0.397
level_mixed,slot_legacy,v15,aggressive,63,P2,74,0,-0.1,-0.04,0.473
level_mixed,slot_zero,v15,aggressive,63,ALL,137,0,-0.432,-0.29,0.438
level_mixed,slot_zero,v15,aggressive,63,P1,63,0,-0.521,-0.57,0.397
level_mixed,slot_zero,v15,aggressive,63,P2,74,0,-0.355,-0.13,0.473
level_mixed,slot_loss,v15,aggressive,63,ALL,137,0,-4.684,-3.23,0.27
level_mixed,slot_loss,v15,aggressive,63,P1,63,0,-3.709,-3.48,0.27
level_mixed,slot_loss,v15,aggressive,63,P2,74,0,-5.514,-2.2,0.27
level_stock,slot,v15,aggressive,5,ALL,148,0,0.001,0.0,0.527
level_stock,slot,v15,aggressive,5,P1,63,0,0.07,0.25,0.508
level_stock,slot,v15,aggressive,5,P2,85,0,-0.05,-0.13,0.541
level_stock,slot_legacy,v15,aggressive,5,ALL,148,0,-0.005,-0.02,0.527
level_stock,slot_legacy,v15,aggressive,5,P1,63,0,0.066,0.24,0.508
level_stock,slot_legacy,v15,aggressive,5,P2,85,0,-0.057,-0.15,0.541
level_stock,slot_zero,v15,aggressive,5,ALL,148,0,-0.003,-0.01,0.527
level_stock,slot_zero,v15,aggressive,5,P1,63,0,0.068,0.24,0.508
level_stock,slot_zero,v15,aggressive,5,P2,85,0,-0.055,-0.15,0.541
level_stock,slot_loss,v15,aggressive,5,ALL,148,0,-0.419,-1.6,0.48
level_stock,slot_loss,v15,aggressive,5,P1,63,0,-0.227,-0.75,0.444
level_stock,slot_loss,v15,aggressive,5,P2,85,0,-0.561,-1.42,0.506
level_stock,slot,v15,aggressive,20,ALL,145,0,0.027,0.04,0.476
level_stock,slot,v15,aggressive,20,P1,63,0,0.573,0.69,0.46
level_stock,slot,v15,aggressive,20,P2,82,0,-0.392,-0.41,0.488
level_stock,slot_legacy,v15,aggressive,20,ALL,145,0,-0.004,-0.01,0.476
level_stock,slot_legacy,v15,aggressive,20,P1,63,0,0.511,0.63,0.46
level_stock,slot_legacy,v15,aggressive,20,P2,82,0,-0.4,-0.43,0.488
level_stock,slot_zero,v15,aggressive,20,ALL,145,0,0.021,0.03,0.476
level_stock,slot_zero,v15,aggressive,20,P1,63,0,0.555,0.68,0.46
level_stock,slot_zero,v15,aggressive,20,P2,82,0,-0.389,-0.41,0.488
level_stock,slot_loss,v15,aggressive,20,ALL,145,0,-1.831,-2.37,0.345
level_stock,slot_loss,v15,aggressive,20,P1,63,0,-0.964,-1.04,0.397
level_stock,slot_loss,v15,aggressive,20,P2,82,0,-2.497,-2.18,0.305
level_stock,slot,v15,aggressive,63,ALL,137,0,1.441,0.82,0.569
level_stock,slot,v15,aggressive,63,P1,63,0,2.052,2.41,0.603
level_stock,slot,v15,aggressive,63,P2,74,0,0.921,0.29,0.541
level_stock,slot_legacy,v15,aggressive,63,ALL,137,0,1.498,0.86,0.562
level_stock,slot_legacy,v15,aggressive,63,P1,63,0,2.053,2.49,0.603
level_stock,slot_legacy,v15,aggressive,63,P2,74,0,1.026,0.33,0.527
level_stock,slot_zero,v15,aggressive,63,ALL,137,0,1.303,0.79,0.569
level_stock,slot_zero,v15,aggressive,63,P1,63,0,1.959,2.38,0.603
level_stock,slot_zero,v15,aggressive,63,P2,74,0,0.745,0.25,0.541
level_stock,slot_loss,v15,aggressive,63,ALL,137,0,-3.912,-2.18,0.336
level_stock,slot_loss,v15,aggressive,63,P1,63,0,-1.993,-1.45,0.349
level_stock,slot_loss,v15,aggressive,63,P2,74,0,-5.546,-1.86,0.324
stock_minus_mixed,slot,v15,aggressive,5,ALL,148,0,0.07,0.99,0.527
stock_minus_mixed,slot,v15,aggressive,5,P1,63,0,0.146,1.11,0.556
stock_minus_mixed,slot,v15,aggressive,5,P2,85,0,0.013,0.18,0.506
stock_minus_mixed,slot_legacy,v15,aggressive,5,ALL,148,0,0.067,0.96,0.527
stock_minus_mixed,slot_legacy,v15,aggressive,5,P1,63,0,0.146,1.11,0.556
stock_minus_mixed,slot_legacy,v15,aggressive,5,P2,85,0,0.008,0.11,0.506
stock_minus_mixed,slot_zero,v15,aggressive,5,ALL,148,0,0.068,0.97,0.527
stock_minus_mixed,slot_zero,v15,aggressive,5,P1,63,0,0.146,1.11,0.556
stock_minus_mixed,slot_zero,v15,aggressive,5,P2,85,0,0.011,0.14,0.506
stock_minus_mixed,slot_loss,v15,aggressive,5,ALL,148,0,0.012,0.15,0.52
stock_minus_mixed,slot_loss,v15,aggressive,5,P1,63,0,0.119,0.9,0.54
stock_minus_mixed,slot_loss,v15,aggressive,5,P2,85,0,-0.067,-0.71,0.506
stock_minus_mixed,slot,v15,aggressive,20,ALL,145,0,0.372,2.19,0.545
stock_minus_mixed,slot,v15,aggressive,20,P1,63,0,0.786,2.94,0.571
stock_minus_mixed,slot,v15,aggressive,20,P2,82,0,0.054,0.28,0.524
stock_minus_mixed,slot_legacy,v15,aggressive,20,ALL,145,0,0.372,2.31,0.545
stock_minus_mixed,slot_legacy,v15,aggressive,20,P1,63,0,0.76,2.92,0.571
stock_minus_mixed,slot_legacy,v15,aggressive,20,P2,82,0,0.073,0.42,0.524
stock_minus_mixed,slot_zero,v15,aggressive,20,ALL,145,0,0.372,2.28,0.545
stock_minus_mixed,slot_zero,v15,aggressive,20,P1,63,0,0.771,2.92,0.571
stock_minus_mixed,slot_zero,v15,aggressive,20,P2,82,0,0.066,0.37,0.524
stock_minus_mixed,slot_loss,v15,aggressive,20,ALL,145,0,0.045,0.22,0.503
stock_minus_mixed,slot_loss,v15,aggressive,20,P1,63,0,0.496,1.85,0.508
stock_minus_mixed,slot_loss,v15,aggressive,20,P2,82,0,-0.302,-1.12,0.5
stock_minus_mixed,slot,v15,aggressive,63,ALL,137,0,1.786,3.13,0.65
stock_minus_mixed,slot,v15,aggressive,63,P1,63,0,2.543,2.54,0.667
stock_minus_mixed,slot,v15,aggressive,63,P2,74,0,1.142,2.61,0.635
stock_minus_mixed,slot_legacy,v15,aggressive,63,ALL,137,0,1.759,3.15,0.672
stock_minus_mixed,slot_legacy,v15,aggressive,63,P1,63,0,2.503,2.51,0.683
stock_minus_mixed,slot_legacy,v15,aggressive,63,P2,74,0,1.126,2.82,0.662
stock_minus_mixed,slot_zero,v15,aggressive,63,ALL,137,0,1.735,3.1,0.672
stock_minus_mixed,slot_zero,v15,aggressive,63,P1,63,0,2.481,2.47,0.683
stock_minus_mixed,slot_zero,v15,aggressive,63,P2,74,0,1.1,2.79,0.662
stock_minus_mixed,slot_loss,v15,aggressive,63,ALL,137,0,0.772,1.24,0.555
stock_minus_mixed,slot_loss,v15,aggressive,63,P1,63,0,1.716,1.68,0.571
stock_minus_mixed,slot_loss,v15,aggressive,63,P2,74,0,-0.032,-0.06,0.541
level_mixed,slot,d12m1,balanced,5,ALL,148,0,0.046,0.21,0.541
level_mixed,slot,d12m1,balanced,5,P1,63,0,-0.037,-0.14,0.492
level_mixed,slot,d12m1,balanced,5,P2,85,0,0.107,0.33,0.576
level_mixed,slot_legacy,d12m1,balanced,5,ALL,148,0,0.039,0.18,0.541
level_mixed,slot_legacy,d12m1,balanced,5,P1,63,0,-0.043,-0.16,0.492
level_mixed,slot_legacy,d12m1,balanced,5,P2,85,0,0.099,0.3,0.576
level_mixed,slot_zero,d12m1,balanced,5,ALL,148,0,0.041,0.19,0.541
level_mixed,slot_zero,d12m1,balanced,5,P1,63,0,-0.041,-0.16,0.492
level_mixed,slot_zero,d12m1,balanced,5,P2,85,0,0.102,0.31,0.576
level_mixed,slot_loss,d12m1,balanced,5,ALL,148,0,-0.376,-1.6,0.486
level_mixed,slot_loss,d12m1,balanced,5,P1,63,0,-0.387,-1.38,0.429
level_mixed,slot_loss,d12m1,balanced,5,P2,85,0,-0.367,-1.04,0.529
level_mixed,slot,d12m1,balanced,20,ALL,145,0,0.116,0.2,0.49
level_mixed,slot,d12m1,balanced,20,P1,63,0,0.195,0.25,0.429
level_mixed,slot,d12m1,balanced,20,P2,82,0,0.055,0.07,0.537
level_mixed,slot_legacy,d12m1,balanced,20,ALL,145,0,0.06,0.1,0.49
level_mixed,slot_legacy,d12m1,balanced,20,P1,63,0,0.121,0.16,0.413
level_mixed,slot_legacy,d12m1,balanced,20,P2,82,0,0.013,0.02,0.549
level_mixed,slot_zero,d12m1,balanced,20,ALL,145,0,0.088,0.15,0.49
level_mixed,slot_zero,d12m1,balanced,20,P1,63,0,0.167,0.22,0.429
level_mixed,slot_zero,d12m1,balanced,20,P2,82,0,0.027,0.03,0.537
level_mixed,slot_loss,d12m1,balanced,20,ALL,145,0,-1.779,-2.87,0.352
level_mixed,slot_loss,d12m1,balanced,20,P1,63,0,-1.347,-1.71,0.349
level_mixed,slot_loss,d12m1,balanced,20,P2,82,0,-2.111,-2.32,0.354
level_mixed,slot,d12m1,balanced,63,ALL,137,0,1.074,0.69,0.562
level_mixed,slot,d12m1,balanced,63,P1,63,0,0.507,0.73,0.524
level_mixed,slot,d12m1,balanced,63,P2,74,0,1.557,0.56,0.595
level_mixed,slot_legacy,d12m1,balanced,63,ALL,137,0,1.093,0.7,0.569
level_mixed,slot_legacy,d12m1,balanced,63,P1,63,0,0.514,0.7,0.54
level_mixed,slot_legacy,d12m1,balanced,63,P2,74,0,1.585,0.57,0.595
level_mixed,slot_zero,d12m1,balanced,63,ALL,137,0,0.9,0.62,0.562
level_mixed,slot_zero,d12m1,balanced,63,P1,63,0,0.427,0.64,0.524
level_mixed,slot_zero,d12m1,balanced,63,P2,74,0,1.302,0.5,0.595
level_mixed,slot_loss,d12m1,balanced,63,ALL,137,0,-4.186,-2.91,0.285
level_mixed,slot_loss,d12m1,balanced,63,P1,63,0,-3.284,-3.39,0.254
level_mixed,slot_loss,d12m1,balanced,63,P2,74,0,-4.953,-1.97,0.311
level_stock,slot,d12m1,balanced,5,ALL,148,0,0.074,0.32,0.574
level_stock,slot,d12m1,balanced,5,P1,63,0,0.051,0.18,0.556
level_stock,slot,d12m1,balanced,5,P2,85,0,0.091,0.27,0.588
level_stock,slot_legacy,d12m1,balanced,5,ALL,148,0,0.066,0.29,0.574
level_stock,slot_legacy,d12m1,balanced,5,P1,63,0,0.045,0.16,0.556
level_stock,slot_legacy,d12m1,balanced,5,P2,85,0,0.082,0.25,0.588
level_stock,slot_zero,d12m1,balanced,5,ALL,148,0,0.068,0.3,0.574
level_stock,slot_zero,d12m1,balanced,5,P1,63,0,0.046,0.16,0.556
level_stock,slot_zero,d12m1,balanced,5,P2,85,0,0.085,0.25,0.588
level_stock,slot_loss,d12m1,balanced,5,ALL,148,0,-0.382,-1.58,0.507
level_stock,slot_loss,d12m1,balanced,5,P1,63,0,-0.3,-1.02,0.492
level_stock,slot_loss,d12m1,balanced,5,P2,85,0,-0.443,-1.23,0.518
level_stock,slot,d12m1,balanced,20,ALL,145,0,0.207,0.34,0.497
level_stock,slot,d12m1,balanced,20,P1,63,0,0.558,0.69,0.46
level_stock,slot,d12m1,balanced,20,P2,82,0,-0.062,-0.07,0.524
level_stock,slot_legacy,d12m1,balanced,20,ALL,145,0,0.155,0.26,0.503
level_stock,slot_legacy,d12m1,balanced,20,P1,63,0,0.475,0.61,0.46
level_stock,slot_legacy,d12m1,balanced,20,P2,82,0,-0.091,-0.11,0.537
level_stock,slot_zero,d12m1,balanced,20,ALL,145,0,0.182,0.31,0.497
level_stock,slot_zero,d12m1,balanced,20,P1,63,0,0.525,0.66,0.46
level_stock,slot_zero,d12m1,balanced,20,P2,82,0,-0.082,-0.1,0.524
level_stock,slot_loss,d12m1,balanced,20,ALL,145,0,-1.86,-2.75,0.352
level_stock,slot_loss,d12m1,balanced,20,P1,63,0,-1.26,-1.48,0.365
level_stock,slot_loss,d12m1,balanced,20,P2,82,0,-2.32,-2.34,0.341
level_stock,slot,d12m1,balanced,63,ALL,137,0,1.874,1.19,0.62
level_stock,slot,d12m1,balanced,63,P1,63,0,2.203,2.99,0.667
level_stock,slot,d12m1,balanced,63,P2,74,0,1.594,0.57,0.581
level_stock,slot_legacy,d12m1,balanced,63,ALL,137,0,1.876,1.19,0.62
level_stock,slot_legacy,d12m1,balanced,63,P1,63,0,2.157,2.87,0.667
level_stock,slot_legacy,d12m1,balanced,63,P2,74,0,1.637,0.58,0.581
level_stock,slot_zero,d12m1,balanced,63,ALL,137,0,1.693,1.15,0.62
level_stock,slot_zero,d12m1,balanced,63,P1,63,0,2.075,2.93,0.667
level_stock,slot_zero,d12m1,balanced,63,P2,74,0,1.368,0.52,0.581
level_stock,slot_loss,d12m1,balanced,63,ALL,137,0,-3.863,-2.38,0.358
level_stock,slot_loss,d12m1,balanced,63,P1,63,0,-2.153,-1.84,0.413
level_stock,slot_loss,d12m1,balanced,63,P2,74,0,-5.319,-1.95,0.311
stock_minus_mixed,slot,d12m1,balanced,5,ALL,148,0,0.028,0.61,0.412
stock_minus_mixed,slot,d12m1,balanced,5,P1,63,0,0.088,0.98,0.492
stock_minus_mixed,slot,d12m1,balanced,5,P2,85,0,-0.016,-0.38,0.353
stock_minus_mixed,slot_legacy,d12m1,balanced,5,ALL,148,0,0.027,0.6,0.412
stock_minus_mixed,slot_legacy,d12m1,balanced,5,P1,63,0,0.088,0.97,0.492
stock_minus_mixed,slot_legacy,d12m1,balanced,5,P2,85,0,-0.017,-0.41,0.353
stock_minus_mixed,slot_zero,d12m1,balanced,5,ALL,148,0,0.027,0.6,0.412
stock_minus_mixed,slot_zero,d12m1,balanced,5,P1,63,0,0.088,0.97,0.492
stock_minus_mixed,slot_zero,d12m1,balanced,5,P2,85,0,-0.017,-0.41,0.353
stock_minus_mixed,slot_loss,d12m1,balanced,5,ALL,148,0,-0.006,-0.12,0.399
stock_minus_mixed,slot_loss,d12m1,balanced,5,P1,63,0,0.088,0.97,0.492
stock_minus_mixed,slot_loss,d12m1,balanced,5,P2,85,0,-0.076,-1.4,0.329
stock_minus_mixed,slot,d12m1,balanced,20,ALL,145,0,0.091,0.85,0.359
stock_minus_mixed,slot,d12m1,balanced,20,P1,63,0,0.363,2.18,0.476
stock_minus_mixed,slot,d12m1,balanced,20,P2,82,0,-0.117,-0.96,0.268
stock_minus_mixed,slot_legacy,d12m1,balanced,20,ALL,145,0,0.095,0.92,0.352
stock_minus_mixed,slot_legacy,d12m1,balanced,20,P1,63,0,0.355,2.15,0.46
stock_minus_mixed,slot_legacy,d12m1,balanced,20,P2,82,0,-0.104,-0.92,0.268
stock_minus_mixed,slot_zero,d12m1,balanced,20,ALL,145,0,0.094,0.9,0.359
stock_minus_mixed,slot_zero,d12m1,balanced,20,P1,63,0,0.359,2.18,0.476
stock_minus_mixed,slot_zero,d12m1,balanced,20,P2,82,0,-0.109,-0.94,0.268
stock_minus_mixed,slot_loss,d12m1,balanced,20,ALL,145,0,-0.081,-0.66,0.324
stock_minus_mixed,slot_loss,d12m1,balanced,20,P1,63,0,0.087,0.48,0.397
stock_minus_mixed,slot_loss,d12m1,balanced,20,P2,82,0,-0.209,-1.29,0.268
stock_minus_mixed,slot,d12m1,balanced,63,ALL,137,0,0.8,2.02,0.409
stock_minus_mixed,slot,d12m1,balanced,63,P1,63,0,1.696,2.69,0.587
stock_minus_mixed,slot,d12m1,balanced,63,P2,74,0,0.037,0.18,0.257
stock_minus_mixed,slot_legacy,d12m1,balanced,63,ALL,137,0,0.784,2.03,0.401
stock_minus_mixed,slot_legacy,d12m1,balanced,63,P1,63,0,1.643,2.65,0.571
stock_minus_mixed,slot_legacy,d12m1,balanced,63,P2,74,0,0.052,0.26,0.257
stock_minus_mixed,slot_zero,d12m1,balanced,63,ALL,137,0,0.793,2.05,0.416
stock_minus_mixed,slot_zero,d12m1,balanced,63,P1,63,0,1.648,2.65,0.587
stock_minus_mixed,slot_zero,d12m1,balanced,63,P2,74,0,0.066,0.31,0.27
stock_minus_mixed,slot_loss,d12m1,balanced,63,ALL,137,0,0.322,0.83,0.35
stock_minus_mixed,slot_loss,d12m1,balanced,63,P1,63,0,1.13,1.88,0.492
stock_minus_mixed,slot_loss,d12m1,balanced,63,P2,74,0,-0.365,-1.32,0.23
variant_minus_baseline_mixed,slot,d12m1,balanced,5,ALL,148,0,0.08,1.58,0.608
variant_minus_baseline_mixed,slot,d12m1,balanced,5,P1,63,0,0.054,0.75,0.619
variant_minus_baseline_mixed,slot,d12m1,balanced,5,P2,85,0,0.098,1.42,0.6
variant_minus_baseline_mixed,slot_legacy,d12m1,balanced,5,ALL,148,0,0.078,1.56,0.608
variant_minus_baseline_mixed,slot_legacy,d12m1,balanced,5,P1,63,0,0.054,0.75,0.619
variant_minus_baseline_mixed,slot_legacy,d12m1,balanced,5,P2,85,0,0.095,1.4,0.6
variant_minus_baseline_mixed,slot_zero,d12m1,balanced,5,ALL,148,0,0.078,1.55,0.608
variant_minus_baseline_mixed,slot_zero,d12m1,balanced,5,P1,63,0,0.052,0.72,0.619
variant_minus_baseline_mixed,slot_zero,d12m1,balanced,5,P2,85,0,0.097,1.41,0.6
variant_minus_baseline_mixed,slot_loss,d12m1,balanced,5,ALL,148,0,0.056,0.86,0.581
variant_minus_baseline_mixed,slot_loss,d12m1,balanced,5,P1,63,0,0.056,0.54,0.603
variant_minus_baseline_mixed,slot_loss,d12m1,balanced,5,P2,85,0,0.056,0.67,0.565
variant_minus_baseline_mixed,slot,d12m1,balanced,20,ALL,145,0,0.33,3.19,0.655
variant_minus_baseline_mixed,slot,d12m1,balanced,20,P1,63,0,0.447,2.76,0.667
variant_minus_baseline_mixed,slot,d12m1,balanced,20,P2,82,0,0.239,1.83,0.646
variant_minus_baseline_mixed,slot_legacy,d12m1,balanced,20,ALL,145,0,0.302,3.08,0.641
variant_minus_baseline_mixed,slot_legacy,d12m1,balanced,20,P1,63,0,0.408,2.7,0.651
variant_minus_baseline_mixed,slot_legacy,d12m1,balanced,20,P2,82,0,0.221,1.74,0.634
variant_minus_baseline_mixed,slot_zero,d12m1,balanced,20,ALL,145,0,0.308,3.08,0.641
variant_minus_baseline_mixed,slot_zero,d12m1,balanced,20,P1,63,0,0.424,2.7,0.667
variant_minus_baseline_mixed,slot_zero,d12m1,balanced,20,P2,82,0,0.218,1.73,0.622
variant_minus_baseline_mixed,slot_loss,d12m1,balanced,20,ALL,145,0,0.074,0.58,0.586
variant_minus_baseline_mixed,slot_loss,d12m1,balanced,20,P1,63,0,0.291,1.82,0.603
variant_minus_baseline_mixed,slot_loss,d12m1,balanced,20,P2,82,0,-0.092,-0.51,0.573
variant_minus_baseline_mixed,slot,d12m1,balanced,63,ALL,137,0,1.277,4.21,0.686
variant_minus_baseline_mixed,slot,d12m1,balanced,63,P1,63,0,1.06,3.38,0.619
variant_minus_baseline_mixed,slot,d12m1,balanced,63,P2,74,0,1.462,3.01,0.743
variant_minus_baseline_mixed,slot_legacy,d12m1,balanced,63,ALL,137,0,1.203,4.17,0.686
variant_minus_baseline_mixed,slot_legacy,d12m1,balanced,63,P1,63,0,1.016,3.18,0.619
variant_minus_baseline_mixed,slot_legacy,d12m1,balanced,63,P2,74,0,1.363,3.0,0.743
variant_minus_baseline_mixed,slot_zero,d12m1,balanced,63,ALL,137,0,1.189,4.2,0.679
variant_minus_baseline_mixed,slot_zero,d12m1,balanced,63,P1,63,0,1.016,3.21,0.619
variant_minus_baseline_mixed,slot_zero,d12m1,balanced,63,P2,74,0,1.336,2.99,0.73
variant_minus_baseline_mixed,slot_loss,d12m1,balanced,63,ALL,137,0,0.605,2.56,0.584
variant_minus_baseline_mixed,slot_loss,d12m1,balanced,63,P1,63,0,0.719,2.51,0.587
variant_minus_baseline_mixed,slot_loss,d12m1,balanced,63,P2,74,0,0.508,1.36,0.581
variant_minus_baseline_stock,slot,d12m1,balanced,5,ALL,148,0,0.027,0.72,0.561
variant_minus_baseline_stock,slot,d12m1,balanced,5,P1,63,0,0.014,0.32,0.556
variant_minus_baseline_stock,slot,d12m1,balanced,5,P2,85,0,0.037,0.64,0.565
variant_minus_baseline_stock,slot_legacy,d12m1,balanced,5,ALL,148,0,0.025,0.66,0.561
variant_minus_baseline_stock,slot_legacy,d12m1,balanced,5,P1,63,0,0.013,0.31,0.556
variant_minus_baseline_stock,slot_legacy,d12m1,balanced,5,P2,85,0,0.033,0.59,0.565
variant_minus_baseline_stock,slot_zero,d12m1,balanced,5,ALL,148,0,0.026,0.69,0.561
variant_minus_baseline_stock,slot_zero,d12m1,balanced,5,P1,63,0,0.011,0.27,0.556
variant_minus_baseline_stock,slot_zero,d12m1,balanced,5,P2,85,0,0.037,0.64,0.565
variant_minus_baseline_stock,slot_loss,d12m1,balanced,5,ALL,148,0,0.015,0.26,0.547
variant_minus_baseline_stock,slot_loss,d12m1,balanced,5,P1,63,0,0.041,0.55,0.54
variant_minus_baseline_stock,slot_loss,d12m1,balanced,5,P2,85,0,-0.004,-0.04,0.553
variant_minus_baseline_stock,slot,d12m1,balanced,20,ALL,145,0,0.094,1.18,0.552
variant_minus_baseline_stock,slot,d12m1,balanced,20,P1,63,0,0.041,0.5,0.587
variant_minus_baseline_stock,slot,d12m1,balanced,20,P2,82,0,0.135,1.08,0.524
variant_minus_baseline_stock,slot_legacy,d12m1,balanced,20,ALL,145,0,0.078,0.99,0.538
variant_minus_baseline_stock,slot_legacy,d12m1,balanced,20,P1,63,0,0.016,0.19,0.556
variant_minus_baseline_stock,slot_legacy,d12m1,balanced,20,P2,82,0,0.125,1.01,0.524
variant_minus_baseline_stock,slot_zero,d12m1,balanced,20,ALL,145,0,0.079,1.01,0.545
variant_minus_baseline_stock,slot_zero,d12m1,balanced,20,P1,63,0,0.028,0.34,0.587
variant_minus_baseline_stock,slot_zero,d12m1,balanced,20,P2,82,0,0.117,0.96,0.512
variant_minus_baseline_stock,slot_loss,d12m1,balanced,20,ALL,145,0,0.053,0.44,0.531
variant_minus_baseline_stock,slot_loss,d12m1,balanced,20,P1,63,0,-0.08,-0.63,0.524
variant_minus_baseline_stock,slot_loss,d12m1,balanced,20,P2,82,0,0.155,0.83,0.537
variant_minus_baseline_stock,slot,d12m1,balanced,63,ALL,137,0,0.49,1.58,0.569
variant_minus_baseline_stock,slot,d12m1,balanced,63,P1,63,0,0.283,0.94,0.587
variant_minus_baseline_stock,slot,d12m1,balanced,63,P2,74,0,0.666,1.36,0.554
variant_minus_baseline_stock,slot_legacy,d12m1,balanced,63,ALL,137,0,0.438,1.49,0.562
variant_minus_baseline_stock,slot_legacy,d12m1,balanced,63,P1,63,0,0.246,0.82,0.556
variant_minus_baseline_stock,slot_legacy,d12m1,balanced,63,P2,74,0,0.602,1.32,0.568
variant_minus_baseline_stock,slot_zero,d12m1,balanced,63,ALL,137,0,0.437,1.49,0.569
variant_minus_baseline_stock,slot_zero,d12m1,balanced,63,P1,63,0,0.257,0.86,0.571
variant_minus_baseline_stock,slot_zero,d12m1,balanced,63,P2,74,0,0.59,1.29,0.568
variant_minus_baseline_stock,slot_loss,d12m1,balanced,63,ALL,137,0,0.295,0.91,0.526
variant_minus_baseline_stock,slot_loss,d12m1,balanced,63,P1,63,0,0.265,0.79,0.571
variant_minus_baseline_stock,slot_loss,d12m1,balanced,63,P2,74,0,0.319,0.63,0.486
level_mixed,slot,d12m1,aggressive,5,ALL,148,0,0.022,0.09,0.5
level_mixed,slot,d12m1,aggressive,5,P1,63,0,-0.107,-0.37,0.444
level_mixed,slot,d12m1,aggressive,5,P2,85,0,0.119,0.33,0.541
level_mixed,slot_legacy,d12m1,aggressive,5,ALL,148,0,0.016,0.07,0.5
level_mixed,slot_legacy,d12m1,aggressive,5,P1,63,0,-0.112,-0.39,0.444
level_mixed,slot_legacy,d12m1,aggressive,5,P2,85,0,0.11,0.31,0.541
level_mixed,slot_zero,d12m1,aggressive,5,ALL,148,0,0.018,0.07,0.5
level_mixed,slot_zero,d12m1,aggressive,5,P1,63,0,-0.11,-0.38,0.444
level_mixed,slot_zero,d12m1,aggressive,5,P2,85,0,0.112,0.31,0.541
level_mixed,slot_loss,d12m1,aggressive,5,ALL,148,0,-0.353,-1.41,0.459
level_mixed,slot_loss,d12m1,aggressive,5,P1,63,0,-0.351,-1.21,0.397
level_mixed,slot_loss,d12m1,aggressive,5,P2,85,0,-0.355,-0.93,0.506
level_mixed,slot,d12m1,aggressive,20,ALL,145,0,0.064,0.1,0.49
level_mixed,slot,d12m1,aggressive,20,P1,63,0,0.012,0.01,0.444
level_mixed,slot,d12m1,aggressive,20,P2,82,0,0.105,0.11,0.524
level_mixed,slot_legacy,d12m1,aggressive,20,ALL,145,0,0.018,0.03,0.497
level_mixed,slot_legacy,d12m1,aggressive,20,P1,63,0,-0.052,-0.07,0.444
level_mixed,slot_legacy,d12m1,aggressive,20,P2,82,0,0.072,0.08,0.537
level_mixed,slot_zero,d12m1,aggressive,20,ALL,145,0,0.046,0.07,0.49
level_mixed,slot_zero,d12m1,aggressive,20,P1,63,0,-0.002,-0.0,0.444
level_mixed,slot_zero,d12m1,aggressive,20,P2,82,0,0.082,0.09,0.524
level_mixed,slot_loss,d12m1,aggressive,20,ALL,145,0,-1.746,-2.49,0.352
level_mixed,slot_loss,d12m1,aggressive,20,P1,63,0,-1.383,-1.64,0.365
level_mixed,slot_loss,d12m1,aggressive,20,P2,82,0,-2.024,-1.92,0.341
level_mixed,slot,d12m1,aggressive,63,ALL,137,0,0.901,0.51,0.482
level_mixed,slot,d12m1,aggressive,63,P1,63,0,0.451,0.59,0.46
level_mixed,slot,d12m1,aggressive,63,P2,74,0,1.283,0.41,0.5
level_mixed,slot_legacy,d12m1,aggressive,63,ALL,137,0,0.96,0.54,0.496
level_mixed,slot_legacy,d12m1,aggressive,63,P1,63,0,0.484,0.61,0.508
level_mixed,slot_legacy,d12m1,aggressive,63,P2,74,0,1.366,0.43,0.486
level_mixed,slot_zero,d12m1,aggressive,63,ALL,137,0,0.733,0.44,0.482
level_mixed,slot_zero,d12m1,aggressive,63,P1,63,0,0.389,0.52,0.46
level_mixed,slot_zero,d12m1,aggressive,63,P2,74,0,1.026,0.34,0.5
level_mixed,slot_loss,d12m1,aggressive,63,ALL,137,0,-4.227,-2.69,0.27
level_mixed,slot_loss,d12m1,aggressive,63,P1,63,0,-3.214,-3.38,0.222
level_mixed,slot_loss,d12m1,aggressive,63,P2,74,0,-5.088,-1.84,0.311
level_stock,slot,d12m1,aggressive,5,ALL,148,0,0.032,0.13,0.527
level_stock,slot,d12m1,aggressive,5,P1,63,0,-0.028,-0.09,0.508
level_stock,slot,d12m1,aggressive,5,P2,85,0,0.077,0.21,0.541
level_stock,slot_legacy,d12m1,aggressive,5,ALL,148,0,0.024,0.1,0.527
level_stock,slot_legacy,d12m1,aggressive,5,P1,63,0,-0.033,-0.11,0.508
level_stock,slot_legacy,d12m1,aggressive,5,P2,85,0,0.066,0.18,0.541
level_stock,slot_zero,d12m1,aggressive,5,ALL,148,0,0.026,0.11,0.527
level_stock,slot_zero,d12m1,aggressive,5,P1,63,0,-0.031,-0.1,0.508
level_stock,slot_zero,d12m1,aggressive,5,P2,85,0,0.068,0.19,0.541
level_stock,slot_loss,d12m1,aggressive,5,ALL,148,0,-0.423,-1.64,0.48
level_stock,slot_loss,d12m1,aggressive,5,P1,63,0,-0.325,-1.07,0.444
level_stock,slot_loss,d12m1,aggressive,5,P2,85,0,-0.496,-1.28,0.506
level_stock,slot,d12m1,aggressive,20,ALL,145,0,0.177,0.27,0.51
level_stock,slot,d12m1,aggressive,20,P1,63,0,0.484,0.61,0.476
level_stock,slot,d12m1,aggressive,20,P2,82,0,-0.06,-0.06,0.537
level_stock,slot_legacy,d12m1,aggressive,20,ALL,145,0,0.132,0.21,0.517
level_stock,slot_legacy,d12m1,aggressive,20,P1,63,0,0.408,0.53,0.476
level_stock,slot_legacy,d12m1,aggressive,20,P2,82,0,-0.081,-0.08,0.549
level_stock,slot_zero,d12m1,aggressive,20,ALL,145,0,0.16,0.25,0.51
level_stock,slot_zero,d12m1,aggressive,20,P1,63,0,0.461,0.59,0.476
level_stock,slot_zero,d12m1,aggressive,20,P2,82,0,-0.071,-0.07,0.537
level_stock,slot_loss,d12m1,aggressive,20,ALL,145,0,-1.808,-2.4,0.366
level_stock,slot_loss,d12m1,aggressive,20,P1,63,0,-1.058,-1.23,0.413
level_stock,slot_loss,d12m1,aggressive,20,P2,82,0,-2.384,-2.09,0.329
level_stock,slot,d12m1,aggressive,63,ALL,137,0,1.656,0.93,0.555
level_stock,slot,d12m1,aggressive,63,P1,63,0,2.02,2.45,0.603
level_stock,slot,d12m1,aggressive,63,P2,74,0,1.346,0.42,0.514
level_stock,slot_legacy,d12m1,aggressive,63,ALL,137,0,1.68,0.94,0.569
level_stock,slot_legacy,d12m1,aggressive,63,P1,63,0,1.987,2.48,0.635
level_stock,slot_legacy,d12m1,aggressive,63,P2,74,0,1.418,0.44,0.514
level_stock,slot_zero,d12m1,aggressive,63,ALL,137,0,1.488,0.89,0.555
level_stock,slot_zero,d12m1,aggressive,63,P1,63,0,1.905,2.42,0.603
level_stock,slot_zero,d12m1,aggressive,63,P2,74,0,1.132,0.38,0.514
level_stock,slot_loss,d12m1,aggressive,63,ALL,137,0,-4.115,-2.25,0.336
level_stock,slot_loss,d12m1,aggressive,63,P1,63,0,-2.101,-1.78,0.349
level_stock,slot_loss,d12m1,aggressive,63,P2,74,0,-5.83,-1.88,0.324
stock_minus_mixed,slot,d12m1,aggressive,5,ALL,148,0,0.01,0.21,0.385
stock_minus_mixed,slot,d12m1,aggressive,5,P1,63,0,0.079,0.93,0.46
stock_minus_mixed,slot,d12m1,aggressive,5,P2,85,0,-0.042,-0.91,0.329
stock_minus_mixed,slot_legacy,d12m1,aggressive,5,ALL,148,0,0.008,0.18,0.385
stock_minus_mixed,slot_legacy,d12m1,aggressive,5,P1,63,0,0.078,0.92,0.46
stock_minus_mixed,slot_legacy,d12m1,aggressive,5,P2,85,0,-0.044,-0.97,0.329
stock_minus_mixed,slot_zero,d12m1,aggressive,5,ALL,148,0,0.009,0.19,0.385
stock_minus_mixed,slot_zero,d12m1,aggressive,5,P1,63,0,0.079,0.93,0.46
stock_minus_mixed,slot_zero,d12m1,aggressive,5,P2,85,0,-0.044,-0.97,0.329
stock_minus_mixed,slot_loss,d12m1,aggressive,5,ALL,148,0,-0.07,-1.2,0.365
stock_minus_mixed,slot_loss,d12m1,aggressive,5,P1,63,0,0.026,0.28,0.444
stock_minus_mixed,slot_loss,d12m1,aggressive,5,P2,85,0,-0.14,-1.92,0.306
stock_minus_mixed,slot,d12m1,aggressive,20,ALL,145,0,0.113,0.87,0.414
stock_minus_mixed,slot,d12m1,aggressive,20,P1,63,0,0.473,2.25,0.524
stock_minus_mixed,slot,d12m1,aggressive,20,P2,82,0,-0.164,-1.24,0.329
stock_minus_mixed,slot_legacy,d12m1,aggressive,20,ALL,145,0,0.113,0.91,0.414
stock_minus_mixed,slot_legacy,d12m1,aggressive,20,P1,63,0,0.46,2.19,0.524
stock_minus_mixed,slot_legacy,d12m1,aggressive,20,P2,82,0,-0.153,-1.26,0.329
stock_minus_mixed,slot_zero,d12m1,aggressive,20,ALL,145,0,0.115,0.91,0.414
stock_minus_mixed,slot_zero,d12m1,aggressive,20,P1,63,0,0.463,2.2,0.524
stock_minus_mixed,slot_zero,d12m1,aggressive,20,P2,82,0,-0.153,-1.24,0.329
stock_minus_mixed,slot_loss,d12m1,aggressive,20,ALL,145,0,-0.062,-0.42,0.372
stock_minus_mixed,slot_loss,d12m1,aggressive,20,P1,63,0,0.325,1.44,0.46
stock_minus_mixed,slot_loss,d12m1,aggressive,20,P2,82,0,-0.36,-2.11,0.305
stock_minus_mixed,slot,d12m1,aggressive,63,ALL,137,0,0.755,2.01,0.423
stock_minus_mixed,slot,d12m1,aggressive,63,P1,63,0,1.569,2.58,0.571
stock_minus_mixed,slot,d12m1,aggressive,63,P2,74,0,0.062,0.33,0.297
stock_minus_mixed,slot_legacy,d12m1,aggressive,63,ALL,137,0,0.72,1.98,0.431
stock_minus_mixed,slot_legacy,d12m1,aggressive,63,P1,63,0,1.503,2.49,0.571
stock_minus_mixed,slot_legacy,d12m1,aggressive,63,P2,74,0,0.053,0.35,0.311
stock_minus_mixed,slot_zero,d12m1,aggressive,63,ALL,137,0,0.754,2.07,0.438
stock_minus_mixed,slot_zero,d12m1,aggressive,63,P1,63,0,1.516,2.51,0.571
stock_minus_mixed,slot_zero,d12m1,aggressive,63,P2,74,0,0.106,0.58,0.324
stock_minus_mixed,slot_loss,d12m1,aggressive,63,ALL,137,0,0.111,0.24,0.358
stock_minus_mixed,slot_loss,d12m1,aggressive,63,P1,63,0,1.113,1.89,0.476
stock_minus_mixed,slot_loss,d12m1,aggressive,63,P2,74,0,-0.742,-1.5,0.257
variant_minus_baseline_mixed,slot,d12m1,aggressive,5,ALL,148,0,0.091,1.57,0.581
variant_minus_baseline_mixed,slot,d12m1,aggressive,5,P1,63,0,-0.031,-0.32,0.556
variant_minus_baseline_mixed,slot,d12m1,aggressive,5,P2,85,0,0.182,2.65,0.6
variant_minus_baseline_mixed,slot_legacy,d12m1,aggressive,5,ALL,148,0,0.087,1.51,0.574
variant_minus_baseline_mixed,slot_legacy,d12m1,aggressive,5,P1,63,0,-0.032,-0.32,0.556
variant_minus_baseline_mixed,slot_legacy,d12m1,aggressive,5,P2,85,0,0.175,2.62,0.588
variant_minus_baseline_mixed,slot_zero,d12m1,aggressive,5,ALL,148,0,0.088,1.53,0.574
variant_minus_baseline_mixed,slot_zero,d12m1,aggressive,5,P1,63,0,-0.033,-0.34,0.556
variant_minus_baseline_mixed,slot_zero,d12m1,aggressive,5,P2,85,0,0.178,2.61,0.588
variant_minus_baseline_mixed,slot_loss,d12m1,aggressive,5,ALL,148,0,0.078,1.16,0.581
variant_minus_baseline_mixed,slot_loss,d12m1,aggressive,5,P1,63,0,-0.004,-0.04,0.556
variant_minus_baseline_mixed,slot_loss,d12m1,aggressive,5,P2,85,0,0.138,1.61,0.6
variant_minus_baseline_mixed,slot,d12m1,aggressive,20,ALL,145,0,0.409,3.61,0.634
variant_minus_baseline_mixed,slot,d12m1,aggressive,20,P1,63,0,0.224,1.39,0.508
variant_minus_baseline_mixed,slot,d12m1,aggressive,20,P2,82,0,0.551,3.68,0.732
variant_minus_baseline_mixed,slot_legacy,d12m1,aggressive,20,ALL,145,0,0.394,3.61,0.621
variant_minus_baseline_mixed,slot_legacy,d12m1,aggressive,20,P1,63,0,0.198,1.29,0.492
variant_minus_baseline_mixed,slot_legacy,d12m1,aggressive,20,P2,82,0,0.545,3.77,0.72
variant_minus_baseline_mixed,slot_zero,d12m1,aggressive,20,ALL,145,0,0.397,3.59,0.621
variant_minus_baseline_mixed,slot_zero,d12m1,aggressive,20,P1,63,0,0.214,1.36,0.492
variant_minus_baseline_mixed,slot_zero,d12m1,aggressive,20,P2,82,0,0.537,3.68,0.72
variant_minus_baseline_mixed,slot_loss,d12m1,aggressive,20,ALL,145,0,0.13,0.94,0.586
variant_minus_baseline_mixed,slot_loss,d12m1,aggressive,20,P1,63,0,0.077,0.49,0.508
variant_minus_baseline_mixed,slot_loss,d12m1,aggressive,20,P2,82,0,0.171,0.81,0.646
variant_minus_baseline_mixed,slot,d12m1,aggressive,63,ALL,137,0,1.246,3.59,0.606
variant_minus_baseline_mixed,slot,d12m1,aggressive,63,P1,63,0,0.942,2.33,0.556
variant_minus_baseline_mixed,slot,d12m1,aggressive,63,P2,74,0,1.504,2.92,0.649
variant_minus_baseline_mixed,slot_legacy,d12m1,aggressive,63,ALL,137,0,1.221,3.6,0.613
variant_minus_baseline_mixed,slot_legacy,d12m1,aggressive,63,P1,63,0,0.934,2.28,0.54
variant_minus_baseline_mixed,slot_legacy,d12m1,aggressive,63,P2,74,0,1.466,2.95,0.676
variant_minus_baseline_mixed,slot_zero,d12m1,aggressive,63,ALL,137,0,1.165,3.6,0.613
variant_minus_baseline_mixed,slot_zero,d12m1,aggressive,63,P1,63,0,0.91,2.24,0.54
variant_minus_baseline_mixed,slot_zero,d12m1,aggressive,63,P2,74,0,1.381,2.96,0.676
variant_minus_baseline_mixed,slot_loss,d12m1,aggressive,63,ALL,137,0,0.458,1.67,0.54
variant_minus_baseline_mixed,slot_loss,d12m1,aggressive,63,P1,63,0,0.495,1.14,0.524
variant_minus_baseline_mixed,slot_loss,d12m1,aggressive,63,P2,74,0,0.426,1.21,0.554
variant_minus_baseline_stock,slot,d12m1,aggressive,5,ALL,148,0,0.031,0.75,0.561
variant_minus_baseline_stock,slot,d12m1,aggressive,5,P1,63,0,-0.098,-1.67,0.476
variant_minus_baseline_stock,slot,d12m1,aggressive,5,P2,85,0,0.127,2.25,0.624
variant_minus_baseline_stock,slot_legacy,d12m1,aggressive,5,ALL,148,0,0.028,0.67,0.561
variant_minus_baseline_stock,slot_legacy,d12m1,aggressive,5,P1,63,0,-0.099,-1.69,0.476
variant_minus_baseline_stock,slot_legacy,d12m1,aggressive,5,P2,85,0,0.123,2.19,0.624
variant_minus_baseline_stock,slot_zero,d12m1,aggressive,5,ALL,148,0,0.029,0.69,0.561
variant_minus_baseline_stock,slot_zero,d12m1,aggressive,5,P1,63,0,-0.099,-1.69,0.476
variant_minus_baseline_stock,slot_zero,d12m1,aggressive,5,P2,85,0,0.124,2.21,0.624
variant_minus_baseline_stock,slot_loss,d12m1,aggressive,5,ALL,148,0,-0.004,-0.08,0.547
variant_minus_baseline_stock,slot_loss,d12m1,aggressive,5,P1,63,0,-0.098,-1.25,0.492
variant_minus_baseline_stock,slot_loss,d12m1,aggressive,5,P2,85,0,0.065,0.94,0.588
variant_minus_baseline_stock,slot,d12m1,aggressive,20,ALL,145,0,0.15,1.68,0.621
variant_minus_baseline_stock,slot,d12m1,aggressive,20,P1,63,0,-0.089,-0.77,0.571
variant_minus_baseline_stock,slot,d12m1,aggressive,20,P2,82,0,0.333,2.92,0.659
variant_minus_baseline_stock,slot_legacy,d12m1,aggressive,20,ALL,145,0,0.136,1.54,0.614
variant_minus_baseline_stock,slot_legacy,d12m1,aggressive,20,P1,63,0,-0.102,-0.87,0.556
variant_minus_baseline_stock,slot_legacy,d12m1,aggressive,20,P2,82,0,0.319,2.86,0.659
variant_minus_baseline_stock,slot_zero,d12m1,aggressive,20,ALL,145,0,0.139,1.58,0.607
variant_minus_baseline_stock,slot_zero,d12m1,aggressive,20,P1,63,0,-0.094,-0.81,0.556
variant_minus_baseline_stock,slot_zero,d12m1,aggressive,20,P2,82,0,0.318,2.85,0.646
variant_minus_baseline_stock,slot_loss,d12m1,aggressive,20,ALL,145,0,0.023,0.2,0.579
variant_minus_baseline_stock,slot_loss,d12m1,aggressive,20,P1,63,0,-0.094,-0.61,0.587
variant_minus_baseline_stock,slot_loss,d12m1,aggressive,20,P2,82,0,0.113,0.7,0.573
variant_minus_baseline_stock,slot,d12m1,aggressive,63,ALL,137,0,0.215,1.25,0.533
variant_minus_baseline_stock,slot,d12m1,aggressive,63,P1,63,0,-0.032,-0.14,0.492
variant_minus_baseline_stock,slot,d12m1,aggressive,63,P2,74,0,0.425,1.95,0.568
variant_minus_baseline_stock,slot_legacy,d12m1,aggressive,63,ALL,137,0,0.182,1.1,0.526
variant_minus_baseline_stock,slot_legacy,d12m1,aggressive,63,P1,63,0,-0.066,-0.31,0.476
variant_minus_baseline_stock,slot_legacy,d12m1,aggressive,63,P2,74,0,0.393,1.92,0.568
variant_minus_baseline_stock,slot_zero,d12m1,aggressive,63,ALL,137,0,0.184,1.14,0.526
variant_minus_baseline_stock,slot_zero,d12m1,aggressive,63,P1,63,0,-0.055,-0.25,0.476
variant_minus_baseline_stock,slot_zero,d12m1,aggressive,63,P2,74,0,0.387,1.99,0.568
variant_minus_baseline_stock,slot_loss,d12m1,aggressive,63,ALL,137,0,-0.203,-0.82,0.467
variant_minus_baseline_stock,slot_loss,d12m1,aggressive,63,P1,63,0,-0.108,-0.44,0.492
variant_minus_baseline_stock,slot_loss,d12m1,aggressive,63,P2,74,0,-0.284,-0.71,0.446
