list_type,profile,variant,h63_ALL,h63_P1,h63_P2,h63_2023,h63_2024,h63_2025,h63_2026,h63_ALL_legacy,h63_ALL_zero,h63_ALL_loss,h20_ALL,h5_ALL,median_listed,observable_share_h63
mixed,conservative,v15,-3.18,-2.98,-3.351,-4.936,-2.519,-2.174,-5.804,-3.15,-3.121,-5.501,-1.382,-0.305,20.0,0.976
mixed,balanced,v15,-0.204,-0.553,0.095,1.488,-1.033,2.392,-4.692,-0.11,-0.289,-4.791,-0.214,-0.034,20.0,0.956
mixed,balanced,d12m1,1.074,0.506,1.556,1.261,0.329,3.339,-2.157,1.093,0.9,-4.186,0.115,0.046,20.0,0.95
mixed,aggressive,v15,-0.345,-0.491,-0.221,1.505,-0.961,1.863,-4.563,-0.261,-0.432,-4.684,-0.345,-0.069,20.0,0.959
mixed,aggressive,d12m1,0.901,0.451,1.284,1.931,0.103,3.12,-2.542,0.96,0.733,-4.227,0.064,0.022,20.0,0.952
stock,conservative,v15,-2.884,-2.537,-3.178,-4.056,-2.18,-1.999,-5.636,-2.87,-2.831,-5.327,-1.28,-0.264,20.0,0.975
stock,balanced,v15,1.384,1.92,0.928,3.714,1.498,3.489,-4.408,1.438,1.256,-4.158,0.113,0.047,20.0,0.947
stock,balanced,d12m1,1.874,2.203,1.594,3.797,1.828,3.606,-2.599,1.876,1.693,-3.863,0.207,0.073,20.0,0.946
stock,aggressive,v15,1.441,2.052,0.921,3.418,1.73,2.961,-3.33,1.498,1.303,-3.912,0.027,0.001,20.0,0.949
stock,aggressive,d12m1,1.656,2.02,1.345,3.985,1.558,3.201,-2.519,1.68,1.488,-4.115,0.177,0.032,20.0,0.946
