comparison,variant,profile,holding,period,days,mean_diff_pct,nw_t,share_days_positive
stock_minus_mixed,v15,conservative,5,ALL,176,0.025,1.35,0.295
stock_minus_mixed,v15,conservative,5,P1,91,0.026,1.01,0.275
stock_minus_mixed,v15,conservative,5,P2,85,0.024,0.9,0.318
stock_minus_mixed,v15,conservative,20,ALL,173,0.079,1.86,0.289
stock_minus_mixed,v15,conservative,20,P1,91,0.141,2.13,0.308
stock_minus_mixed,v15,conservative,20,P2,82,0.01,0.21,0.268
stock_minus_mixed,v15,conservative,63,ALL,165,0.328,2.6,0.333
stock_minus_mixed,v15,conservative,63,P1,91,0.473,2.4,0.385
stock_minus_mixed,v15,conservative,63,P2,74,0.149,1.36,0.27
stock_minus_mixed,v15,balanced,5,ALL,176,0.036,0.61,0.489
stock_minus_mixed,v15,balanced,5,P1,91,0.074,0.81,0.451
stock_minus_mixed,v15,balanced,5,P2,85,-0.005,-0.06,0.529
stock_minus_mixed,v15,balanced,20,ALL,173,0.303,2.04,0.526
stock_minus_mixed,v15,balanced,20,P1,91,0.52,2.34,0.527
stock_minus_mixed,v15,balanced,20,P2,82,0.062,0.35,0.524
stock_minus_mixed,v15,balanced,63,ALL,165,1.536,3.34,0.588
stock_minus_mixed,v15,balanced,63,P1,91,1.875,2.46,0.604
stock_minus_mixed,v15,balanced,63,P2,74,1.119,3.55,0.568
stock_minus_mixed,v15,aggressive,5,ALL,176,0.042,0.68,0.557
stock_minus_mixed,v15,aggressive,5,P1,91,0.097,1.03,0.549
stock_minus_mixed,v15,aggressive,5,P2,85,-0.016,-0.21,0.565
stock_minus_mixed,v15,aggressive,20,ALL,173,0.354,2.58,0.584
stock_minus_mixed,v15,aggressive,20,P1,91,0.53,2.77,0.626
stock_minus_mixed,v15,aggressive,20,P2,82,0.158,0.84,0.537
stock_minus_mixed,v15,aggressive,63,ALL,165,1.612,3.43,0.636
stock_minus_mixed,v15,aggressive,63,P1,91,1.934,2.58,0.648
stock_minus_mixed,v15,aggressive,63,P2,74,1.215,2.93,0.622
stock_minus_mixed,r0,balanced,5,ALL,176,0.036,0.79,0.494
stock_minus_mixed,r0,balanced,5,P1,91,0.104,2.04,0.527
stock_minus_mixed,r0,balanced,5,P2,85,-0.037,-0.49,0.459
stock_minus_mixed,r0,balanced,20,ALL,173,0.193,2.37,0.549
stock_minus_mixed,r0,balanced,20,P1,91,0.29,2.46,0.549
stock_minus_mixed,r0,balanced,20,P2,82,0.085,0.79,0.549
stock_minus_mixed,r0,balanced,63,ALL,165,0.611,2.14,0.552
stock_minus_mixed,r0,balanced,63,P1,91,1.028,2.34,0.626
stock_minus_mixed,r0,balanced,63,P2,74,0.098,0.54,0.459
variant_minus_baseline_mixed,r0,balanced,5,ALL,176,-0.009,-0.11,0.511
variant_minus_baseline_mixed,r0,balanced,5,P1,91,-0.032,-0.39,0.505
variant_minus_baseline_mixed,r0,balanced,5,P2,85,0.016,0.11,0.518
variant_minus_baseline_mixed,r0,balanced,20,ALL,173,-0.116,-0.72,0.503
variant_minus_baseline_mixed,r0,balanced,20,P1,91,0.128,0.63,0.516
variant_minus_baseline_mixed,r0,balanced,20,P2,82,-0.386,-1.6,0.488
variant_minus_baseline_mixed,r0,balanced,63,ALL,165,0.677,1.42,0.533
variant_minus_baseline_mixed,r0,balanced,63,P1,91,0.446,0.97,0.484
variant_minus_baseline_mixed,r0,balanced,63,P2,74,0.96,1.09,0.595
variant_minus_baseline_stock,r0,balanced,5,ALL,176,-0.009,-0.13,0.517
variant_minus_baseline_stock,r0,balanced,5,P1,91,-0.002,-0.02,0.495
variant_minus_baseline_stock,r0,balanced,5,P2,85,-0.016,-0.13,0.541
variant_minus_baseline_stock,r0,balanced,20,ALL,173,-0.226,-1.82,0.462
variant_minus_baseline_stock,r0,balanced,20,P1,91,-0.102,-0.79,0.462
variant_minus_baseline_stock,r0,balanced,20,P2,82,-0.363,-1.69,0.463
variant_minus_baseline_stock,r0,balanced,63,ALL,165,-0.248,-0.62,0.448
variant_minus_baseline_stock,r0,balanced,63,P1,91,-0.4,-1.38,0.451
variant_minus_baseline_stock,r0,balanced,63,P2,74,-0.06,-0.07,0.446
stock_minus_mixed,r0,aggressive,5,ALL,176,0.087,1.29,0.54
stock_minus_mixed,r0,aggressive,5,P1,91,0.13,1.42,0.604
stock_minus_mixed,r0,aggressive,5,P2,85,0.042,0.42,0.471
stock_minus_mixed,r0,aggressive,20,ALL,173,0.4,2.86,0.584
stock_minus_mixed,r0,aggressive,20,P1,91,0.498,2.69,0.626
stock_minus_mixed,r0,aggressive,20,P2,82,0.292,1.39,0.537
stock_minus_mixed,r0,aggressive,63,ALL,165,0.865,2.04,0.576
stock_minus_mixed,r0,aggressive,63,P1,91,1.315,2.28,0.659
stock_minus_mixed,r0,aggressive,63,P2,74,0.312,0.58,0.473
variant_minus_baseline_mixed,r0,aggressive,5,ALL,176,-0.045,-0.61,0.511
variant_minus_baseline_mixed,r0,aggressive,5,P1,91,-0.068,-0.85,0.495
variant_minus_baseline_mixed,r0,aggressive,5,P2,85,-0.021,-0.16,0.529
variant_minus_baseline_mixed,r0,aggressive,20,ALL,173,-0.162,-1.0,0.486
variant_minus_baseline_mixed,r0,aggressive,20,P1,91,0.029,0.15,0.495
variant_minus_baseline_mixed,r0,aggressive,20,P2,82,-0.373,-1.47,0.476
variant_minus_baseline_mixed,r0,aggressive,63,ALL,165,0.997,1.89,0.582
variant_minus_baseline_mixed,r0,aggressive,63,P1,91,0.766,1.29,0.56
variant_minus_baseline_mixed,r0,aggressive,63,P2,74,1.28,1.42,0.608
variant_minus_baseline_stock,r0,aggressive,5,ALL,176,0.0,0.0,0.494
variant_minus_baseline_stock,r0,aggressive,5,P1,91,-0.035,-0.74,0.44
variant_minus_baseline_stock,r0,aggressive,5,P2,85,0.037,0.4,0.553
variant_minus_baseline_stock,r0,aggressive,20,ALL,173,-0.115,-1.07,0.457
variant_minus_baseline_stock,r0,aggressive,20,P1,91,-0.003,-0.04,0.484
variant_minus_baseline_stock,r0,aggressive,20,P2,82,-0.239,-1.17,0.427
variant_minus_baseline_stock,r0,aggressive,63,ALL,165,0.25,1.05,0.467
variant_minus_baseline_stock,r0,aggressive,63,P1,91,0.147,0.51,0.44
variant_minus_baseline_stock,r0,aggressive,63,P2,74,0.376,0.94,0.5
stock_minus_mixed,tilt_a,balanced,5,ALL,176,0.056,0.91,0.511
stock_minus_mixed,tilt_a,balanced,5,P1,91,0.082,0.83,0.527
stock_minus_mixed,tilt_a,balanced,5,P2,85,0.027,0.39,0.494
stock_minus_mixed,tilt_a,balanced,20,ALL,173,0.343,2.26,0.509
stock_minus_mixed,tilt_a,balanced,20,P1,91,0.537,2.33,0.473
stock_minus_mixed,tilt_a,balanced,20,P2,82,0.128,0.71,0.549
stock_minus_mixed,tilt_a,balanced,63,ALL,165,1.649,3.15,0.576
stock_minus_mixed,tilt_a,balanced,63,P1,91,2.121,2.51,0.604
stock_minus_mixed,tilt_a,balanced,63,P2,74,1.068,2.77,0.541
variant_minus_baseline_mixed,tilt_a,balanced,5,ALL,176,-0.027,-0.73,0.506
variant_minus_baseline_mixed,tilt_a,balanced,5,P1,91,-0.018,-0.46,0.505
variant_minus_baseline_mixed,tilt_a,balanced,5,P2,85,-0.036,-0.56,0.506
variant_minus_baseline_mixed,tilt_a,balanced,20,ALL,173,-0.086,-1.0,0.468
variant_minus_baseline_mixed,tilt_a,balanced,20,P1,91,-0.043,-0.48,0.473
variant_minus_baseline_mixed,tilt_a,balanced,20,P2,82,-0.134,-0.9,0.463
variant_minus_baseline_mixed,tilt_a,balanced,63,ALL,165,0.127,0.53,0.473
variant_minus_baseline_mixed,tilt_a,balanced,63,P1,91,-0.018,-0.08,0.473
variant_minus_baseline_mixed,tilt_a,balanced,63,P2,74,0.307,0.69,0.473
variant_minus_baseline_stock,tilt_a,balanced,5,ALL,176,-0.007,-0.17,0.489
variant_minus_baseline_stock,tilt_a,balanced,5,P1,91,-0.01,-0.19,0.527
variant_minus_baseline_stock,tilt_a,balanced,5,P2,85,-0.004,-0.07,0.447
variant_minus_baseline_stock,tilt_a,balanced,20,ALL,173,-0.045,-0.47,0.48
variant_minus_baseline_stock,tilt_a,balanced,20,P1,91,-0.026,-0.2,0.473
variant_minus_baseline_stock,tilt_a,balanced,20,P2,82,-0.067,-0.46,0.488
variant_minus_baseline_stock,tilt_a,balanced,63,ALL,165,0.241,1.08,0.576
variant_minus_baseline_stock,tilt_a,balanced,63,P1,91,0.228,1.07,0.626
variant_minus_baseline_stock,tilt_a,balanced,63,P2,74,0.256,0.59,0.514
stock_minus_mixed,tilt_a,aggressive,5,ALL,176,0.067,1.06,0.545
stock_minus_mixed,tilt_a,aggressive,5,P1,91,0.106,1.08,0.571
stock_minus_mixed,tilt_a,aggressive,5,P2,85,0.026,0.33,0.518
stock_minus_mixed,tilt_a,aggressive,20,ALL,173,0.34,2.4,0.543
stock_minus_mixed,tilt_a,aggressive,20,P1,91,0.517,2.52,0.527
stock_minus_mixed,tilt_a,aggressive,20,P2,82,0.143,0.78,0.561
stock_minus_mixed,tilt_a,aggressive,63,ALL,165,1.538,3.09,0.655
stock_minus_mixed,tilt_a,aggressive,63,P1,91,1.961,2.44,0.659
stock_minus_mixed,tilt_a,aggressive,63,P2,74,1.018,2.73,0.649
variant_minus_baseline_mixed,tilt_a,aggressive,5,ALL,176,-0.038,-0.79,0.534
variant_minus_baseline_mixed,tilt_a,aggressive,5,P1,91,-0.059,-1.19,0.495
variant_minus_baseline_mixed,tilt_a,aggressive,5,P2,85,-0.016,-0.19,0.576
variant_minus_baseline_mixed,tilt_a,aggressive,20,ALL,173,0.031,0.3,0.491
variant_minus_baseline_mixed,tilt_a,aggressive,20,P1,91,-0.068,-0.85,0.473
variant_minus_baseline_mixed,tilt_a,aggressive,20,P2,82,0.14,0.72,0.512
variant_minus_baseline_mixed,tilt_a,aggressive,63,ALL,165,0.515,2.09,0.582
variant_minus_baseline_mixed,tilt_a,aggressive,63,P1,91,0.158,0.79,0.549
variant_minus_baseline_mixed,tilt_a,aggressive,63,P2,74,0.954,2.31,0.622
variant_minus_baseline_stock,tilt_a,aggressive,5,ALL,176,-0.013,-0.22,0.506
variant_minus_baseline_stock,tilt_a,aggressive,5,P1,91,-0.05,-0.74,0.516
variant_minus_baseline_stock,tilt_a,aggressive,5,P2,85,0.027,0.29,0.494
variant_minus_baseline_stock,tilt_a,aggressive,20,ALL,173,0.017,0.15,0.462
variant_minus_baseline_stock,tilt_a,aggressive,20,P1,91,-0.081,-0.69,0.451
variant_minus_baseline_stock,tilt_a,aggressive,20,P2,82,0.126,0.62,0.476
variant_minus_baseline_stock,tilt_a,aggressive,63,ALL,165,0.441,1.76,0.539
variant_minus_baseline_stock,tilt_a,aggressive,63,P1,91,0.185,0.93,0.538
variant_minus_baseline_stock,tilt_a,aggressive,63,P2,74,0.756,1.63,0.541
stock_minus_mixed,tilt_a_r0,balanced,5,ALL,176,-0.029,-0.51,0.477
stock_minus_mixed,tilt_a_r0,balanced,5,P1,91,0.028,0.44,0.505
stock_minus_mixed,tilt_a_r0,balanced,5,P2,85,-0.09,-0.92,0.447
stock_minus_mixed,tilt_a_r0,balanced,20,ALL,173,0.196,1.88,0.549
stock_minus_mixed,tilt_a_r0,balanced,20,P1,91,0.297,1.99,0.593
stock_minus_mixed,tilt_a_r0,balanced,20,P2,82,0.085,0.6,0.5
stock_minus_mixed,tilt_a_r0,balanced,63,ALL,165,0.744,2.05,0.564
stock_minus_mixed,tilt_a_r0,balanced,63,P1,91,1.088,1.91,0.582
stock_minus_mixed,tilt_a_r0,balanced,63,P2,74,0.322,0.98,0.541
variant_minus_baseline_mixed,tilt_a_r0,balanced,5,ALL,176,0.041,0.47,0.54
variant_minus_baseline_mixed,tilt_a_r0,balanced,5,P1,91,-0.004,-0.05,0.516
variant_minus_baseline_mixed,tilt_a_r0,balanced,5,P2,85,0.089,0.61,0.565
variant_minus_baseline_mixed,tilt_a_r0,balanced,20,ALL,173,-0.155,-0.87,0.468
variant_minus_baseline_mixed,tilt_a_r0,balanced,20,P1,91,0.071,0.32,0.473
variant_minus_baseline_mixed,tilt_a_r0,balanced,20,P2,82,-0.406,-1.52,0.463
variant_minus_baseline_mixed,tilt_a_r0,balanced,63,ALL,165,0.799,1.58,0.533
variant_minus_baseline_mixed,tilt_a_r0,balanced,63,P1,91,0.592,1.06,0.538
variant_minus_baseline_mixed,tilt_a_r0,balanced,63,P2,74,1.054,1.19,0.527
variant_minus_baseline_stock,tilt_a_r0,balanced,5,ALL,176,-0.025,-0.41,0.5
variant_minus_baseline_stock,tilt_a_r0,balanced,5,P1,91,-0.05,-0.68,0.484
variant_minus_baseline_stock,tilt_a_r0,balanced,5,P2,85,0.003,0.03,0.518
variant_minus_baseline_stock,tilt_a_r0,balanced,20,ALL,173,-0.261,-2.18,0.422
variant_minus_baseline_stock,tilt_a_r0,balanced,20,P1,91,-0.152,-1.27,0.429
variant_minus_baseline_stock,tilt_a_r0,balanced,20,P2,82,-0.383,-1.8,0.415
variant_minus_baseline_stock,tilt_a_r0,balanced,63,ALL,165,0.008,0.02,0.515
variant_minus_baseline_stock,tilt_a_r0,balanced,63,P1,91,-0.195,-0.71,0.484
variant_minus_baseline_stock,tilt_a_r0,balanced,63,P2,74,0.256,0.34,0.554
stock_minus_mixed,tilt_a_r0,aggressive,5,ALL,176,0.057,0.85,0.557
stock_minus_mixed,tilt_a_r0,aggressive,5,P1,91,0.096,1.18,0.615
stock_minus_mixed,tilt_a_r0,aggressive,5,P2,85,0.016,0.15,0.494
stock_minus_mixed,tilt_a_r0,aggressive,20,ALL,173,0.363,2.29,0.561
stock_minus_mixed,tilt_a_r0,aggressive,20,P1,91,0.537,2.7,0.626
stock_minus_mixed,tilt_a_r0,aggressive,20,P2,82,0.17,0.69,0.488
stock_minus_mixed,tilt_a_r0,aggressive,63,ALL,165,1.104,2.16,0.624
stock_minus_mixed,tilt_a_r0,aggressive,63,P1,91,1.532,2.52,0.67
stock_minus_mixed,tilt_a_r0,aggressive,63,P2,74,0.578,0.71,0.568
variant_minus_baseline_mixed,tilt_a_r0,aggressive,5,ALL,176,0.007,0.09,0.506
variant_minus_baseline_mixed,tilt_a_r0,aggressive,5,P1,91,-0.079,-0.9,0.495
variant_minus_baseline_mixed,tilt_a_r0,aggressive,5,P2,85,0.099,0.74,0.518
variant_minus_baseline_mixed,tilt_a_r0,aggressive,20,ALL,173,-0.014,-0.08,0.486
variant_minus_baseline_mixed,tilt_a_r0,aggressive,20,P1,91,-0.013,-0.06,0.473
variant_minus_baseline_mixed,tilt_a_r0,aggressive,20,P2,82,-0.016,-0.05,0.5
variant_minus_baseline_mixed,tilt_a_r0,aggressive,63,ALL,165,1.304,2.11,0.57
variant_minus_baseline_mixed,tilt_a_r0,aggressive,63,P1,91,0.73,1.03,0.56
variant_minus_baseline_mixed,tilt_a_r0,aggressive,63,P2,74,2.01,2.04,0.581
variant_minus_baseline_stock,tilt_a_r0,aggressive,5,ALL,176,0.022,0.35,0.545
variant_minus_baseline_stock,tilt_a_r0,aggressive,5,P1,91,-0.08,-1.05,0.495
variant_minus_baseline_stock,tilt_a_r0,aggressive,5,P2,85,0.131,1.26,0.6
variant_minus_baseline_stock,tilt_a_r0,aggressive,20,ALL,173,-0.005,-0.04,0.509
variant_minus_baseline_stock,tilt_a_r0,aggressive,20,P1,91,-0.007,-0.05,0.549
variant_minus_baseline_stock,tilt_a_r0,aggressive,20,P2,82,-0.003,-0.01,0.463
variant_minus_baseline_stock,tilt_a_r0,aggressive,63,ALL,165,0.797,2.02,0.558
variant_minus_baseline_stock,tilt_a_r0,aggressive,63,P1,91,0.328,0.87,0.527
variant_minus_baseline_stock,tilt_a_r0,aggressive,63,P2,74,1.373,2.04,0.595
stock_minus_mixed,tilt_b,balanced,5,ALL,176,0.071,1.17,0.511
stock_minus_mixed,tilt_b,balanced,5,P1,91,0.096,1.0,0.527
stock_minus_mixed,tilt_b,balanced,5,P2,85,0.045,0.62,0.494
stock_minus_mixed,tilt_b,balanced,20,ALL,173,0.274,1.97,0.491
stock_minus_mixed,tilt_b,balanced,20,P1,91,0.528,2.49,0.516
stock_minus_mixed,tilt_b,balanced,20,P2,82,-0.008,-0.05,0.463
stock_minus_mixed,tilt_b,balanced,63,ALL,165,1.405,2.85,0.552
stock_minus_mixed,tilt_b,balanced,63,P1,91,1.886,2.35,0.549
stock_minus_mixed,tilt_b,balanced,63,P2,74,0.814,2.57,0.554
variant_minus_baseline_mixed,tilt_b,balanced,5,ALL,176,-0.028,-0.6,0.511
variant_minus_baseline_mixed,tilt_b,balanced,5,P1,91,-0.022,-0.45,0.505
variant_minus_baseline_mixed,tilt_b,balanced,5,P2,85,-0.034,-0.43,0.518
variant_minus_baseline_mixed,tilt_b,balanced,20,ALL,173,-0.016,-0.15,0.48
variant_minus_baseline_mixed,tilt_b,balanced,20,P1,91,-0.04,-0.36,0.516
variant_minus_baseline_mixed,tilt_b,balanced,20,P2,82,0.01,0.05,0.439
variant_minus_baseline_mixed,tilt_b,balanced,63,ALL,165,0.538,1.75,0.545
variant_minus_baseline_mixed,tilt_b,balanced,63,P1,91,0.242,0.99,0.505
variant_minus_baseline_mixed,tilt_b,balanced,63,P2,74,0.901,1.58,0.595
variant_minus_baseline_stock,tilt_b,balanced,5,ALL,176,0.008,0.15,0.523
variant_minus_baseline_stock,tilt_b,balanced,5,P1,91,0.0,0.0,0.516
variant_minus_baseline_stock,tilt_b,balanced,5,P2,85,0.016,0.18,0.529
variant_minus_baseline_stock,tilt_b,balanced,20,ALL,173,-0.045,-0.41,0.497
variant_minus_baseline_stock,tilt_b,balanced,20,P1,91,-0.033,-0.24,0.505
variant_minus_baseline_stock,tilt_b,balanced,20,P2,82,-0.059,-0.34,0.488
variant_minus_baseline_stock,tilt_b,balanced,63,ALL,165,0.407,1.42,0.533
variant_minus_baseline_stock,tilt_b,balanced,63,P1,91,0.254,1.07,0.549
variant_minus_baseline_stock,tilt_b,balanced,63,P2,74,0.596,1.07,0.514
stock_minus_mixed,tilt_b,aggressive,5,ALL,176,0.055,0.91,0.517
stock_minus_mixed,tilt_b,aggressive,5,P1,91,0.1,1.02,0.527
stock_minus_mixed,tilt_b,aggressive,5,P2,85,0.008,0.11,0.506
stock_minus_mixed,tilt_b,aggressive,20,ALL,173,0.308,2.19,0.514
stock_minus_mixed,tilt_b,aggressive,20,P1,91,0.519,2.52,0.505
stock_minus_mixed,tilt_b,aggressive,20,P2,82,0.073,0.42,0.524
stock_minus_mixed,tilt_b,aggressive,63,ALL,165,1.561,3.16,0.655
stock_minus_mixed,tilt_b,aggressive,63,P1,91,1.915,2.39,0.648
stock_minus_mixed,tilt_b,aggressive,63,P2,74,1.126,2.82,0.662
variant_minus_baseline_mixed,tilt_b,aggressive,5,ALL,176,-0.047,-0.84,0.517
variant_minus_baseline_mixed,tilt_b,aggressive,5,P1,91,-0.048,-0.9,0.495
variant_minus_baseline_mixed,tilt_b,aggressive,5,P2,85,-0.045,-0.45,0.541
variant_minus_baseline_mixed,tilt_b,aggressive,20,ALL,173,0.025,0.2,0.514
variant_minus_baseline_mixed,tilt_b,aggressive,20,P1,91,-0.098,-0.96,0.484
variant_minus_baseline_mixed,tilt_b,aggressive,20,P2,82,0.162,0.67,0.549
variant_minus_baseline_mixed,tilt_b,aggressive,63,ALL,165,0.782,2.17,0.63
variant_minus_baseline_mixed,tilt_b,aggressive,63,P1,91,0.193,0.7,0.549
variant_minus_baseline_mixed,tilt_b,aggressive,63,P2,74,1.507,2.54,0.73
variant_minus_baseline_stock,tilt_b,aggressive,5,ALL,176,-0.033,-0.54,0.523
variant_minus_baseline_stock,tilt_b,aggressive,5,P1,91,-0.045,-0.61,0.505
variant_minus_baseline_stock,tilt_b,aggressive,5,P2,85,-0.021,-0.21,0.541
variant_minus_baseline_stock,tilt_b,aggressive,20,ALL,173,-0.021,-0.15,0.486
variant_minus_baseline_stock,tilt_b,aggressive,20,P1,91,-0.109,-0.68,0.484
variant_minus_baseline_stock,tilt_b,aggressive,20,P2,82,0.077,0.33,0.488
variant_minus_baseline_stock,tilt_b,aggressive,63,ALL,165,0.731,1.87,0.582
variant_minus_baseline_stock,tilt_b,aggressive,63,P1,91,0.173,0.57,0.549
variant_minus_baseline_stock,tilt_b,aggressive,63,P2,74,1.417,2.1,0.622
