list_type,profile,variant,h63_ALL,h63_P1,h63_P2,h63_2023,h63_2024,h63_2025,h63_2026,h20_ALL,h5_ALL,median_listed
mixed,conservative,v15,-3.228,-3.156,-3.316,-4.012,-2.484,-2.177,-5.688,-1.278,-0.313,20.0
mixed,balanced,v15,-1.103,-1.446,-0.679,-1.638,-1.296,1.965,-6.188,-0.345,-0.08,20.0
mixed,balanced,r0,-0.426,-0.999,0.281,-1.355,-0.721,3.68,-6.801,-0.46,-0.089,20.0
mixed,balanced,tilt_a,-0.975,-1.464,-0.373,-1.912,-1.113,2.002,-5.319,-0.431,-0.107,20.0
mixed,balanced,tilt_a_r0,-0.303,-0.854,0.374,-1.325,-0.485,3.565,-6.274,-0.5,-0.04,20.0
mixed,balanced,tilt_b,-0.565,-1.204,0.222,-1.648,-0.857,2.554,-4.636,-0.361,-0.108,20.0
mixed,aggressive,v15,-1.537,-1.48,-1.607,-2.139,-0.964,0.809,-6.64,-0.514,-0.052,20.0
mixed,aggressive,r0,-0.54,-0.714,-0.327,-1.618,-0.005,2.728,-6.691,-0.676,-0.097,20.0
mixed,aggressive,tilt_a,-1.022,-1.322,-0.653,-1.93,-0.846,1.711,-5.578,-0.483,-0.089,20.0
mixed,aggressive,tilt_a_r0,-0.233,-0.75,0.403,-1.573,-0.105,3.317,-5.667,-0.529,-0.045,20.0
mixed,aggressive,tilt_b,-0.755,-1.288,-0.1,-1.926,-0.787,2.085,-4.653,-0.489,-0.098,20.0
stock,conservative,v15,-2.9,-2.683,-3.166,-3.358,-2.153,-2.038,-5.518,-1.199,-0.287,20.0
stock,balanced,v15,0.434,0.428,0.44,-0.467,1.131,3.359,-5.641,-0.042,-0.044,20.0
stock,balanced,r0,0.186,0.029,0.379,-0.959,0.803,3.916,-6.99,-0.268,-0.053,20.0
stock,balanced,tilt_a,0.674,0.657,0.695,-0.43,1.51,3.402,-4.943,-0.088,-0.052,20.0
stock,balanced,tilt_a_r0,0.441,0.234,0.696,-0.827,1.066,4.045,-6.281,-0.303,-0.069,20.0
stock,balanced,tilt_b,0.841,0.682,1.035,-0.524,1.628,3.621,-4.351,-0.088,-0.037,20.0
stock,aggressive,v15,0.075,0.454,-0.392,-0.654,1.323,2.284,-5.965,-0.161,-0.01,20.0
stock,aggressive,r0,0.325,0.601,-0.015,-0.614,1.554,2.722,-5.717,-0.276,-0.01,20.0
stock,aggressive,tilt_a,0.516,0.639,0.365,-0.805,1.772,2.767,-4.64,-0.144,-0.022,20.0
stock,aggressive,tilt_a_r0,0.871,0.782,0.981,-0.603,1.869,3.487,-4.239,-0.166,0.013,20.0
stock,aggressive,tilt_b,0.806,0.627,1.026,-0.96,1.872,3.185,-3.473,-0.182,-0.043,20.0
