ticker,trading_date,origin,prod_triggered_at,replay_triggered_at,minutes_apart,price_diff_pct,prod_last_state,replay_last_state
ARM,2026-09-21,OPENING_RANGE_BREAKOUT,2026-09-21T16:08:12.969176+00:00,2026-09-21T15:53:23.890331+00:00,-14.8,-0.143,EXPIRED,EXPIRED
VNET,2026-09-21,OPENING_RANGE_BREAKOUT,2026-09-21T16:14:49.049993+00:00,2026-09-21T16:00:53.674013+00:00,-13.9,0.07,EXPIRED,EXPIRED
VNET,2026-09-21,DAILY_BASE_BREAKOUT,2026-09-21T16:14:49.049993+00:00,2026-09-21T16:00:53.674013+00:00,-13.9,0.07,EXPIRED,EXPIRED
ARM,2026-09-21,DAILY_BASE_BREAKOUT,2026-09-21T16:08:12.969176+00:00,2026-09-21T14:16:29.172269+00:00,-111.7,-1.964,EXPIRED,EXPIRED
GRAL,2026-09-21,OPENING_RANGE_BREAKOUT,2026-09-21T15:39:48.641390+00:00,2026-09-21T15:32:45.694645+00:00,-7.0,-0.051,EXPIRED,EXPIRED
WBD,2026-09-21,OPENING_RANGE_BREAKOUT,2026-09-21T14:45:07.958218+00:00,2026-09-21T14:38:41.204881+00:00,-6.4,0.016,EXPIRED,EXPIRED
FIGR,2026-09-21,PREMARKET_GAP,2026-09-21T14:25:15.087081+00:00,,,,FAILED,FAILED
MSTR,2026-09-21,PREMARKET_GAP,2026-09-21T14:16:29.172269+00:00,2026-09-21T14:16:29.172269+00:00,0.0,-0.44,EXPIRED,EXPIRED
SECZ,2026-09-21,PREMARKET_GAP,2026-09-21T14:16:29.172269+00:00,2026-09-21T14:16:29.172269+00:00,0.0,1.132,EXPIRED,EXPIRED
FWDI,2026-09-21,PREMARKET_GAP,2026-09-21T14:16:29.172269+00:00,2026-09-21T14:16:29.172269+00:00,0.0,0.403,EXPIRED,EXPIRED
SBET,2026-09-21,PREMARKET_GAP,2026-09-21T14:16:29.172269+00:00,2026-09-21T14:16:29.172269+00:00,0.0,0.154,EXPIRED,EXPIRED
BNC,2026-09-21,PREMARKET_GAP,2026-09-21T14:16:29.172269+00:00,2026-09-21T14:16:29.172269+00:00,0.0,1.157,EXPIRED,EXPIRED
NUAI,2026-09-21,DAILY_BASE_BREAKOUT,2026-09-21T14:16:29.172269+00:00,2026-09-21T14:16:29.172269+00:00,0.0,0.261,EXPIRED,EXPIRED
WBD,2026-09-21,DAILY_BASE_BREAKOUT,2026-09-21T14:16:29.172269+00:00,2026-09-21T13:38:04.367449+00:00,-38.4,-2.15,EXPIRED,EXPIRED
BTDR,2026-09-21,PREMARKET_GAP,2026-09-21T14:16:29.172269+00:00,2026-09-21T14:16:29.172269+00:00,0.0,0.152,EXPIRED,EXPIRED
ARM,2026-09-21,PREMARKET_GAP,2026-09-21T14:16:29.172269+00:00,2026-09-21T14:16:29.172269+00:00,0.0,1.278,EXPIRED,EXPIRED
CRCL,2026-09-21,PREMARKET_GAP,2026-09-21T14:16:29.172269+00:00,2026-09-21T14:16:29.172269+00:00,0.0,0.43,EXPIRED,EXPIRED
USDE,2026-09-21,PREMARKET_GAP,2026-09-21T14:16:29.172269+00:00,2026-09-21T14:16:29.172269+00:00,0.0,-0.478,EXPIRED,EXPIRED
AXTI,2026-09-21,PREMARKET_GAP,2026-09-21T14:16:29.172269+00:00,2026-09-21T13:52:51.768911+00:00,-23.6,-0.958,EXPIRED,EXPIRED
ACN,2026-09-21,PREMARKET_GAP,2026-09-21T14:16:29.172269+00:00,2026-09-21T14:16:29.172269+00:00,0.0,-0.059,EXPIRED,EXPIRED
PSKY,2026-09-21,PREMARKET_GAP,2026-09-21T14:16:29.172269+00:00,2026-09-21T14:16:29.172269+00:00,0.0,-2.808,FAILED,FAILED
XXI,2026-09-21,PREMARKET_GAP,2026-09-21T14:16:29.172269+00:00,2026-09-21T14:16:29.172269+00:00,0.0,0.0,EXPIRED,EXPIRED
HIVE,2026-09-21,PREMARKET_GAP,2026-09-21T14:16:29.172269+00:00,2026-09-21T14:16:29.172269+00:00,0.0,0.432,EXPIRED,EXPIRED
ABTC,2026-09-21,PREMARKET_GAP,2026-09-21T14:16:29.172269+00:00,2026-09-21T14:16:29.172269+00:00,0.0,0.094,EXPIRED,EXPIRED
VNET,2026-09-21,PREMARKET_GAP,2026-09-21T14:16:29.172269+00:00,2026-09-21T14:16:29.172269+00:00,0.0,0.429,EXPIRED,EXPIRED
CRML,2026-09-21,DAILY_BASE_BREAKOUT,2026-09-21T13:52:51.768911+00:00,2026-09-21T13:38:04.367449+00:00,-14.8,-4.475,EXPIRED,EXPIRED
BMNR,2026-09-21,PREMARKET_GAP,2026-09-21T13:45:59.307525+00:00,2026-09-21T13:38:04.367449+00:00,-7.9,-1.289,EXPIRED,EXPIRED
INTC,2026-09-21,PREMARKET_GAP,2026-09-21T13:45:59.307525+00:00,2026-09-21T13:38:04.367449+00:00,-7.9,-2.202,EXPIRED,EXPIRED
NUAI,2026-09-21,PREMARKET_GAP,2026-09-21T13:45:59.307525+00:00,2026-09-21T13:38:04.367449+00:00,-7.9,-2.521,EXPIRED,EXPIRED
WBD,2026-09-21,PREMARKET_GAP,2026-09-21T13:45:59.307525+00:00,2026-09-21T13:38:04.367449+00:00,-7.9,0.202,EXPIRED,EXPIRED
BKKT,2026-09-21,PREMARKET_GAP,2026-09-21T13:45:59.307525+00:00,2026-09-21T13:38:04.367449+00:00,-7.9,-0.16,EXPIRED,EXPIRED
CRML,2026-09-21,PREMARKET_GAP,2026-09-21T13:45:59.307525+00:00,2026-09-21T13:38:04.367449+00:00,-7.9,-1.861,EXPIRED,EXPIRED
CYPH,2026-09-21,PREMARKET_GAP,2026-09-21T14:16:29.172269+00:00,,,,FAILED,FAILED
CYPH,2026-09-23,PREMARKET_GAP,2026-09-23T14:14:54.023129+00:00,,,,EXPIRED,FAILED
USDE,2026-09-23,PREMARKET_GAP,2026-09-23T14:14:54.023129+00:00,,,,EXPIRED,FAILED
NICE,2026-09-23,PREMARKET_GAP,2026-09-23T14:14:54.023129+00:00,2026-09-23T14:03:02.339043+00:00,-11.9,0.423,EXPIRED,FAILED
INFQ,2026-09-23,PREMARKET_GAP,2026-09-23T14:14:54.023129+00:00,,,,EXPIRED,FAILED
WOR,2026-09-23,PREMARKET_GAP,2026-09-23T13:44:33.909966+00:00,2026-09-23T13:37:11.007442+00:00,-7.4,-2.486,EXPIRED,FAILED
QUBT,2026-09-23,PREMARKET_GAP,2026-09-23T13:44:33.909966+00:00,2026-09-23T14:03:02.339043+00:00,18.5,-2.513,EXPIRED,EXPIRED
RGTI,2026-09-23,PREMARKET_GAP,2026-09-23T13:44:33.909966+00:00,,,,EXPIRED,FAILED
QNT,2026-09-23,PREMARKET_GAP,2026-09-23T13:44:33.909966+00:00,2026-09-23T13:37:11.007442+00:00,-7.4,-0.642,EXPIRED,FAILED
VICR,2026-09-22,OPENING_RANGE_BREAKOUT,2026-09-22T18:50:15.001976+00:00,2026-09-22T18:50:15.001976+00:00,0.0,-0.177,EXPIRED,EXPIRED
INOD,2026-09-22,OPENING_RANGE_BREAKOUT,2026-09-22T18:50:15.001976+00:00,2026-09-22T18:50:15.001976+00:00,0.0,2.332,EXPIRED,EXPIRED
VKTX,2026-09-22,OPENING_RANGE_BREAKOUT,2026-09-22T19:18:29.700407+00:00,2026-09-22T19:11:25.202999+00:00,-7.1,-0.401,EXPIRED,EXPIRED
BHE,2026-09-22,OPENING_RANGE_BREAKOUT,2026-09-22T19:47:32.456855+00:00,2026-09-22T19:32:36.279027+00:00,-14.9,-0.207,EXPIRED,EXPIRED
MRNA,2026-09-22,OPENING_RANGE_BREAKOUT,2026-09-22T19:40:18.669592+00:00,2026-09-22T19:25:13.411166+00:00,-15.1,-0.035,EXPIRED,EXPIRED
ABSI,2026-09-22,OPENING_RANGE_BREAKOUT,2026-09-22T19:25:13.411166+00:00,2026-09-22T19:11:25.202999+00:00,-13.8,0.044,EXPIRED,FAILED
HIMS,2026-09-22,OPENING_RANGE_BREAKOUT,2026-09-22T19:25:13.411166+00:00,2026-09-22T19:11:25.202999+00:00,-13.8,0.112,EXPIRED,FAILED
HIMS,2026-09-22,DAILY_BASE_BREAKOUT,2026-09-22T19:25:13.411166+00:00,2026-09-22T19:11:25.202999+00:00,-13.8,0.112,EXPIRED,EXPIRED
BLZE,2026-09-22,OPENING_RANGE_BREAKOUT,2026-09-22T19:11:25.202999+00:00,2026-09-22T18:58:41.594656+00:00,-12.7,0.421,EXPIRED,EXPIRED
OMER,2026-09-22,DAILY_BASE_BREAKOUT,2026-09-22T18:50:15.001976+00:00,2026-09-22T18:50:15.001976+00:00,0.0,0.119,EXPIRED,EXPIRED
VICR,2026-09-22,DAILY_BASE_BREAKOUT,2026-09-22T18:50:15.001976+00:00,2026-09-22T18:50:15.001976+00:00,0.0,-0.177,EXPIRED,EXPIRED
OMER,2026-09-22,OPENING_RANGE_BREAKOUT,2026-09-22T18:50:15.001976+00:00,2026-09-22T18:50:15.001976+00:00,0.0,0.119,EXPIRED,EXPIRED
INOD,2026-09-22,DAILY_BASE_BREAKOUT,2026-09-22T18:50:15.001976+00:00,2026-09-22T18:50:15.001976+00:00,0.0,2.332,EXPIRED,EXPIRED
SGRY,2026-09-22,OPENING_RANGE_BREAKOUT,2026-09-22T17:16:35.699834+00:00,2026-09-22T17:10:08.834136+00:00,-6.4,-1.495,EXPIRED,EXPIRED
SRAD,2026-09-22,OPENING_RANGE_BREAKOUT,2026-09-22T17:10:08.834136+00:00,2026-09-22T16:57:12.676853+00:00,-12.9,-0.366,EXPIRED,EXPIRED
SRAD,2026-09-22,DAILY_BASE_BREAKOUT,2026-09-22T17:10:08.834136+00:00,2026-09-22T16:57:12.676853+00:00,-12.9,-0.366,EXPIRED,EXPIRED
BFLY,2026-09-22,DAILY_BASE_BREAKOUT,2026-09-22T15:32:25.848502+00:00,2026-09-22T15:26:02.006371+00:00,-6.4,-0.311,EXPIRED,EXPIRED
BFLY,2026-09-22,OPENING_RANGE_BREAKOUT,2026-09-22T15:32:25.848502+00:00,2026-09-22T15:26:02.006371+00:00,-6.4,-0.311,EXPIRED,EXPIRED
MSTR,2026-09-18,OPENING_RANGE_BREAKOUT,2026-09-18T19:00:53.338123+00:00,2026-09-18T18:48:44.579357+00:00,-12.1,-0.119,EXPIRED,EXPIRED
ABTC,2026-09-18,OPENING_RANGE_BREAKOUT,2026-09-18T18:48:44.579357+00:00,2026-09-18T18:36:05.130773+00:00,-12.7,0.0,EXPIRED,EXPIRED
ABTC,2026-09-18,DAILY_BASE_BREAKOUT,2026-09-18T18:48:44.579357+00:00,2026-09-18T18:36:05.130773+00:00,-12.7,0.0,EXPIRED,EXPIRED
COIN,2026-09-18,OPENING_RANGE_BREAKOUT,2026-09-18T18:36:05.130773+00:00,2026-09-18T18:29:36.957956+00:00,-6.5,-0.039,EXPIRED,EXPIRED
USDE,2026-09-18,OPENING_RANGE_BREAKOUT,2026-09-18T18:23:13.034080+00:00,2026-09-18T18:04:49.656317+00:00,-18.4,-0.708,EXPIRED,EXPIRED
USDE,2026-09-18,DAILY_BASE_BREAKOUT,2026-09-18T18:17:08.423776+00:00,2026-09-18T18:04:49.656317+00:00,-12.3,1.836,EXPIRED,EXPIRED
PPTA,2026-09-18,PREMARKET_GAP,2026-09-18T17:52:37.427619+00:00,,,,EXPIRED,FAILED
FWDI,2026-09-18,OPENING_RANGE_BREAKOUT,2026-09-18T17:39:56.686240+00:00,2026-09-18T17:27:54.630156+00:00,-12.0,-0.017,EXPIRED,EXPIRED
FWDI,2026-09-18,DAILY_BASE_BREAKOUT,2026-09-18T17:39:56.686240+00:00,2026-09-18T17:27:54.630156+00:00,-12.0,-0.017,EXPIRED,EXPIRED
GEMI,2026-09-18,DAILY_BASE_BREAKOUT,2026-09-18T16:44:52.058594+00:00,2026-09-18T16:50:49.777231+00:00,6.0,1.231,EXPIRED,EXPIRED
GEMI,2026-09-18,OPENING_RANGE_BREAKOUT,2026-09-18T15:55:45.666790+00:00,2026-09-18T15:43:23.153284+00:00,-12.4,-0.101,EXPIRED,EXPIRED
SECZ,2026-09-18,OPENING_RANGE_BREAKOUT,2026-09-18T15:31:00.496965+00:00,2026-09-18T15:25:08.426341+00:00,-5.9,-0.2,EXPIRED,EXPIRED
SECZ,2026-09-18,DAILY_BASE_BREAKOUT,2026-09-18T15:25:08.426341+00:00,2026-09-18T13:46:28.687359+00:00,-98.7,-2.909,EXPIRED,EXPIRED
ASST,2026-09-18,PREMARKET_GAP,2026-09-18T14:12:25.661148+00:00,2026-09-18T14:06:07.085761+00:00,-6.3,-0.66,EXPIRED,EXPIRED
USDE,2026-09-18,PREMARKET_GAP,2026-09-18T14:12:25.661148+00:00,2026-09-18T14:06:07.085761+00:00,-6.3,-1.413,EXPIRED,EXPIRED
PURR,2026-09-18,PREMARKET_GAP,2026-09-18T13:46:28.687359+00:00,2026-09-18T13:39:06.161066+00:00,-7.4,-1.1,EXPIRED,EXPIRED
BNC,2026-09-18,PREMARKET_GAP,2026-09-18T13:46:28.687359+00:00,2026-09-18T13:39:06.161066+00:00,-7.4,-0.336,EXPIRED,EXPIRED
SECZ,2026-09-18,PREMARKET_GAP,2026-09-18T13:46:28.687359+00:00,2026-09-18T13:39:06.161066+00:00,-7.4,-1.584,EXPIRED,EXPIRED
QMCO,2026-09-24,MOMENTUM_SPIKE,2026-09-24T17:04:42.748489+00:00,2026-09-24T16:53:33.309327+00:00,-11.2,-0.581,EXPIRED,EXPIRED
RSKD,2026-09-24,OPENING_RANGE_BREAKOUT,2026-09-24T15:23:35.815748+00:00,2026-09-24T15:12:35.558872+00:00,-11.0,0.0,EXPIRED,EXPIRED
GDDY,2026-09-24,OPENING_RANGE_BREAKOUT,2026-09-24T15:23:35.815748+00:00,2026-09-24T15:07:03.669464+00:00,-16.5,-0.537,EXPIRED,EXPIRED
GLND,2026-09-24,OPENING_RANGE_BREAKOUT,2026-09-24T14:38:57.953026+00:00,2026-09-24T14:21:56.371440+00:00,-17.0,0.002,EXPIRED,EXPIRED
P,2026-09-24,PREMARKET_GAP,2026-09-24T14:13:51.333257+00:00,2026-09-24T14:13:51.333257+00:00,0.0,-1.165,EXPIRED,EXPIRED
SECZ,2026-09-23,OPENING_RANGE_BREAKOUT,2026-09-23T19:44:29.539107+00:00,2026-09-23T19:32:52.285812+00:00,-11.6,0.0,EXPIRED,EXPIRED
MEI,2026-09-23,OPENING_RANGE_BREAKOUT,2026-09-23T19:44:29.539107+00:00,2026-09-23T19:38:36.691022+00:00,-5.9,0.059,EXPIRED,EXPIRED
SECZ,2026-09-23,MOMENTUM_SPIKE,2026-09-23T19:44:29.539107+00:00,2026-09-23T19:32:52.285812+00:00,-11.6,0.0,EXPIRED,EXPIRED
ACMR,2026-09-23,OPENING_RANGE_BREAKOUT,2026-09-23T19:03:05.005838+00:00,2026-09-23T18:51:17.864071+00:00,-11.8,-0.13,EXPIRED,EXPIRED
FSLY,2026-09-23,OPENING_RANGE_BREAKOUT,2026-09-23T18:31:58.969120+00:00,2026-09-23T18:20:15.680183+00:00,-11.7,0.135,EXPIRED,EXPIRED
QMCO,2026-09-23,OPENING_RANGE_BREAKOUT,2026-09-23T16:51:43.425939+00:00,2026-09-23T16:38:38.950730+00:00,-13.1,-0.054,EXPIRED,EXPIRED
QMCO,2026-09-24,OPENING_RANGE_BREAKOUT,2026-09-24T17:04:42.748489+00:00,2026-09-24T16:53:33.309327+00:00,-11.2,-0.581,EXPIRED,EXPIRED
SOFI,2026-09-22,PREMARKET_GAP,2026-09-22T14:01:49.203217+00:00,2026-09-22T14:01:49.203217+00:00,0.0,-0.0,EXPIRED,EXPIRED
SHOP,2026-09-22,PREMARKET_GAP,2026-09-22T14:01:49.203217+00:00,2026-09-22T14:01:49.203217+00:00,0.0,-0.0,EXPIRED,EXPIRED
BB,2026-09-22,PREMARKET_GAP,2026-09-22T14:01:49.203217+00:00,2026-09-22T14:01:49.203217+00:00,0.0,0.0,FAILED,FAILED
VKTX,2026-09-22,PREMARKET_GAP,2026-09-22T13:49:02.596066+00:00,,,,EXPIRED,WATCHING
USDE,2026-09-22,PREMARKET_GAP,2026-09-22T14:01:49.203217+00:00,2026-09-22T14:01:49.203217+00:00,0.0,0.0,EXPIRED,EXPIRED
VICR,2026-09-22,PREMARKET_GAP,2026-09-22T13:49:02.596066+00:00,2026-09-22T13:42:05.018101+00:00,-7.0,0.536,EXPIRED,EXPIRED
NICE,2026-09-21,DAILY_BASE_BREAKOUT,2026-09-21T19:58:15.765888+00:00,2026-09-21T19:51:44.158162+00:00,-6.5,-0.247,EXPIRED,EXPIRED
NICE,2026-09-21,OPENING_RANGE_BREAKOUT,2026-09-21T19:58:15.765888+00:00,2026-09-21T19:51:44.158162+00:00,-6.5,-0.247,EXPIRED,EXPIRED
AMD,2026-09-21,OPENING_RANGE_BREAKOUT,2026-09-21T19:37:00.780064+00:00,2026-09-21T19:24:14.291040+00:00,-12.8,-0.219,EXPIRED,EXPIRED
GRPN,2026-09-21,OPENING_RANGE_BREAKOUT,2026-09-21T19:37:00.780064+00:00,2026-09-21T19:30:37.981463+00:00,-6.4,-0.482,EXPIRED,EXPIRED
AMD,2026-09-21,DAILY_BASE_BREAKOUT,2026-09-21T19:37:00.780064+00:00,2026-09-21T19:24:14.291040+00:00,-12.8,-0.219,EXPIRED,EXPIRED
GRPN,2026-09-21,DAILY_BASE_BREAKOUT,2026-09-21T19:37:00.780064+00:00,2026-09-21T19:30:37.981463+00:00,-6.4,-0.482,EXPIRED,EXPIRED
NUAI,2026-09-21,OPENING_RANGE_BREAKOUT,2026-09-21T18:54:32.622453+00:00,2026-09-21T18:54:32.622453+00:00,0.0,0.0,EXPIRED,EXPIRED
AMRX,2026-09-21,DAILY_BASE_BREAKOUT,2026-09-21T18:46:40.746972+00:00,2026-09-21T18:40:35.207785+00:00,-6.1,0.341,EXPIRED,EXPIRED
AMRX,2026-09-21,OPENING_RANGE_BREAKOUT,2026-09-21T18:46:40.746972+00:00,2026-09-21T18:40:35.207785+00:00,-6.1,0.341,EXPIRED,EXPIRED
META,2026-09-21,OPENING_RANGE_BREAKOUT,2026-09-21T18:20:48.497227+00:00,2026-09-21T18:07:47.389493+00:00,-13.0,0.024,EXPIRED,EXPIRED
WOR,2026-09-23,DAILY_BASE_BREAKOUT,2026-09-23T15:16:26.581465+00:00,2026-09-23T15:10:26.778083+00:00,-6.0,-0.147,EXPIRED,EXPIRED
BFLY,2026-09-22,PREMARKET_GAP,2026-09-22T13:49:02.596066+00:00,2026-09-22T13:42:05.018101+00:00,-7.0,-0.344,EXPIRED,EXPIRED
VKTX,2026-09-22,DAILY_BASE_BREAKOUT,2026-09-22T13:49:02.596066+00:00,2026-09-22T13:42:05.018101+00:00,-7.0,5.335,EXPIRED,EXPIRED
GLND,2026-09-25,OPENING_RANGE_BREAKOUT,2026-09-25T16:00:48.661440+00:00,,,,RETESTING,
ARM,2026-09-25,PREMARKET_GAP,2026-09-25T14:11:38.110199+00:00,2026-09-25T14:05:44.687394+00:00,-5.9,-0.236,HOLDING,HOLDING
USDE,2026-09-25,PREMARKET_GAP,2026-09-25T14:11:38.110199+00:00,2026-09-25T14:05:44.687394+00:00,-5.9,-2.116,HOLDING,HOLDING
AKAM,2026-09-25,PREMARKET_GAP,2026-09-25T14:11:38.110199+00:00,2026-09-25T14:05:44.687394+00:00,-5.9,-0.758,RETESTING,RETESTING
PL,2026-09-25,PREMARKET_GAP,2026-09-25T14:11:38.110199+00:00,,,,HOLDING,
PPLI,2026-09-25,PREMARKET_GAP,2026-09-25T14:11:38.110199+00:00,2026-09-25T14:05:44.687394+00:00,-5.9,-0.548,RETESTING,RETESTING
WTTR,2026-09-25,PREMARKET_GAP,2026-09-25T13:54:01.897157+00:00,2026-09-25T13:42:05.166697+00:00,-11.9,0.0,RETESTING,RETESTING
PUBM,2026-09-24,OPENING_RANGE_BREAKOUT,2026-09-24T19:49:16.650793+00:00,2026-09-24T19:43:34.858570+00:00,-5.7,-0.807,EXPIRED,EXPIRED
GRAL,2026-09-24,OPENING_RANGE_BREAKOUT,2026-09-24T19:37:36.731009+00:00,2026-09-24T19:20:11.036757+00:00,-17.4,-0.198,EXPIRED,EXPIRED
CDNA,2026-09-24,OPENING_RANGE_BREAKOUT,2026-09-24T19:31:44.544883+00:00,2026-09-24T19:20:11.036757+00:00,-11.6,0.225,EXPIRED,EXPIRED
IONQ,2026-09-24,OPENING_RANGE_BREAKOUT,2026-09-24T19:25:53.125748+00:00,2026-09-24T19:14:35.422869+00:00,-11.3,0.135,EXPIRED,EXPIRED
WRBY,2026-09-24,OPENING_RANGE_BREAKOUT,2026-09-24T19:08:58.815445+00:00,2026-09-24T18:52:06.222788+00:00,-16.9,0.547,EXPIRED,EXPIRED
PRGO,2026-09-24,DAILY_BASE_BREAKOUT,2026-09-25T17:04:20.896062+00:00,2026-09-25T16:41:28.701804+00:00,-22.9,-1.143,EXPIRED,EXPIRED
BB,2026-09-24,OPENING_RANGE_BREAKOUT,2026-09-24T17:32:56.411657+00:00,2026-09-24T17:16:06.217995+00:00,-16.8,0.457,EXPIRED,EXPIRED
PRGO,2026-09-24,OPENING_RANGE_BREAKOUT,2026-09-24T17:16:06.217995+00:00,2026-09-24T17:04:42.748489+00:00,-11.4,-0.034,EXPIRED,EXPIRED
SNX,2026-09-23,OPENING_RANGE_BREAKOUT,2026-09-23T18:14:28.094929+00:00,2026-09-23T18:02:36.534436+00:00,-11.9,0.0,FAILED,FAILED
QMCO,2026-09-25,OPENING_RANGE_BREAKOUT,2026-09-25T16:47:16.595618+00:00,2026-09-25T16:35:43.223002+00:00,-11.6,-0.489,HOLDING,HOLDING
PPLI,2026-09-25,OPENING_RANGE_BREAKOUT,2026-09-25T18:50:39.651455+00:00,2026-09-25T18:39:18.905722+00:00,-11.3,-0.012,HOLDING,HOLDING
