ticker,trading_date,origin,replay_triggered_at
SKHY,2026-09-08,DAILY_BASE_BREAKOUT,2026-09-08T13:56:19.757907+00:00
INTC,2026-09-08,PREMARKET_GAP,2026-09-08T14:14:46.098546+00:00
ORCL,2026-09-08,PREMARKET_GAP,2026-09-08T14:14:46.098546+00:00
QBTS,2026-09-08,PREMARKET_GAP,2026-09-08T14:14:46.098546+00:00
IOND,2026-09-08,OPENING_RANGE_BREAKOUT,2026-09-08T16:47:10.707102+00:00
POET,2026-09-08,OPENING_RANGE_BREAKOUT,2026-09-08T17:07:06.711904+00:00
BE,2026-09-08,DAILY_BASE_BREAKOUT,2026-09-08T17:13:58.777183+00:00
BE,2026-09-08,OPENING_RANGE_BREAKOUT,2026-09-08T17:13:58.777183+00:00
MLYS,2026-09-08,OPENING_RANGE_BREAKOUT,2026-09-08T17:51:56.550582+00:00
MLYS,2026-09-08,DAILY_BASE_BREAKOUT,2026-09-08T17:51:56.550582+00:00
LITE,2026-09-08,OPENING_RANGE_BREAKOUT,2026-09-08T18:04:23.853143+00:00
IOND,2026-09-08,MOMENTUM_SPIKE,2026-09-08T18:04:23.853143+00:00
NBIS,2026-09-08,DAILY_BASE_BREAKOUT,2026-09-08T18:10:47.206998+00:00
NBIS,2026-09-08,OPENING_RANGE_BREAKOUT,2026-09-08T18:10:47.206998+00:00
EROC,2026-09-08,OPENING_RANGE_BREAKOUT,2026-09-08T18:10:47.206998+00:00
NRGV,2026-09-08,DAILY_BASE_BREAKOUT,2026-09-08T18:37:04.898672+00:00
NRGV,2026-09-08,OPENING_RANGE_BREAKOUT,2026-09-08T18:37:04.898672+00:00
SECZ,2026-09-08,OPENING_RANGE_BREAKOUT,2026-09-08T19:02:33.294512+00:00
SECZ,2026-09-08,DAILY_BASE_BREAKOUT,2026-09-08T19:08:52.887545+00:00
VIAV,2026-09-08,OPENING_RANGE_BREAKOUT,2026-09-08T19:40:08.894575+00:00
AXTI,2026-09-08,OPENING_RANGE_BREAKOUT,2026-09-08T19:40:08.894575+00:00
FRMI,2026-09-08,OPENING_RANGE_BREAKOUT,2026-09-08T19:46:25.985184+00:00
ALM,2026-09-08,DAILY_BASE_BREAKOUT,2026-09-08T19:52:39.538122+00:00
ALM,2026-09-08,OPENING_RANGE_BREAKOUT,2026-09-08T19:52:39.538122+00:00
FSLY,2026-09-09,DAILY_BASE_BREAKOUT,2026-09-09T13:45:14.422634+00:00
USDE,2026-09-09,PREMARKET_GAP,2026-09-09T14:10:58.476899+00:00
LAC,2026-09-09,PREMARKET_GAP,2026-09-09T14:10:58.476899+00:00
SKHY,2026-09-09,MOMENTUM_SPIKE,2026-09-09T18:53:28.654567+00:00
SEI,2026-09-09,OPENING_RANGE_BREAKOUT,2026-09-09T19:23:46.182558+00:00
AMBQ,2026-09-09,OPENING_RANGE_BREAKOUT,2026-09-09T19:41:49.827614+00:00
BNC,2026-09-10,PREMARKET_GAP,2026-09-10T14:10:29.230455+00:00
TYRA,2026-09-10,OPENING_RANGE_BREAKOUT,2026-09-10T18:56:14.435061+00:00
VIST,2026-09-10,OPENING_RANGE_BREAKOUT,2026-09-10T19:20:06.698461+00:00
USDE,2026-09-11,PREMARKET_GAP,2026-09-11T14:13:23.459322+00:00
AEHR,2026-09-11,PREMARKET_GAP,2026-09-11T14:13:23.459322+00:00
BW,2026-09-11,PREMARKET_GAP,2026-09-11T14:13:23.459322+00:00
INSP,2026-09-11,MOMENTUM_SPIKE,2026-09-11T14:31:23.935249+00:00
SWKS,2026-09-11,MOMENTUM_SPIKE,2026-09-11T14:43:58.058280+00:00
QRVO,2026-09-11,MOMENTUM_SPIKE,2026-09-11T14:43:58.058280+00:00
SPSC,2026-09-11,DAILY_BASE_BREAKOUT,2026-09-11T15:39:41.505245+00:00
DSGX,2026-09-11,OPENING_RANGE_BREAKOUT,2026-09-11T19:25:51.552676+00:00
ODD,2026-09-11,OPENING_RANGE_BREAKOUT,2026-09-11T19:49:56.214710+00:00
ODD,2026-09-11,DAILY_BASE_BREAKOUT,2026-09-11T19:49:56.214710+00:00
SWMR,2026-09-11,OPENING_RANGE_BREAKOUT,2026-09-11T19:56:18.721468+00:00
NOW,2026-09-14,PREMARKET_GAP,2026-09-14T13:50:17.867074+00:00
BNC,2026-09-14,PREMARKET_GAP,2026-09-14T14:10:18.619935+00:00
SMMT,2026-09-14,PREMARKET_GAP,2026-09-14T14:10:18.619935+00:00
PANW,2026-09-14,PREMARKET_GAP,2026-09-14T14:10:18.619935+00:00
S,2026-09-14,PREMARKET_GAP,2026-09-14T14:10:18.619935+00:00
RELX,2026-09-14,PREMARKET_GAP,2026-09-14T14:10:18.619935+00:00
ASAN,2026-09-14,PREMARKET_GAP,2026-09-14T14:10:18.619935+00:00
BNTX,2026-09-14,PREMARKET_GAP,2026-09-14T14:10:18.619935+00:00
BSP,2026-09-14,OPENING_RANGE_BREAKOUT,2026-09-14T18:39:11.322882+00:00
BWIN,2026-09-14,OPENING_RANGE_BREAKOUT,2026-09-14T19:24:37.989116+00:00
SDGR,2026-09-14,OPENING_RANGE_BREAKOUT,2026-09-14T19:36:49.547737+00:00
RBLX,2026-09-14,OPENING_RANGE_BREAKOUT,2026-09-14T19:55:11.722540+00:00
S,2026-09-14,OPENING_RANGE_BREAKOUT,2026-09-14T19:55:11.722540+00:00
ECVT,2026-09-15,OPENING_RANGE_BREAKOUT,2026-09-15T19:42:43.034408+00:00
