security_id,provider_symbol,themes,asset_track
NVDA,NVDA,semiconductors|ai_cloud,stock
AMD,AMD,semiconductors,stock
TSM,TSM,semiconductors,stock
AVGO,AVGO,semiconductors,stock
ASML,ASML,semiconductors,stock
MU,MU,semiconductors,stock
INTC,INTC,semiconductors,stock
ARM,ARM,semiconductors,stock
QCOM,QCOM,semiconductors,stock
MRVL,MRVL,semiconductors,stock
TXN,TXN,semiconductors,stock
LRCX,LRCX,semiconductors,stock
KLAC,KLAC,semiconductors,stock
AMAT,AMAT,semiconductors,stock
MSFT,MSFT,software|ai_cloud,stock
ORCL,ORCL,software,stock
CRM,CRM,software,stock
ADBE,ADBE,software,stock
NOW,NOW,software,stock
SNOW,SNOW,software,stock
PLTR,PLTR,software|ai_cloud,stock
PANW,PANW,software,stock
NET,NET,software,stock
CRWD,CRWD,software,stock
DDOG,DDOG,software,stock
MDB,MDB,software,stock
GOOGL,GOOGL,ai_cloud|social_internet,stock
AMZN,AMZN,ai_cloud|retail,stock
META,META,ai_cloud|social_internet,stock
SMCI,SMCI,ai_cloud,stock
ANET,ANET,ai_cloud,stock
DELL,DELL,ai_cloud|consumer_electronics,stock
CRWV,CRWV,ai_cloud,stock
LLY,LLY,biotech,stock
NVO,NVO,biotech,stock
ABBV,ABBV,biotech,stock
AMGN,AMGN,biotech,stock
GILD,GILD,biotech,stock
VRTX,VRTX,biotech,stock
REGN,REGN,biotech,stock
BIIB,BIIB,biotech,stock
MRNA,MRNA,biotech,stock
BNTX,BNTX,biotech,stock
UNH,UNH,healthcare,stock
JNJ,JNJ,healthcare,stock
PFE,PFE,healthcare,stock
MRK,MRK,healthcare,stock
TMO,TMO,healthcare,stock
ABT,ABT,healthcare,stock
DHR,DHR,healthcare,stock
ISRG,ISRG,healthcare,stock
MDT,MDT,healthcare,stock
BMY,BMY,healthcare,stock
AAPL,AAPL,consumer_electronics,stock
SONY,SONY,consumer_electronics,stock
HPQ,HPQ,consumer_electronics,stock
LOGI,LOGI,consumer_electronics,stock
TSLA,TSLA,automotive|ev_supply,stock
RIVN,RIVN,automotive|ev_supply,stock
F,F,automotive,stock
GM,GM,automotive,stock
LCID,LCID,automotive|ev_supply,stock
NIO,NIO,automotive|china_adr,stock
LI,LI,automotive|china_adr,stock
XPEV,XPEV,automotive|china_adr,stock
STLA,STLA,automotive,stock
TM,TM,automotive,stock
ALB,ALB,ev_supply,stock
PLUG,PLUG,ev_supply,stock
BLNK,BLNK,ev_supply,stock
CHPT,CHPT,ev_supply,stock
ENPH,ENPH,ev_supply,stock
FSLR,FSLR,ev_supply,stock
RUN,RUN,ev_supply,stock
JPM,JPM,finance,stock
BAC,BAC,finance,stock
WFC,WFC,finance,stock
C,C,finance,stock
GS,GS,finance,stock
MS,MS,finance,stock
USB,USB,finance,stock
PNC,PNC,finance,stock
TFC,TFC,finance,stock
SCHW,SCHW,finance,stock
V,V,fintech,stock
MA,MA,fintech,stock
PYPL,PYPL,fintech,stock
XYZ,XYZ,fintech,stock
AXP,AXP,fintech,stock
COIN,COIN,fintech|crypto,stock
HOOD,HOOD,fintech,stock
SOFI,SOFI,fintech,stock
AFRM,AFRM,fintech,stock
UPST,UPST,fintech,stock
WMT,WMT,retail,stock
COST,COST,retail,stock
HD,HD,retail,stock
TGT,TGT,retail,stock
LOW,LOW,retail,stock
NKE,NKE,retail,stock
SBUX,SBUX,retail,stock
MCD,MCD,retail,stock
TJX,TJX,retail,stock
LVMUY,LVMUY,luxury,stock
RMS.PA,RMS.PA,luxury,stock
CFRUY,CFRUY,luxury,stock
EL,EL,luxury,stock
TPR,TPR,luxury,stock
RL,RL,luxury,stock
PVH,PVH,luxury,stock
NFLX,NFLX,media_streaming,stock
DIS,DIS,media_streaming,stock
WBD,WBD,media_streaming,stock
PSKY,PSKY,media_streaming,stock
ROKU,ROKU,media_streaming,stock
SPOT,SPOT,media_streaming,stock
FUBO,FUBO,media_streaming,stock
TKO,TKO,media_streaming,stock
SNAP,SNAP,social_internet,stock
PINS,PINS,social_internet,stock
RDDT,RDDT,social_internet,stock
BIDU,BIDU,social_internet|china_adr,stock
BABA,BABA,social_internet|china_adr,stock
PDD,PDD,social_internet|china_adr,stock
XOM,XOM,energy,stock
CVX,CVX,energy,stock
COP,COP,energy,stock
SLB,SLB,energy,stock
EOG,EOG,energy,stock
MPC,MPC,energy,stock
VLO,VLO,energy,stock
PSX,PSX,energy,stock
OXY,OXY,energy,stock
DVN,DVN,energy,stock
NEE,NEE,utilities,stock
DUK,DUK,utilities,stock
SO,SO,utilities,stock
AEP,AEP,utilities,stock
EXC,EXC,utilities,stock
SRE,SRE,utilities,stock
D,D,utilities,stock
PCG,PCG,utilities,stock
VST,VST,utilities,stock
CEG,CEG,utilities,stock
LMT,LMT,defense_aero,stock
RTX,RTX,defense_aero,stock
NOC,NOC,defense_aero,stock
GD,GD,defense_aero,stock
BA,BA,defense_aero,stock
LHX,LHX,defense_aero,stock
TDG,TDG,defense_aero,stock
HEI,HEI,defense_aero,stock
TXT,TXT,defense_aero,stock
DAL,DAL,airlines,stock
UAL,UAL,airlines,stock
AAL,AAL,airlines,stock
LUV,LUV,airlines,stock
ALK,ALK,airlines,stock
JBLU,JBLU,airlines,stock
RYAAY,RYAAY,airlines,stock
CPA,CPA,airlines,stock
PLD,PLD,real_estate,stock
AMT,AMT,real_estate,stock
EQIX,EQIX,real_estate,stock
CCI,CCI,real_estate,stock
SPG,SPG,real_estate,stock
O,O,real_estate,stock
PSA,PSA,real_estate,stock
DLR,DLR,real_estate,stock
WELL,WELL,real_estate,stock
VICI,VICI,real_estate,stock
MARA,MARA,crypto,stock
RIOT,RIOT,crypto,stock
MSTR,MSTR,crypto,stock
HUT,HUT,crypto,stock
CLSK,CLSK,crypto,stock
WULF,WULF,crypto,stock
CIFR,CIFR,crypto,stock
BTBT,BTBT,crypto,stock
JD,JD,china_adr,stock
NTES,NTES,china_adr,stock
TME,TME,china_adr,stock
TAL,TAL,china_adr,stock
BILI,BILI,china_adr,stock
IQ,IQ,china_adr,stock
T,T,telecom,stock
VZ,VZ,telecom,stock
TMUS,TMUS,telecom,stock
CHTR,CHTR,telecom,stock
CMCSA,CMCSA,telecom,stock
VOD,VOD,telecom,stock
AMX,AMX,telecom,stock
CAT,CAT,industrials,stock
DE,DE,industrials,stock
HON,HON,industrials,stock
GE,GE,industrials,stock
MMM,MMM,industrials,stock
UPS,UPS,industrials,stock
FDX,FDX,industrials,stock
EMR,EMR,industrials,stock
ETN,ETN,industrials,stock
ITW,ITW,industrials,stock
SPY,SPY,etfs,etf
QQQ,QQQ,etfs,etf
IWM,IWM,etfs,etf
DIA,DIA,etfs,etf
VTI,VTI,etfs,etf
VOO,VOO,etfs,etf
ARKK,ARKK,etfs,etf
SOXX,SOXX,etfs,etf
XLF,XLF,etfs,etf
XLE,XLE,etfs,etf
GLD,GLD,etfs,etf
TLT,TLT,etfs,etf
